{"_id":"keycode","_rev":"21-be037589808e1ac15116addd4f2f42ab","name":"keycode","description":"Convert between keyboard keycodes and keynames and vice versa.","dist-tags":{"latest":"2.1.1"},"versions":{"0.2.2":{"name":"keycode","repo":"timoxley/keycode","description":"Map of keyboard codes","version":"0.2.2","main":"index.js","directories":{"example":"examples","test":"test"},"scripts":{"test":"mocha test/keycode.js"},"repository":{"type":"git","url":"git://github.com/timoxley/keycode.git"},"author":{"name":"Tim Oxley"},"license":"MIT","bugs":{"url":"https://github.com/timoxley/keycode/issues"},"_id":"keycode@0.2.2","dist":{"shasum":"69a8b1aa88a5ac206f2a7bad6a908373437c7cbd","tarball":"https://registry.npmjs.org/keycode/-/keycode-0.2.2.tgz"},"_from":".","_npmVersion":"1.3.2","_npmUser":{"name":"timoxley","email":"secoif@gmail.com"},"maintainers":[{"name":"timoxley","email":"secoif@gmail.com"}]},"0.2.3":{"name":"keycode","repo":"timoxley/keycode","description":"Map of keyboard codes","version":"0.2.3","main":"index.js","directories":{"example":"examples","test":"test"},"scripts":{"test":"mocha test/keycode.js"},"repository":{"type":"git","url":"git://github.com/timoxley/keycode.git"},"author":{"name":"Tim Oxley"},"license":"MIT","bugs":{"url":"https://github.com/timoxley/keycode/issues"},"_id":"keycode@0.2.3","dist":{"shasum":"fb7f11287653f781e842cfc71735f5d07863ad91","tarball":"https://registry.npmjs.org/keycode/-/keycode-0.2.3.tgz"},"_from":".","_npmVersion":"1.3.2","_npmUser":{"name":"timoxley","email":"secoif@gmail.com"},"maintainers":[{"name":"timoxley","email":"secoif@gmail.com"}]},"0.3.0":{"name":"keycode","repo":"timoxley/keycode","description":"Map of keyboard codes","version":"0.3.0","main":"index.js","directories":{"example":"examples","test":"test"},"scripts":{"test":"mocha test/keycode.js"},"repository":{"type":"git","url":"git://github.com/timoxley/keycode.git"},"author":{"name":"Tim Oxley"},"license":"MIT","bugs":{"url":"https://github.com/timoxley/keycode/issues"},"_id":"keycode@0.3.0","dist":{"shasum":"d2944da65897777d9bb24cae613979405fc24913","tarball":"https://registry.npmjs.org/keycode/-/keycode-0.3.0.tgz"},"_from":".","_npmVersion":"1.3.2","_npmUser":{"name":"timoxley","email":"secoif@gmail.com"},"maintainers":[{"name":"timoxley","email":"secoif@gmail.com"}]},"1.0.0":{"name":"keycode","repo":"timoxley/keycode","description":"Map of keyboard codes","version":"1.0.0","main":"index.js","directories":{"example":"examples","test":"test"},"scripts":{"test":"mocha test/keycode.js"},"repository":{"type":"git","url":"git://github.com/timoxley/keycode.git"},"author":{"name":"Tim Oxley"},"license":"MIT","bugs":{"url":"https://github.com/timoxley/keycode/issues"},"devDependencies":{"mocha":"~1.12.0"},"gitHead":"284e9870bb5906f626dd22b5172f280dfec4ac2b","homepage":"https://github.com/timoxley/keycode","_id":"keycode@1.0.0","_shasum":"7d860a085bbb2d3f36ff4fcb9734b8ef2fa92243","_from":".","_npmVersion":"2.1.1","_nodeVersion":"0.10.32","_npmUser":{"name":"timoxley","email":"secoif@gmail.com"},"maintainers":[{"name":"timoxley","email":"secoif@gmail.com"}],"dist":{"shasum":"7d860a085bbb2d3f36ff4fcb9734b8ef2fa92243","tarball":"https://registry.npmjs.org/keycode/-/keycode-1.0.0.tgz"}},"1.0.1":{"name":"keycode","description":"Map of keyboard codes","version":"1.0.1","main":"index.js","directories":{"example":"examples","test":"test"},"scripts":{"test":"mocha test/keycode.js"},"repository":{"type":"git","url":"git://github.com/timoxley/keycode.git"},"author":{"name":"Tim Oxley"},"license":"MIT","bugs":{"url":"https://github.com/timoxley/keycode/issues"},"devDependencies":{"mocha":"~1.12.0"},"homepage":"https://github.com/timoxley/keycode","dependencies":{},"keywords":[],"gitHead":"2ac43a93086ace949db4e1be1dc3ed9a990f7733","_id":"keycode@1.0.1","_shasum":"6071ee15c68e9f3876cb786ecdcadb648d38f8c7","_from":".","_npmVersion":"2.1.11","_nodeVersion":"0.10.33","_npmUser":{"name":"timoxley","email":"secoif@gmail.com"},"maintainers":[{"name":"timoxley","email":"secoif@gmail.com"}],"dist":{"shasum":"6071ee15c68e9f3876cb786ecdcadb648d38f8c7","tarball":"https://registry.npmjs.org/keycode/-/keycode-1.0.1.tgz"}},"2.0.0":{"name":"keycode","description":"Convert between keyboard keycodes and keynames and vice versa.","version":"2.0.0","main":"index.js","directories":{"example":"examples","test":"test"},"scripts":{"test":"mocha test/keycode.js"},"repository":{"type":"git","url":"git://github.com/timoxley/keycode.git"},"license":"MIT","bugs":{"url":"https://github.com/timoxley/keycode/issues"},"devDependencies":{"mocha":"^2.1.0"},"homepage":"https://github.com/timoxley/keycode","dependencies":{},"keywords":["keyboard","keycode","keyboardevent","ascii","keydown","keyup","metakey","keyname","keypress"],"author":{"name":"Tim Oxley","email":"secoif@gmail.com"},"gitHead":"2b2e45ad8d320b27eb28e3671fc1dd8163dc2a5c","_id":"keycode@2.0.0","_shasum":"b445237438d1a3e794a258b5029bcbfa939b5c80","_from":".","_npmVersion":"2.3.0","_nodeVersion":"0.10.35","_npmUser":{"name":"timoxley","email":"secoif@gmail.com"},"maintainers":[{"name":"timoxley","email":"secoif@gmail.com"}],"dist":{"shasum":"b445237438d1a3e794a258b5029bcbfa939b5c80","tarball":"https://registry.npmjs.org/keycode/-/keycode-2.0.0.tgz"}},"2.1.0":{"name":"keycode","description":"Convert between keyboard keycodes and keynames and vice versa.","version":"2.1.0","main":"index.js","directories":{"example":"examples","test":"test"},"scripts":{"test":"mocha test/keycode.js"},"repository":{"type":"git","url":"git://github.com/timoxley/keycode.git"},"license":"MIT","bugs":{"url":"https://github.com/timoxley/keycode/issues"},"devDependencies":{"mocha":"^2.1.0"},"homepage":"https://github.com/timoxley/keycode","dependencies":{},"keywords":["keyboard","keycode","keyboardevent","ascii","keydown","keyup","metakey","keyname","keypress"],"author":{"name":"Tim Oxley","email":"secoif@gmail.com"},"gitHead":"5d1b4abaadefa6db89cfd6947408f8ea33c60e81","_id":"keycode@2.1.0","_shasum":"a37fd465a77753de3bc2415d1bc2883ccb4a3464","_from":".","_npmVersion":"2.8.3","_nodeVersion":"1.8.1","_npmUser":{"name":"timoxley","email":"secoif@gmail.com"},"maintainers":[{"name":"timoxley","email":"secoif@gmail.com"}],"dist":{"shasum":"a37fd465a77753de3bc2415d1bc2883ccb4a3464","tarball":"https://registry.npmjs.org/keycode/-/keycode-2.1.0.tgz"}},"2.1.1":{"name":"keycode","description":"Convert between keyboard keycodes and keynames and vice versa.","version":"2.1.1","main":"index.js","directories":{"example":"examples","test":"test"},"scripts":{"test":"mocha test/keycode.js"},"repository":{"type":"git","url":"git://github.com/timoxley/keycode.git"},"license":"MIT","bugs":{"url":"https://github.com/timoxley/keycode/issues"},"devDependencies":{"mocha":"^2.4.5"},"homepage":"https://github.com/timoxley/keycode","dependencies":{},"keywords":["keyboard","keycode","keyboardevent","ascii","keydown","keyup","metakey","keyname","keypress"],"author":{"name":"Tim Oxley","email":"secoif@gmail.com"},"gitHead":"91768d981a262038c1ebe2caf5709401a0ef0557","_id":"keycode@2.1.1","_shasum":"d9027a47934756c2b70d1b82b2f74eeccf30f9bc","_from":".","_npmVersion":"2.14.12","_nodeVersion":"4.3.1-rc.2","_npmUser":{"name":"timoxley","email":"secoif@gmail.com"},"maintainers":[{"name":"timoxley","email":"secoif@gmail.com"}],"dist":{"shasum":"d9027a47934756c2b70d1b82b2f74eeccf30f9bc","tarball":"https://registry.npmjs.org/keycode/-/keycode-2.1.1.tgz"},"_npmOperationalInternal":{"host":"packages-13-west.internal.npmjs.com","tmp":"tmp/keycode-2.1.1.tgz_1457142159226_0.7151744919829071"}}},"readme":"# keycode\n\n  Simple map of keyboard codes.\n\n[![Build Status](https://travis-ci.org/timoxley/keycode.png?branch=master)](https://travis-ci.org/timoxley/keycode)\n\n## Installation\n\n#### npm\n\n```sh\n$ npm install keycode\n```\n\n#### component\n```sh\n$ component install timoxley/keycode\n```\n\n## Example\n\n```js\nvar keycode = require('keycode');\ndocument.addEventListener('keydown', function(e) {\n  console.log(\"You pressed\", keycode(e))\n})\n```\n\n## API\n\n`keycode` tries to make an intelligent guess as to what\nyou're trying to discover based on the type of argument\nyou supply.\n\n##keycode(keycode:Event)\n\nReturns the name of the key associated with this event.\n\n```js\ndocument.body.addEventListener('keyup', function(e) {\n  console.log(keycode(e)) // prints name of key\n})\n```\n\n[Due to the keypress event being weird](https://github.com/timoxley/keycode/wiki/wtf%3F-keydown,-keyup-vs-keypress),`keycode `currently does not support the `keypress` event, but this should not be an issue as `keydown` and `keyup` work perfectly fine.\n\n##keycode(keycode:Number)\n\nReturns the lowercase name of a given numeric keycode.\n\n```js\nkeycode(13) // => 'enter'\n```\n\n##keycode(name:String)\n\nReturns the numeric keycode for given key name.\n\n```js\nkeycode('Enter') // => 13\n\n// keycode is not case sensitive\nkeycode('eNtEr') // => 13\n```\n\n### Name Aliases\n\nCommon aliases are also supplied:\n\n```js\n> for (var alias in keycode.aliases) { console.log(alias, keycode(keycode(alias))) }\nctl ctrl\npause pause/break\nbreak pause/break\ncaps caps lock\nescape esc\npgup page up\npgdn page up\nins insert\ndel delete\nspc space\n```\n\n## Maps\n\nKey code/name maps are available directly as `keycode.codes` and `keycode.names` respectively.\n\n```js\nkeycode.names[13] // => 'enter'\nkeycode.codes['Enter'] // => 13\n```\n\n## Credit\n\n```\n project  : keycode\n repo age : 2 years, 4 months\n active   : 19 days\n commits  : 48\n files    : 13\n authors  :\n    26\tTim Oxley        54.2%\n    10\tTim              20.8%\n     4\tjkroso           8.3%\n     3\tAmir Abu Shareb  6.2%\n     1\tTJ Holowaychuk   2.1%\n     1\tNathan Zadoks    2.1%\n     1\tKenan Yildirim   2.1%\n     1\tYoshua Wuyts     2.1%\n     1\tGreg Reimer      2.1%\n```\n\nOriginal key mappings lifted from http://jsfiddle.net/vWx8V/ via http://stackoverflow.com/questions/5603195/full-list-of-javascript-keycodes\n\n## License\n\n[MIT](http://opensource.org/licenses/mit-license.php)\n","maintainers":[{"name":"timoxley","email":"secoif@gmail.com"}],"time":{"modified":"2016-03-05T01:42:40.539Z","created":"2013-08-15T01:39:35.144Z","0.2.2":"2013-08-15T01:39:42.580Z","0.2.3":"2013-08-21T02:39:46.882Z","0.3.0":"2013-08-21T03:12:20.266Z","1.0.0":"2014-09-30T04:31:47.675Z","1.0.1":"2014-12-23T23:00:18.848Z","2.0.0":"2015-02-03T07:30:40.734Z","2.1.0":"2015-05-01T09:51:13.302Z","2.1.1":"2016-03-05T01:42:40.539Z"},"author":{"name":"Tim Oxley","email":"secoif@gmail.com"},"repository":{"type":"git","url":"git://github.com/timoxley/keycode.git"},"homepage":"https://github.com/timoxley/keycode","bugs":{"url":"https://github.com/timoxley/keycode/issues"},"license":"MIT","readmeFilename":"Readme.md","keywords":["keyboard","keycode","keyboardevent","ascii","keydown","keyup","metakey","keyname","keypress"],"users":{"ash":true,"benji.":true,"akiva":true,"9joneg":true,"mwyatt":true},"_attachments":{},"_etag":"\"45J4CVV3HU4YFGX1MIRJSHPKN\""}