{"_id":"loose-envify","_rev":"2-f7918591c748e1828125db8c7510c089","name":"loose-envify","description":"Fast (and loose) selective `process.env` replacer using js-tokens instead of an AST","dist-tags":{"latest":"1.1.0"},"versions":{"1.0.0":{"name":"loose-envify","version":"1.0.0","description":"Fast (and loose) selective `process.env` replacer using js-tokens instead of an AST","keywords":["environment","variables","browserify","browserify-transform","transform","source","configuration"],"homepage":"https://github.com/zertosh/loose-envify","license":"MIT","author":{"name":"Andres Suarez","email":"zertosh@gmail.com"},"repository":{"type":"git","url":"git://github.com/zertosh/loose-envify.git"},"scripts":{"test":"tap test/*.js"},"dependencies":{"js-tokens":"^1.0.1"},"devDependencies":{"browserify":"^11.0.1","envify":"^3.4.0","tap":"^1.4.0"},"gitHead":"93e8785c8b7a1fbf14e01c4b4aed4d102110a328","bugs":{"url":"https://github.com/zertosh/loose-envify/issues"},"_id":"loose-envify@1.0.0","_shasum":"df40073c10a625c178cccb0db23164c0fd058e75","_from":".","_npmVersion":"2.14.3","_nodeVersion":"4.1.0","_npmUser":{"name":"zertosh","email":"zertosh@gmail.com"},"maintainers":[{"name":"zertosh","email":"zertosh@gmail.com"}],"dist":{"shasum":"df40073c10a625c178cccb0db23164c0fd058e75","tarball":"https://registry.npmjs.org/loose-envify/-/loose-envify-1.0.0.tgz"},"directories":{}},"1.1.0":{"name":"loose-envify","version":"1.1.0","description":"Fast (and loose) selective `process.env` replacer using js-tokens instead of an AST","keywords":["environment","variables","browserify","browserify-transform","transform","source","configuration"],"homepage":"https://github.com/zertosh/loose-envify","license":"MIT","author":{"name":"Andres Suarez","email":"zertosh@gmail.com"},"repository":{"type":"git","url":"git://github.com/zertosh/loose-envify.git"},"scripts":{"test":"tap test/*.js"},"dependencies":{"js-tokens":"^1.0.1"},"devDependencies":{"browserify":"^11.0.1","envify":"^3.4.0","tap":"^1.4.0"},"gitHead":"f536f4fdbde317d77827ac8655c6c8473928b9e1","bugs":{"url":"https://github.com/zertosh/loose-envify/issues"},"_id":"loose-envify@1.1.0","_shasum":"527582d62cff4e04da3f9976c7110d3392ec7e0c","_from":".","_npmVersion":"2.14.4","_nodeVersion":"4.1.2","_npmUser":{"name":"zertosh","email":"zertosh@gmail.com"},"maintainers":[{"name":"zertosh","email":"zertosh@gmail.com"}],"dist":{"shasum":"527582d62cff4e04da3f9976c7110d3392ec7e0c","tarball":"https://registry.npmjs.org/loose-envify/-/loose-envify-1.1.0.tgz"},"directories":{}}},"readme":"# loose-envify\n\n[![Build Status](https://travis-ci.org/zertosh/loose-envify.svg?branch=master)](https://travis-ci.org/zertosh/loose-envify)\n\nFast (and loose) selective `process.env` replacer using [js-tokens](https://github.com/lydell/js-tokens) instead of an AST. Works just like [envify](https://github.com/hughsk/envify) but much faster.\n\n## Gotchas\n\n* Doesn't handle broken syntax.\n* Doesn't look inside embedded expressions in template strings.\n  - **this won't work:**\n  ```js\n  console.log(`the current env is ${process.env.NODE_ENV}`);\n  ```\n* Doesn't replace oddly-spaced or oddly-commented expressions.\n  - **this won't work:**\n  ```js\n  console.log(process./*won't*/env./*work*/NODE_ENV);\n  ```\n\n## Usage/Options\n\nloose-envify has the exact same interface as [envify](https://github.com/hughsk/envify).\n\n## Benchmark\n\n```\nenvify:\n\n  $ for i in {1..5}; do node bench/bench.js 'envify'; done\n  708ms\n  727ms\n  791ms\n  719ms\n  720ms\n\nloose-envify:\n\n  $ for i in {1..5}; do node bench/bench.js '../'; done\n  51ms\n  52ms\n  52ms\n  52ms\n  52ms\n```\n","maintainers":[{"name":"zertosh","email":"zertosh@gmail.com"}],"time":{"modified":"2015-10-18T14:42:18.633Z","created":"2015-09-21T04:02:42.524Z","1.0.0":"2015-09-21T04:02:42.524Z","1.1.0":"2015-10-18T14:42:18.633Z"},"homepage":"https://github.com/zertosh/loose-envify","keywords":["environment","variables","browserify","browserify-transform","transform","source","configuration"],"repository":{"type":"git","url":"git://github.com/zertosh/loose-envify.git"},"author":{"name":"Andres Suarez","email":"zertosh@gmail.com"},"bugs":{"url":"https://github.com/zertosh/loose-envify/issues"},"license":"MIT","readmeFilename":"README.md","_attachments":{},"_etag":"\"2L56VY41TJJXRF6O0PIETR3YS\""}