{"_id":"ua-parser-js","_rev":"86-0cc3eb308ccc8b04355a17bba038d24d","name":"ua-parser-js","description":"Lightweight JavaScript-based user-agent string parser","dist-tags":{"latest":"0.7.10"},"versions":{"0.3.0":{"title":"UA-Parser.js","name":"ua-parser-js","version":"0.3.0","author":{"name":"Faisal Salman","email":"fyzlman@gmail.com","url":"http://faisalman.com"},"description":"Lightweight JavaScript-based user-agent parser","keywords":["user-agent","parser","browser","engine","os","device"],"homepage":"http://faisalman.github.com/ua-parser-js","contributors":[{"name":"Faisal Salman","email":"fyzlman@gmail.com"}],"main":"ua-parser","repositories":[{"type":"git","url":"https://github.com/faisalman/ua-parser-js.git"}],"licenses":[{"type":"GPLv2","url":"http://www.gnu.org/licenses/gpl-2.0.html"},{"type":"MIT","url":"http://www.opensource.org/licenses/mit-license.php"}],"engines":{"node":"*"},"directories":{"lib":"."},"files":[""],"repository":"git://github.com/faisalman/ua-parser-js.git","_id":"ua-parser-js@0.3.0","_engineSupported":true,"_npmVersion":"0.2.19","_nodeVersion":"v0.4.9","_defaultsLoaded":true,"dist":{"shasum":"5625ecb6ab14a0bdad563b004000acf4d73d2012","tarball":"https://registry.npmjs.org/ua-parser-js/-/ua-parser-js-0.3.0.tgz"},"maintainers":[{"name":"faisalman","email":"fyzlman@gmail.com"}]},"0.3.1":{"title":"UA-Parser.js","name":"ua-parser-js","version":"0.3.1","author":{"name":"Faisal Salman","email":"fyzlman@gmail.com","url":"http://faisalman.com"},"description":"Lightweight JavaScript-based user-agent string parser","keywords":["user agent","parser","browser","engine","os","device"],"homepage":"http://github.com/faisalman/ua-parser-js","contributors":[{"name":"Faisal Salman","email":"fyzlman@gmail.com"}],"main":"ua-parser","repositories":[{"type":"git","url":"https://github.com/faisalman/ua-parser-js.git"}],"repository":{"type":"git","url":"git://github.com/faisalman/ua-parser-js.git"},"licenses":[{"type":"GPLv2","url":"http://www.gnu.org/licenses/gpl-2.0.html"},{"type":"MIT","url":"http://www.opensource.org/licenses/mit-license.php"}],"engines":{"node":"*"},"directories":{"lib":"."},"files":[""],"_npmUser":{"name":"faisalman","email":"fyzlman@gmail.com"},"_id":"ua-parser-js@0.3.1","dependencies":{},"devDependencies":{},"optionalDependencies":{},"_engineSupported":true,"_npmVersion":"1.1.4","_nodeVersion":"v0.6.12","_defaultsLoaded":true,"dist":{"shasum":"6989d9d92dae89fc842d58b1380a7c00b631aefc","tarball":"https://registry.npmjs.org/ua-parser-js/-/ua-parser-js-0.3.1.tgz"},"maintainers":[{"name":"faisalman","email":"fyzlman@gmail.com"}]},"0.4.0":{"title":"UA-Parser.JS","name":"ua-parser-js","version":"0.4.0","author":{"name":"Faisal Salman","email":"fyzlman@gmail.com","url":"http://faisalman.com"},"description":"Lightweight JavaScript-based user-agent string parser","keywords":["user agent","parser","browser","engine","os","device"],"homepage":"http://github.com/faisalman/ua-parser-js","contributors":[{"name":"Faisal Salman","email":"fyzlman@gmail.com"}],"main":"ua-parser","repositories":[{"type":"git","url":"https://github.com/faisalman/ua-parser-js.git"}],"repository":{"type":"git","url":"git://github.com/faisalman/ua-parser-js.git"},"licenses":[{"type":"GPLv2","url":"http://www.gnu.org/licenses/gpl-2.0.html"},{"type":"MIT","url":"http://www.opensource.org/licenses/mit-license.php"}],"engines":{"node":"*"},"directories":{"lib":"."},"files":[""],"_npmUser":{"name":"faisalman","email":"fyzlman@gmail.com"},"_id":"ua-parser-js@0.4.0","dependencies":{},"devDependencies":{},"optionalDependencies":{},"_engineSupported":true,"_npmVersion":"1.1.4","_nodeVersion":"v0.6.12","_defaultsLoaded":true,"dist":{"shasum":"6a0d6f54780241d00aa61dd9fa7fee5d6fa44b10","tarball":"https://registry.npmjs.org/ua-parser-js/-/ua-parser-js-0.4.0.tgz"},"maintainers":[{"name":"faisalman","email":"fyzlman@gmail.com"}]},"0.4.1":{"title":"UA-Parser.JS","name":"ua-parser-js","version":"0.4.1","author":{"name":"Faisal Salman","email":"fyzlman@gmail.com","url":"http://faisalman.com"},"description":"Lightweight JavaScript-based user-agent string parser","keywords":["user agent","parser","browser","engine","os","device"],"homepage":"http://github.com/faisalman/ua-parser-js","contributors":[{"name":"Faisal Salman","email":"fyzlman@gmail.com"}],"main":"ua-parser","repositories":[{"type":"git","url":"https://github.com/faisalman/ua-parser-js.git"}],"repository":{"type":"git","url":"git://github.com/faisalman/ua-parser-js.git"},"licenses":[{"type":"GPLv2","url":"http://www.gnu.org/licenses/gpl-2.0.html"},{"type":"MIT","url":"http://www.opensource.org/licenses/mit-license.php"}],"engines":{"node":"*"},"directories":{"lib":"."},"files":[""],"_npmUser":{"name":"faisalman","email":"fyzlman@gmail.com"},"_id":"ua-parser-js@0.4.1","dependencies":{},"devDependencies":{},"optionalDependencies":{},"_engineSupported":true,"_npmVersion":"1.1.4","_nodeVersion":"v0.6.12","_defaultsLoaded":true,"dist":{"shasum":"73109774bc5f412732b6b42b3a62854f4bcd42a2","tarball":"https://registry.npmjs.org/ua-parser-js/-/ua-parser-js-0.4.1.tgz"},"maintainers":[{"name":"faisalman","email":"fyzlman@gmail.com"}]},"0.4.3":{"title":"UA-Parser.JS","name":"ua-parser-js","version":"0.4.3","author":{"name":"Faisal Salman","email":"fyzlman@gmail.com","url":"http://faisalman.com"},"description":"Lightweight JavaScript-based user-agent string parser","keywords":["user agent","parser","browser","engine","os","device"],"homepage":"http://github.com/faisalman/ua-parser-js","contributors":[{"name":"Faisal Salman","email":"fyzlman@gmail.com"}],"main":"ua-parser","repositories":[{"type":"git","url":"https://github.com/faisalman/ua-parser-js.git"}],"repository":{"type":"git","url":"git://github.com/faisalman/ua-parser-js.git"},"licenses":[{"type":"GPLv2","url":"http://www.gnu.org/licenses/gpl-2.0.html"},{"type":"MIT","url":"http://www.opensource.org/licenses/mit-license.php"}],"engines":{"node":"*"},"directories":{"lib":"."},"files":[""],"_npmUser":{"name":"faisalman","email":"fyzlman@gmail.com"},"_id":"ua-parser-js@0.4.3","dependencies":{},"devDependencies":{},"optionalDependencies":{},"_engineSupported":true,"_npmVersion":"1.1.4","_nodeVersion":"v0.6.12","_defaultsLoaded":true,"dist":{"shasum":"64706ae506a0339a27e735988f958534ff77f7bc","tarball":"https://registry.npmjs.org/ua-parser-js/-/ua-parser-js-0.4.3.tgz"},"maintainers":[{"name":"faisalman","email":"fyzlman@gmail.com"}]},"0.4.4":{"title":"UA-Parser.JS","name":"ua-parser-js","version":"0.4.4","author":{"name":"Faisal Salman","email":"fyzlman@gmail.com","url":"http://faisalman.com"},"description":"Lightweight JavaScript-based user-agent string parser","keywords":["user agent","parser","browser","engine","os","device"],"homepage":"http://github.com/faisalman/ua-parser-js","contributors":[{"name":"Faisal Salman","email":"fyzlman@gmail.com"}],"main":"ua-parser","repositories":[{"type":"git","url":"https://github.com/faisalman/ua-parser-js.git"}],"repository":{"type":"git","url":"git://github.com/faisalman/ua-parser-js.git"},"licenses":[{"type":"GPLv2","url":"http://www.gnu.org/licenses/gpl-2.0.html"},{"type":"MIT","url":"http://www.opensource.org/licenses/mit-license.php"}],"engines":{"node":"*"},"directories":{"lib":"."},"files":[""],"_npmUser":{"name":"faisalman","email":"fyzlman@gmail.com"},"_id":"ua-parser-js@0.4.4","dependencies":{},"devDependencies":{},"optionalDependencies":{},"_engineSupported":true,"_npmVersion":"1.1.4","_nodeVersion":"v0.6.12","_defaultsLoaded":true,"dist":{"shasum":"ae24adb98af19db10fa23896df0210a4f9450685","tarball":"https://registry.npmjs.org/ua-parser-js/-/ua-parser-js-0.4.4.tgz"},"maintainers":[{"name":"faisalman","email":"fyzlman@gmail.com"}]},"0.4.6":{"title":"UA-Parser.JS","name":"ua-parser-js","version":"0.4.6","author":{"name":"Faisal Salman","email":"fyzlman@gmail.com","url":"http://faisalman.com"},"description":"Lightweight JavaScript-based user-agent string parser","keywords":["user agent","parser","browser","engine","os","device"],"homepage":"http://github.com/faisalman/ua-parser-js","contributors":[{"name":"Faisal Salman","email":"fyzlman@gmail.com"}],"main":"ua-parser","repositories":[{"type":"git","url":"https://github.com/faisalman/ua-parser-js.git"}],"repository":{"type":"git","url":"git://github.com/faisalman/ua-parser-js.git"},"licenses":[{"type":"GPLv2","url":"http://www.gnu.org/licenses/gpl-2.0.html"},{"type":"MIT","url":"http://www.opensource.org/licenses/mit-license.php"}],"engines":{"node":"*"},"directories":{"lib":"."},"files":[""],"_npmUser":{"name":"faisalman","email":"fyzlman@gmail.com"},"_id":"ua-parser-js@0.4.6","dependencies":{},"devDependencies":{},"optionalDependencies":{},"_engineSupported":true,"_npmVersion":"1.1.4","_nodeVersion":"v0.6.12","_defaultsLoaded":true,"dist":{"shasum":"64c4ba59f62b7e47307d1c849b0b9301c364a6a3","tarball":"https://registry.npmjs.org/ua-parser-js/-/ua-parser-js-0.4.6.tgz"},"maintainers":[{"name":"faisalman","email":"fyzlman@gmail.com"}]},"0.4.7":{"title":"UA-Parser.JS","name":"ua-parser-js","version":"0.4.7","author":{"name":"Faisal Salman","email":"fyzlman@gmail.com","url":"http://faisalman.com"},"description":"Lightweight JavaScript-based user-agent string parser","keywords":["user agent","parser","browser","engine","os","device"],"homepage":"http://github.com/faisalman/ua-parser-js","contributors":[{"name":"Faisal Salman","email":"fyzlman@gmail.com"}],"main":"ua-parser","repositories":[{"type":"git","url":"https://github.com/faisalman/ua-parser-js.git"}],"repository":{"type":"git","url":"git://github.com/faisalman/ua-parser-js.git"},"licenses":[{"type":"GPLv2","url":"http://www.gnu.org/licenses/gpl-2.0.html"},{"type":"MIT","url":"http://www.opensource.org/licenses/mit-license.php"}],"engines":{"node":"*"},"directories":{"lib":"."},"files":[""],"_npmUser":{"name":"faisalman","email":"fyzlman@gmail.com"},"_id":"ua-parser-js@0.4.7","dependencies":{},"devDependencies":{},"optionalDependencies":{},"_engineSupported":true,"_npmVersion":"1.1.4","_nodeVersion":"v0.6.12","_defaultsLoaded":true,"dist":{"shasum":"2441f58d0c6304645ca256f8978f0755cb4d4fa8","tarball":"https://registry.npmjs.org/ua-parser-js/-/ua-parser-js-0.4.7.tgz"},"maintainers":[{"name":"faisalman","email":"fyzlman@gmail.com"}]},"0.4.13":{"title":"UA-Parser.JS","name":"ua-parser-js","version":"0.4.13","author":{"name":"Faisal Salman","email":"fyzlman@gmail.com","url":"http://faisalman.com"},"description":"Lightweight JavaScript-based user-agent string parser","keywords":["user agent","parser","browser","engine","os","device"],"homepage":"http://github.com/faisalman/ua-parser-js","contributors":[{"name":"Faisal Salman","email":"fyzlman@gmail.com"}],"main":"ua-parser","scripts":{"test":"./node_modules/mocha/bin/mocha"},"devDependencies":{"mocha":">= 1.7.1"},"repositories":[{"type":"git","url":"https://github.com/faisalman/ua-parser-js.git"}],"repository":{"type":"git","url":"git://github.com/faisalman/ua-parser-js.git"},"licenses":[{"type":"GPLv2","url":"http://www.gnu.org/licenses/gpl-2.0.html"},{"type":"MIT","url":"http://www.opensource.org/licenses/mit-license.php"}],"engines":{"node":"*"},"directories":{"lib":"."},"files":[""],"_npmUser":{"name":"faisalman","email":"fyzlman@gmail.com"},"_id":"ua-parser-js@0.4.13","dependencies":{},"optionalDependencies":{},"_engineSupported":true,"_npmVersion":"1.1.4","_nodeVersion":"v0.6.12","_defaultsLoaded":true,"dist":{"shasum":"a0d4a43ec3b5aa2640c4781182df800f76233948","tarball":"https://registry.npmjs.org/ua-parser-js/-/ua-parser-js-0.4.13.tgz"},"maintainers":[{"name":"faisalman","email":"fyzlman@gmail.com"}]},"0.4.15":{"title":"UA-Parser.JS","name":"ua-parser-js","version":"0.4.15","author":{"name":"Faisal Salman","email":"fyzlman@gmail.com","url":"http://faisalman.com"},"description":"Lightweight JavaScript-based user-agent string parser","keywords":["user agent","parser","browser","engine","os","device"],"homepage":"http://github.com/faisalman/ua-parser-js","contributors":[{"name":"Faisal Salman","email":"fyzlman@gmail.com"}],"main":"ua-parser","scripts":{"test":"./node_modules/mocha/bin/mocha -R spec","pretest":"./node_modules/uglify-js/bin/uglifyjs ua-parser.js > ua-parser.min.js"},"devDependencies":{"mocha":">= 1.7.1","uglify-js":">= 1.3.4"},"repositories":[{"type":"git","url":"https://github.com/faisalman/ua-parser-js.git"}],"repository":{"type":"git","url":"git://github.com/faisalman/ua-parser-js.git"},"licenses":[{"type":"GPLv2","url":"http://www.gnu.org/licenses/gpl-2.0.html"},{"type":"MIT","url":"http://www.opensource.org/licenses/mit-license.php"}],"engines":{"node":"*"},"directories":{"lib":"."},"files":[""],"_npmUser":{"name":"faisalman","email":"fyzlman@gmail.com"},"_id":"ua-parser-js@0.4.15","dependencies":{},"optionalDependencies":{},"_engineSupported":true,"_npmVersion":"1.1.4","_nodeVersion":"v0.6.12","_defaultsLoaded":true,"dist":{"shasum":"9bc366992e489c5e3723ffd5f2d6475905f2095f","tarball":"https://registry.npmjs.org/ua-parser-js/-/ua-parser-js-0.4.15.tgz"},"maintainers":[{"name":"faisalman","email":"fyzlman@gmail.com"}]},"0.5.1":{"title":"UA-Parser.JS","name":"ua-parser-js","version":"0.5.1","author":{"name":"Faisal Salman","email":"fyzlman@gmail.com","url":"http://faisalman.com"},"description":"Lightweight JavaScript-based user-agent string parser","keywords":["user agent","parser","browser","engine","os","device"],"homepage":"http://github.com/faisalman/ua-parser-js","contributors":[{"name":"Faisal Salman","email":"fyzlman@gmail.com"}],"main":"ua-parser","scripts":{"test":"./node_modules/mocha/bin/mocha -R spec","pretest":"./node_modules/uglify-js/bin/uglifyjs ua-parser.js > ua-parser.min.js"},"devDependencies":{"mocha":">= 1.7.1","uglify-js":">= 1.3.4"},"repositories":[{"type":"git","url":"https://github.com/faisalman/ua-parser-js.git"}],"repository":{"type":"git","url":"git://github.com/faisalman/ua-parser-js.git"},"licenses":[{"type":"GPLv2","url":"http://www.gnu.org/licenses/gpl-2.0.html"},{"type":"MIT","url":"http://www.opensource.org/licenses/mit-license.php"}],"engines":{"node":"*"},"directories":{"lib":"."},"files":[""],"_npmUser":{"name":"faisalman","email":"fyzlman@gmail.com"},"_id":"ua-parser-js@0.5.1","dependencies":{},"optionalDependencies":{},"_engineSupported":true,"_npmVersion":"1.1.4","_nodeVersion":"v0.6.12","_defaultsLoaded":true,"dist":{"shasum":"1b80d1a90be5f902c00a70ba44bb57e1ed8c80d6","tarball":"https://registry.npmjs.org/ua-parser-js/-/ua-parser-js-0.5.1.tgz"},"maintainers":[{"name":"faisalman","email":"fyzlman@gmail.com"}]},"0.5.2":{"title":"UA-Parser.JS","name":"ua-parser-js","version":"0.5.2","author":{"name":"Faisal Salman","email":"fyzlman@gmail.com","url":"http://faisalman.com"},"description":"Lightweight JavaScript-based user-agent string parser","keywords":["user agent","parser","browser","engine","os","device"],"homepage":"http://github.com/faisalman/ua-parser-js","contributors":[{"name":"Faisal Salman","email":"fyzlman@gmail.com"}],"main":"ua-parser","scripts":{"test":"./node_modules/mocha/bin/mocha -R spec","pretest":"./node_modules/uglify-js/bin/uglifyjs ua-parser.js > ua-parser.min.js"},"devDependencies":{"mocha":">= 1.7.1","uglify-js":">= 1.3.4"},"repositories":[{"type":"git","url":"https://github.com/faisalman/ua-parser-js.git"}],"repository":{"type":"git","url":"git://github.com/faisalman/ua-parser-js.git"},"licenses":[{"type":"GPLv2","url":"http://www.gnu.org/licenses/gpl-2.0.html"},{"type":"MIT","url":"http://www.opensource.org/licenses/mit-license.php"}],"engines":{"node":"*"},"directories":{"lib":"."},"files":[""],"_npmUser":{"name":"faisalman","email":"fyzlman@gmail.com"},"_id":"ua-parser-js@0.5.2","dependencies":{},"optionalDependencies":{},"_engineSupported":true,"_npmVersion":"1.1.4","_nodeVersion":"v0.6.12","_defaultsLoaded":true,"dist":{"shasum":"e70129d8d13203a721ea43a8c94536f9563b6e6d","tarball":"https://registry.npmjs.org/ua-parser-js/-/ua-parser-js-0.5.2.tgz"},"maintainers":[{"name":"faisalman","email":"fyzlman@gmail.com"}]},"0.5.3":{"title":"UA-Parser.JS","name":"ua-parser-js","version":"0.5.3","author":{"name":"Faisal Salman","email":"fyzlman@gmail.com","url":"http://faisalman.com"},"description":"Lightweight JavaScript-based user-agent string parser","keywords":["user agent","parser","browser","engine","os","device"],"homepage":"http://github.com/faisalman/ua-parser-js","contributors":[{"name":"Faisal Salman","email":"fyzlman@gmail.com"},{"name":"Christopher De Cairos","email":"chris.decairos@gmail.com"},{"name":"John Tantalo","email":"john.tantalo@gmail.com"},{"name":"Lee Treveil","email":"leetreveil@gmail.com"}],"main":"ua-parser","scripts":{"test":"./node_modules/mocha/bin/mocha -R spec","pretest":"./node_modules/uglify-js/bin/uglifyjs ua-parser.js > ua-parser.min.js"},"devDependencies":{"mocha":">= 1.7.1","uglify-js":">= 1.3.4"},"repositories":[{"type":"git","url":"https://github.com/faisalman/ua-parser-js.git"}],"repository":{"type":"git","url":"git://github.com/faisalman/ua-parser-js.git"},"licenses":[{"type":"GPLv2","url":"http://www.gnu.org/licenses/gpl-2.0.html"},{"type":"MIT","url":"http://www.opensource.org/licenses/mit-license.php"}],"engines":{"node":"*"},"directories":{"lib":"."},"files":[""],"_npmUser":{"name":"faisalman","email":"fyzlman@gmail.com"},"_id":"ua-parser-js@0.5.3","dependencies":{},"optionalDependencies":{},"_engineSupported":true,"_npmVersion":"1.1.4","_nodeVersion":"v0.6.12","_defaultsLoaded":true,"dist":{"shasum":"d0fe8b13253af9e06a27090ead03b088b9b43147","tarball":"https://registry.npmjs.org/ua-parser-js/-/ua-parser-js-0.5.3.tgz"},"maintainers":[{"name":"faisalman","email":"fyzlman@gmail.com"}]},"0.5.11":{"title":"UA-Parser.JS","name":"ua-parser-js","version":"0.5.11","author":{"name":"Faisal Salman","email":"fyzlman@gmail.com","url":"http://faisalman.com"},"description":"Lightweight JavaScript-based user-agent string parser","keywords":["user-agent","parser","browser","engine","os","device"],"homepage":"http://github.com/faisalman/ua-parser-js","contributors":[{"name":"Faisal Salman","email":"fyzlman@gmail.com"},{"name":"Christopher De Cairos","email":"chris.decairos@gmail.com"},{"name":"John Tantalo","email":"john.tantalo@gmail.com"},{"name":"Lee Treveil","email":"leetreveil@gmail.com"}],"main":"ua-parser","scripts":{"test":"./node_modules/mocha/bin/mocha -R spec","pretest":"./node_modules/uglify-js/bin/uglifyjs ua-parser.js > ua-parser.min.js"},"devDependencies":{"mocha":">= 1.7.1","uglify-js":">= 1.3.4"},"repositories":[{"type":"git","url":"https://github.com/faisalman/ua-parser-js.git"}],"repository":{"type":"git","url":"git://github.com/faisalman/ua-parser-js.git"},"licenses":[{"type":"GPLv2","url":"http://www.gnu.org/licenses/gpl-2.0.html"},{"type":"MIT","url":"http://www.opensource.org/licenses/mit-license.php"}],"engines":{"node":"*"},"directories":{"lib":"."},"files":[""],"_npmUser":{"name":"faisalman","email":"fyzlman@gmail.com"},"_id":"ua-parser-js@0.5.11","dependencies":{},"optionalDependencies":{},"_engineSupported":true,"_npmVersion":"1.1.4","_nodeVersion":"v0.6.12","_defaultsLoaded":true,"dist":{"shasum":"81cd35530578948b3745d629d2f9e71869b420ee","tarball":"https://registry.npmjs.org/ua-parser-js/-/ua-parser-js-0.5.11.tgz"},"maintainers":[{"name":"faisalman","email":"fyzlman@gmail.com"}]},"0.5.12":{"title":"UA-Parser.JS","name":"ua-parser-js","version":"0.5.12","author":{"name":"Faisal Salman","email":"fyzlman@gmail.com","url":"http://faisalman.com"},"description":"Lightweight JavaScript-based user-agent string parser","keywords":["user-agent","parser","browser","engine","os","device"],"homepage":"http://github.com/faisalman/ua-parser-js","contributors":[{"name":"Faisal Salman","email":"fyzlman@gmail.com"},{"name":"Christopher De Cairos","email":"chris.decairos@gmail.com"},{"name":"John Tantalo","email":"john.tantalo@gmail.com"},{"name":"Jon Buckley","email":"jon@jbuckley.ca"},{"name":"Lee Treveil","email":"leetreveil@gmail.com"}],"main":"ua-parser","scripts":{"test":"./node_modules/mocha/bin/mocha -R spec","pretest":"./node_modules/uglify-js/bin/uglifyjs ua-parser.js > ua-parser.min.js"},"devDependencies":{"mocha":">= 1.7.1","uglify-js":">= 1.3.4"},"repositories":[{"type":"git","url":"https://github.com/faisalman/ua-parser-js.git"}],"repository":{"type":"git","url":"git://github.com/faisalman/ua-parser-js.git"},"licenses":[{"type":"GPLv2","url":"http://www.gnu.org/licenses/gpl-2.0.html"},{"type":"MIT","url":"http://www.opensource.org/licenses/mit-license.php"}],"engines":{"node":"*"},"directories":{"lib":"."},"files":[""],"_npmUser":{"name":"faisalman","email":"fyzlman@gmail.com"},"_id":"ua-parser-js@0.5.12","dependencies":{},"optionalDependencies":{},"_engineSupported":true,"_npmVersion":"1.1.4","_nodeVersion":"v0.6.12","_defaultsLoaded":true,"dist":{"shasum":"0ec2240be9ce9159a275738394603b0d0e983350","tarball":"https://registry.npmjs.org/ua-parser-js/-/ua-parser-js-0.5.12.tgz"},"maintainers":[{"name":"faisalman","email":"fyzlman@gmail.com"}]},"0.5.15":{"title":"UA-Parser.JS","name":"ua-parser-js","version":"0.5.15","author":{"name":"Faisal Salman","email":"fyzlman@gmail.com","url":"http://faisalman.com"},"description":"Lightweight JavaScript-based user-agent string parser","keywords":["user-agent","parser","browser","engine","os","device"],"homepage":"http://github.com/faisalman/ua-parser-js","contributors":[{"name":"Faisal Salman","email":"fyzlman@gmail.com"},{"name":"Christopher De Cairos","email":"chris.decairos@gmail.com"},{"name":"John Tantalo","email":"john.tantalo@gmail.com"},{"name":"Jon Buckley","email":"jon@jbuckley.ca"},{"name":"Lee Treveil","email":"leetreveil@gmail.com"}],"main":"ua-parser","scripts":{"test":"./node_modules/mocha/bin/mocha -R spec","pretest":"./node_modules/uglify-js/bin/uglifyjs ua-parser.js > ua-parser.min.js"},"devDependencies":{"mocha":">= 1.7.1","uglify-js":">= 1.3.4"},"repositories":[{"type":"git","url":"https://github.com/faisalman/ua-parser-js.git"}],"repository":{"type":"git","url":"git://github.com/faisalman/ua-parser-js.git"},"licenses":[{"type":"GPLv2","url":"http://www.gnu.org/licenses/gpl-2.0.html"},{"type":"MIT","url":"http://www.opensource.org/licenses/mit-license.php"}],"engines":{"node":"*"},"directories":{"lib":"."},"files":[""],"_npmUser":{"name":"faisalman","email":"fyzlman@gmail.com"},"_id":"ua-parser-js@0.5.15","dependencies":{},"optionalDependencies":{},"_engineSupported":true,"_npmVersion":"1.1.4","_nodeVersion":"v0.6.12","_defaultsLoaded":true,"dist":{"shasum":"435c26b815745102aaf2fb577b3917e43cd0e0ef","tarball":"https://registry.npmjs.org/ua-parser-js/-/ua-parser-js-0.5.15.tgz"},"maintainers":[{"name":"faisalman","email":"fyzlman@gmail.com"}]},"0.5.20":{"title":"UA-Parser.JS","name":"ua-parser-js","version":"0.5.20","author":{"name":"Faisal Salman","email":"fyzlman@gmail.com","url":"http://faisalman.com"},"description":"Lightweight JavaScript-based user-agent string parser","keywords":["user-agent","parser","browser","engine","os","device"],"homepage":"http://github.com/faisalman/ua-parser-js","contributors":[{"name":"Faisal Salman","email":"fyzlman@gmail.com"},{"name":"Christopher De Cairos","email":"chris.decairos@gmail.com"},{"name":"John Tantalo","email":"john.tantalo@gmail.com"},{"name":"Jon Buckley","email":"jon@jbuckley.ca"},{"name":"Lee Treveil","email":"leetreveil@gmail.com"}],"main":"ua-parser","scripts":{"test":"./node_modules/mocha/bin/mocha -R spec"},"devDependencies":{"jshint":">= 1.1.0","mocha":">= 1.7.1","uglify-js":">= 1.3.4"},"repositories":[{"type":"git","url":"https://github.com/faisalman/ua-parser-js.git"}],"repository":{"type":"git","url":"git://github.com/faisalman/ua-parser-js.git"},"licenses":[{"type":"GPLv2","url":"http://www.gnu.org/licenses/gpl-2.0.html"},{"type":"MIT","url":"http://www.opensource.org/licenses/mit-license.php"}],"engines":{"node":"*"},"directories":{"lib":"src","test":"test"},"files":[""],"_id":"ua-parser-js@0.5.20","dist":{"shasum":"b7dc9e8603c5948e42b3134b08c7d6f1d987f8d9","tarball":"https://registry.npmjs.org/ua-parser-js/-/ua-parser-js-0.5.20.tgz"},"_from":".","_npmVersion":"1.2.14","_npmUser":{"name":"faisalman","email":"fyzlman@gmail.com"},"maintainers":[{"name":"faisalman","email":"fyzlman@gmail.com"}]},"0.5.22":{"title":"UA-Parser.JS","name":"ua-parser-js","version":"0.5.22","author":{"name":"Faisal Salman","email":"fyzlman@gmail.com","url":"http://faisalman.com"},"description":"Lightweight JavaScript-based user-agent string parser","keywords":["user-agent","parser","browser","engine","os","device"],"homepage":"http://github.com/faisalman/ua-parser-js","contributors":[{"name":"Faisal Salman","email":"fyzlman@gmail.com"},{"name":"Christopher De Cairos","email":"chris.decairos@gmail.com"},{"name":"John Tantalo","email":"john.tantalo@gmail.com"},{"name":"Jon Buckley","email":"jon@jbuckley.ca"},{"name":"Lee Treveil","email":"leetreveil@gmail.com"}],"main":"ua-parser","scripts":{"test":"./build/build.sh"},"devDependencies":{"jshint":">= 1.1.0","mocha":">= 1.7.1","uglify-js":">= 1.3.4"},"repositories":[{"type":"git","url":"https://github.com/faisalman/ua-parser-js.git"}],"repository":{"type":"git","url":"git://github.com/faisalman/ua-parser-js.git"},"licenses":[{"type":"GPLv2","url":"http://www.gnu.org/licenses/gpl-2.0.html"},{"type":"MIT","url":"http://www.opensource.org/licenses/mit-license.php"}],"engines":{"node":"*"},"directories":{"lib":"src","test":"test"},"files":[""],"_id":"ua-parser-js@0.5.22","dist":{"shasum":"13b1e88d4b2913464c34c1c089d1e2ebb707f8a0","tarball":"https://registry.npmjs.org/ua-parser-js/-/ua-parser-js-0.5.22.tgz"},"_from":".","_npmVersion":"1.2.14","_npmUser":{"name":"faisalman","email":"fyzlman@gmail.com"},"maintainers":[{"name":"faisalman","email":"fyzlman@gmail.com"}]},"0.5.23":{"title":"UAParser.js","name":"ua-parser-js","version":"0.5.23","author":{"name":"Faisal Salman","email":"fyzlman@gmail.com","url":"http://faisalman.com"},"description":"Lightweight JavaScript-based user-agent string parser","keywords":["user-agent","parser","browser","engine","os","device"],"homepage":"http://github.com/faisalman/ua-parser-js","contributors":[{"name":"Faisal Salman","email":"fyzlman@gmail.com"},{"name":"Christopher De Cairos","email":"chris.decairos@gmail.com"},{"name":"John Tantalo","email":"john.tantalo@gmail.com"},{"name":"Jon Buckley","email":"jon@jbuckley.ca"},{"name":"Lee Treveil","email":"leetreveil@gmail.com"}],"main":"src/ua-parser.js","scripts":{"test":"./build/build.sh"},"devDependencies":{"jshint":">= 1.1.0","mocha":">= 1.7.1","uglify-js":">= 1.3.4"},"repositories":[{"type":"git","url":"https://github.com/faisalman/ua-parser-js.git"}],"repository":{"type":"git","url":"git://github.com/faisalman/ua-parser-js.git"},"licenses":[{"type":"GPLv2","url":"http://www.gnu.org/licenses/gpl-2.0.html"},{"type":"MIT","url":"http://www.opensource.org/licenses/mit-license.php"}],"engines":{"node":"*"},"directories":{"lib":"src","test":"test"},"files":[""],"_id":"ua-parser-js@0.5.23","dist":{"shasum":"7fb55b376026ca73345047b26715e8260217f33e","tarball":"https://registry.npmjs.org/ua-parser-js/-/ua-parser-js-0.5.23.tgz"},"_from":".","_npmVersion":"1.2.14","_npmUser":{"name":"faisalman","email":"fyzlman@gmail.com"},"maintainers":[{"name":"faisalman","email":"fyzlman@gmail.com"}]},"0.5.25":{"title":"UAParser.js","name":"ua-parser-js","version":"0.5.25","author":{"name":"Faisal Salman","email":"fyzlman@gmail.com","url":"http://faisalman.com"},"description":"Lightweight JavaScript-based user-agent string parser","keywords":["user-agent","parser","browser","engine","os","device"],"homepage":"http://github.com/faisalman/ua-parser-js","contributors":[{"name":"Faisal Salman","email":"fyzlman@gmail.com"},{"name":"Christopher De Cairos","email":"chris.decairos@gmail.com"},{"name":"John Tantalo","email":"john.tantalo@gmail.com"},{"name":"Jon Buckley","email":"jon@jbuckley.ca"},{"name":"Lee Treveil","email":"leetreveil@gmail.com"}],"main":"src/ua-parser.js","scripts":{"test":"./build/build.sh"},"devDependencies":{"jshint":">= 1.1.0","mocha":">= 1.7.1","uglify-js":">= 1.3.4"},"repositories":[{"type":"git","url":"https://github.com/faisalman/ua-parser-js.git"}],"repository":{"type":"git","url":"git://github.com/faisalman/ua-parser-js.git"},"licenses":[{"type":"GPLv2","url":"http://www.gnu.org/licenses/gpl-2.0.html"},{"type":"MIT","url":"http://www.opensource.org/licenses/mit-license.php"}],"engines":{"node":"*"},"directories":{"lib":"src","test":"test"},"files":[""],"_id":"ua-parser-js@0.5.25","dist":{"shasum":"ac560a79a1bfbf4c696c492c0863c911f9bb6c16","tarball":"https://registry.npmjs.org/ua-parser-js/-/ua-parser-js-0.5.25.tgz"},"_from":".","_npmVersion":"1.2.14","_npmUser":{"name":"faisalman","email":"fyzlman@gmail.com"},"maintainers":[{"name":"faisalman","email":"fyzlman@gmail.com"}]},"0.5.27":{"title":"UAParser.js","name":"ua-parser-js","version":"0.5.27","author":{"name":"Faisal Salman","email":"fyzlman@gmail.com","url":"http://faisalman.com"},"description":"Lightweight JavaScript-based user-agent string parser","keywords":["user-agent","parser","browser","engine","os","device"],"homepage":"http://github.com/faisalman/ua-parser-js","contributors":[{"name":"Faisal Salman","email":"fyzlman@gmail.com"},{"name":"Christopher De Cairos","email":"chris.decairos@gmail.com"},{"name":"John Tantalo","email":"john.tantalo@gmail.com"},{"name":"Jon Buckley","email":"jon@jbuckley.ca"},{"name":"Lee Treveil","email":"leetreveil@gmail.com"}],"main":"src/ua-parser.js","scripts":{"test":"./build/build.sh"},"devDependencies":{"jshint":">= 1.1.0","mocha":">= 1.7.1","uglify-js":">= 1.3.4"},"repositories":[{"type":"git","url":"https://github.com/faisalman/ua-parser-js.git"}],"repository":{"type":"git","url":"git://github.com/faisalman/ua-parser-js.git"},"licenses":[{"type":"GPLv2","url":"http://www.gnu.org/licenses/gpl-2.0.html"},{"type":"MIT","url":"http://www.opensource.org/licenses/mit-license.php"}],"engines":{"node":"*"},"directories":{"lib":"src","test":"test"},"files":[""],"_id":"ua-parser-js@0.5.27","dist":{"shasum":"ba6fef6cbf4f90284ce073a6302ddf69b8e800c3","tarball":"https://registry.npmjs.org/ua-parser-js/-/ua-parser-js-0.5.27.tgz"},"_from":".","_npmVersion":"1.2.14","_npmUser":{"name":"faisalman","email":"fyzlman@gmail.com"},"maintainers":[{"name":"faisalman","email":"fyzlman@gmail.com"}]},"0.6.0":{"title":"UAParser.js","name":"ua-parser-js","version":"0.6.0","author":{"name":"Faisal Salman","email":"fyzlman@gmail.com","url":"http://faisalman.com"},"description":"Lightweight JavaScript-based user-agent string parser","keywords":["user-agent","parser","browser","engine","os","device"],"homepage":"http://github.com/faisalman/ua-parser-js","contributors":[{"name":"Faisal Salman","email":"fyzlman@gmail.com"},{"name":"Christopher De Cairos","email":"chris.decairos@gmail.com"},{"name":"John Tantalo","email":"john.tantalo@gmail.com"},{"name":"Jon Buckley","email":"jon@jbuckley.ca"},{"name":"Lee Treveil","email":"leetreveil@gmail.com"}],"main":"src/ua-parser.js","scripts":{"test":"./build/build.sh"},"devDependencies":{"jshint":">= 1.1.0","mocha":">= 1.7.1","uglify-js":">= 1.3.4"},"repositories":[{"type":"git","url":"https://github.com/faisalman/ua-parser-js.git"}],"repository":{"type":"git","url":"git://github.com/faisalman/ua-parser-js.git"},"licenses":[{"type":"GPLv2","url":"http://www.gnu.org/licenses/gpl-2.0.html"},{"type":"MIT","url":"http://www.opensource.org/licenses/mit-license.php"}],"engines":{"node":"*"},"directories":{"lib":"src","test":"test"},"files":[""],"_id":"ua-parser-js@0.6.0","dist":{"shasum":"9b7c70336f119b0b6275c581f13cd647275fafa6","tarball":"https://registry.npmjs.org/ua-parser-js/-/ua-parser-js-0.6.0.tgz"},"_from":".","_npmVersion":"1.2.15","_npmUser":{"name":"faisalman","email":"fyzlman@gmail.com"},"maintainers":[{"name":"faisalman","email":"fyzlman@gmail.com"}]},"0.6.2":{"title":"UAParser.js","name":"ua-parser-js","version":"0.6.2","author":{"name":"Faisal Salman","email":"fyzlman@gmail.com","url":"http://faisalman.com"},"description":"Lightweight JavaScript-based user-agent string parser","keywords":["user-agent","parser","browser","engine","os","device","cpu"],"homepage":"http://github.com/faisalman/ua-parser-js","contributors":[{"name":"Faisal Salman","email":"fyzlman@gmail.com"},{"name":"Christopher De Cairos","email":"chris.decairos@gmail.com"},{"name":"John Tantalo","email":"john.tantalo@gmail.com"},{"name":"Jon Buckley","email":"jon@jbuckley.ca"},{"name":"Lee Treveil","email":"leetreveil@gmail.com"}],"main":"src/ua-parser.js","scripts":{"test":"./build/build.sh"},"devDependencies":{"jshint":">= 1.1.0","mocha":">= 1.7.1","uglify-js":">= 1.3.4"},"repository":{"type":"git","url":"git://github.com/faisalman/ua-parser-js.git"},"licenses":[{"type":"GPLv2","url":"http://www.gnu.org/licenses/gpl-2.0.html"},{"type":"MIT","url":"http://www.opensource.org/licenses/mit-license.php"}],"engines":{"node":"*"},"directories":{"lib":"src","test":"test"},"files":[""],"bugs":{"url":"https://github.com/faisalman/ua-parser-js/issues"},"_id":"ua-parser-js@0.6.2","dist":{"shasum":"6faae855a0ee896b8713fc371516f241e3b99063","tarball":"https://registry.npmjs.org/ua-parser-js/-/ua-parser-js-0.6.2.tgz"},"_from":".","_npmVersion":"1.2.25","_npmUser":{"name":"faisalman","email":"fyzlman@gmail.com"},"maintainers":[{"name":"faisalman","email":"fyzlman@gmail.com"}]},"0.7.0":{"title":"UAParser.js","name":"ua-parser-js","version":"0.7.0","author":{"name":"Faisal Salman","email":"fyzlman@gmail.com","url":"http://faisalman.com"},"description":"Lightweight JavaScript-based user-agent string parser","keywords":["user-agent","parser","browser","engine","os","device","cpu"],"homepage":"http://github.com/faisalman/ua-parser-js","contributors":[{"name":"Faisal Salman","email":"fyzlman@gmail.com"},{"name":"Benjamin Bertrand","email":"bertrand.design@gmail.com"},{"name":"Christopher De Cairos","email":"chris.decairos@gmail.com"},{"name":"Davit Barbakadze","email":"jayarjo@gmail.com"},{"name":"Dmitry Tyschenko","email":"dtyschenko@gmail.com"},{"name":"Douglas Li","email":"doug@knotch.it"},{"name":"Erik Hesselink","email":"hesselink@gmail.com"},{"name":"Fabian Becker","email":"halfdan@xnorfz.de"},{"name":"Jackpoll","email":"jackpoll123456@gmail.com"},{"name":"Jake Mc","email":"startswithaj@users.noreply.github.com"},{"name":"John Tantalo","email":"john.tantalo@gmail.com"},{"name":"John Yanarella","email":"jmy@codecatalyst.com"},{"name":"Jon Buckley","email":"jon@jbuckley.ca"},{"name":"Lee Treveil","email":"leetreveil@gmail.com"},{"name":"Leonardo","email":"leofiore@libero.it"},{"name":"Michael Hess","email":"mhess@connectify.me"},{"name":"Ross Noble","email":"rosshnoble@gmail.com"},{"name":"Sandro Sonntag","email":"sandro.sonntag@adorsys.de"}],"main":"src/ua-parser.js","scripts":{"test":"./build/build.sh"},"devDependencies":{"jshint":"~1.1.0","mocha":"~1.7.1","uglify-js":"~1.3.4"},"repository":{"type":"git","url":"https://github.com/faisalman/ua-parser-js.git"},"licenses":[{"type":"GPLv2","url":"http://www.gnu.org/licenses/gpl-2.0.html"},{"type":"MIT","url":"http://www.opensource.org/licenses/mit-license.php"}],"engines":{"node":"*"},"directories":{"lib":"src","test":"test"},"bugs":{"url":"https://github.com/faisalman/ua-parser-js/issues"},"_id":"ua-parser-js@0.7.0","dist":{"shasum":"77320e084938512c24534f5468944da1f2a029fb","tarball":"https://registry.npmjs.org/ua-parser-js/-/ua-parser-js-0.7.0.tgz"},"_from":".","_npmVersion":"1.2.30","_npmUser":{"name":"faisalman","email":"fyzlman@gmail.com"},"maintainers":[{"name":"faisalman","email":"fyzlman@gmail.com"}]},"0.7.1":{"title":"UAParser.js","name":"ua-parser-js","version":"0.7.1","author":{"name":"Faisal Salman","email":"fyzlman@gmail.com","url":"http://faisalman.com"},"description":"Lightweight JavaScript-based user-agent string parser","keywords":["user-agent","parser","browser","engine","os","device","cpu"],"homepage":"http://github.com/faisalman/ua-parser-js","contributors":[{"name":"Faisal Salman","email":"fyzlman@gmail.com"},{"name":"Benjamin Bertrand","email":"bertrand.design@gmail.com"},{"name":"Carl C Von Lewin","email":"carlchristianlewin@gmail.com"},{"name":"Christopher De Cairos","email":"chris.decairos@gmail.com"},{"name":"Davit Barbakadze","email":"jayarjo@gmail.com"},{"name":"Dmitry Tyschenko","email":"dtyschenko@gmail.com"},{"name":"Douglas Li","email":"doug@knotch.it"},{"name":"Dumitru Uzun","email":"duzun@mail.ru"},{"name":"Erik Hesselink","email":"hesselink@gmail.com"},{"name":"Fabian Becker","email":"halfdan@xnorfz.de"},{"name":"Hendrik Helwich","email":"h.helwich@iplabs.de"},{"name":"Jackpoll","email":"jackpoll123456@gmail.com"},{"name":"Jake Mc","email":"startswithaj@users.noreply.github.com"},{"name":"John Tantalo","email":"john.tantalo@gmail.com"},{"name":"John Yanarella","email":"jmy@codecatalyst.com"},{"name":"Jon Buckley","email":"jon@jbuckley.ca"},{"name":"Kendall Buchanan","email":"kendall@kendagriff.com"},{"name":"Lee Treveil","email":"leetreveil@gmail.com"},{"name":"Leonardo","email":"leofiore@libero.it"},{"name":"Max Maurer","email":"maxemanuel.maurer@gmail.com"},{"name":"Michael Hess","email":"mhess@connectify.me"},{"name":"OtakuSiD","email":"otakusid@gmail.com"},{"name":"Ross Noble","email":"rosshnoble@gmail.com"},{"name":"Sandro Sonntag","email":"sandro.sonntag@adorsys.de"}],"main":"src/ua-parser.js","scripts":{"test":"./build/build.sh"},"devDependencies":{"jshint":"~1.1.0","mocha":"~1.7.1","uglify-js":"~1.3.4"},"repository":{"type":"git","url":"https://github.com/faisalman/ua-parser-js.git"},"licenses":[{"type":"GPLv2","url":"http://www.gnu.org/licenses/gpl-2.0.html"},{"type":"MIT","url":"http://www.opensource.org/licenses/mit-license.php"}],"engines":{"node":"*"},"directories":{"lib":"src","test":"test"},"bugs":{"url":"https://github.com/faisalman/ua-parser-js/issues"},"_id":"ua-parser-js@0.7.1","dist":{"shasum":"6be9bb6fc1ac1e747279acc35e32e89e8cfcf00e","tarball":"https://registry.npmjs.org/ua-parser-js/-/ua-parser-js-0.7.1.tgz"},"_from":".","_npmVersion":"1.3.6","_npmUser":{"name":"faisalman","email":"fyzlman@gmail.com"},"maintainers":[{"name":"faisalman","email":"fyzlman@gmail.com"}]},"0.7.3":{"title":"UAParser.js","name":"ua-parser-js","version":"0.7.3","author":{"name":"Faisal Salman","email":"fyzlman@gmail.com","url":"http://faisalman.com"},"description":"Lightweight JavaScript-based user-agent string parser","keywords":["user-agent","parser","browser","engine","os","device","cpu"],"homepage":"http://github.com/faisalman/ua-parser-js","contributors":[{"name":"Faisal Salman","email":"fyzlman@gmail.com"},{"name":"Benjamin Bertrand","email":"bertrand.design@gmail.com"},{"name":"Carl C Von Lewin","email":"carlchristianlewin@gmail.com"},{"name":"Christopher De Cairos","email":"chris.decairos@gmail.com"},{"name":"Davit Barbakadze","email":"jayarjo@gmail.com"},{"name":"Dmitry Tyschenko","email":"dtyschenko@gmail.com"},{"name":"Douglas Li","email":"doug@knotch.it"},{"name":"Dumitru Uzun","email":"duzun@mail.ru"},{"name":"Erik Hesselink","email":"hesselink@gmail.com"},{"name":"Fabian Becker","email":"halfdan@xnorfz.de"},{"name":"Hendrik Helwich","email":"h.helwich@iplabs.de"},{"name":"Jackpoll","email":"jackpoll123456@gmail.com"},{"name":"Jake Mc","email":"startswithaj@users.noreply.github.com"},{"name":"John Tantalo","email":"john.tantalo@gmail.com"},{"name":"John Yanarella","email":"jmy@codecatalyst.com"},{"name":"Jon Buckley","email":"jon@jbuckley.ca"},{"name":"Kendall Buchanan","email":"kendall@kendagriff.com"},{"name":"Lee Treveil","email":"leetreveil@gmail.com"},{"name":"Leonardo","email":"leofiore@libero.it"},{"name":"Max Maurer","email":"maxemanuel.maurer@gmail.com"},{"name":"Michael Hess","email":"mhess@connectify.me"},{"name":"OtakuSiD","email":"otakusid@gmail.com"},{"name":"Ross Noble","email":"rosshnoble@gmail.com"},{"name":"Sandro Sonntag","email":"sandro.sonntag@adorsys.de"}],"main":"src/ua-parser.js","scripts":{"test":"./build/build.sh"},"devDependencies":{"jshint":"~1.1.0","mocha":"~1.8.0","uglify-js":"~1.3.4"},"repository":{"type":"git","url":"https://github.com/faisalman/ua-parser-js.git"},"licenses":[{"type":"GPLv2","url":"http://www.gnu.org/licenses/gpl-2.0.html"},{"type":"MIT","url":"http://www.opensource.org/licenses/mit-license.php"}],"engines":{"node":"*"},"directories":{"dist":"dist","src":"src","test":"test"},"bugs":{"url":"https://github.com/faisalman/ua-parser-js/issues"},"_id":"ua-parser-js@0.7.3","dist":{"shasum":"6db34b980df97257caffa15b7bb048aedbe16aef","tarball":"https://registry.npmjs.org/ua-parser-js/-/ua-parser-js-0.7.3.tgz"},"_from":".","_npmVersion":"1.3.6","_npmUser":{"name":"faisalman","email":"fyzlman@gmail.com"},"maintainers":[{"name":"faisalman","email":"fyzlman@gmail.com"}]},"0.7.4":{"title":"UAParser.js","name":"ua-parser-js","version":"0.7.4","author":{"name":"Faisal Salman","email":"fyzlman@gmail.com","url":"http://faisalman.com"},"description":"Lightweight JavaScript-based user-agent string parser","keywords":["user-agent","parser","browser","engine","os","device","cpu"],"homepage":"http://github.com/faisalman/ua-parser-js","contributors":[{"name":"Faisal Salman","email":"fyzlman@gmail.com"},{"name":"Benjamin Bertrand","email":"bertrand.design@gmail.com"},{"name":"Carl C Von Lewin","email":"carlchristianlewin@gmail.com"},{"name":"Christopher De Cairos","email":"chris.decairos@gmail.com"},{"name":"Davit Barbakadze","email":"jayarjo@gmail.com"},{"name":"Dmitry Tyschenko","email":"dtyschenko@gmail.com"},{"name":"Douglas Li","email":"doug@knotch.it"},{"name":"Dumitru Uzun","email":"duzun@mail.ru"},{"name":"Erik Hesselink","email":"hesselink@gmail.com"},{"name":"Fabian Becker","email":"halfdan@xnorfz.de"},{"name":"Hendrik Helwich","email":"h.helwich@iplabs.de"},{"name":"Jackpoll","email":"jackpoll123456@gmail.com"},{"name":"Jake Mc","email":"startswithaj@users.noreply.github.com"},{"name":"John Tantalo","email":"john.tantalo@gmail.com"},{"name":"John Yanarella","email":"jmy@codecatalyst.com"},{"name":"Jon Buckley","email":"jon@jbuckley.ca"},{"name":"Kendall Buchanan","email":"kendall@kendagriff.com"},{"name":"Lee Treveil","email":"leetreveil@gmail.com"},{"name":"Leonardo","email":"leofiore@libero.it"},{"name":"Max Maurer","email":"maxemanuel.maurer@gmail.com"},{"name":"Michael Hess","email":"mhess@connectify.me"},{"name":"OtakuSiD","email":"otakusid@gmail.com"},{"name":"Ross Noble","email":"rosshnoble@gmail.com"},{"name":"Sandro Sonntag","email":"sandro.sonntag@adorsys.de"}],"main":"src/ua-parser.js","scripts":{"test":"./build/build.sh"},"devDependencies":{"jshint":"~1.1.0","mocha":"~1.8.0","uglify-js":"~1.3.4"},"repository":{"type":"git","url":"https://github.com/faisalman/ua-parser-js.git"},"licenses":[{"type":"GPLv2","url":"http://www.gnu.org/licenses/gpl-2.0.html"},{"type":"MIT","url":"http://www.opensource.org/licenses/mit-license.php"}],"engines":{"node":"*"},"directories":{"dist":"dist","src":"src","test":"test"},"gitHead":"fa6f8de25f613fbae46683fd5283ac1b70db8731","bugs":{"url":"https://github.com/faisalman/ua-parser-js/issues"},"_id":"ua-parser-js@0.7.4","_shasum":"9a5549edd833f1b41f7862dd7ec44a3ff750e3e6","_from":".","_npmVersion":"2.7.5","_nodeVersion":"0.10.25","_npmUser":{"name":"faisalman","email":"fyzlman@gmail.com"},"maintainers":[{"name":"faisalman","email":"fyzlman@gmail.com"}],"dist":{"shasum":"9a5549edd833f1b41f7862dd7ec44a3ff750e3e6","tarball":"https://registry.npmjs.org/ua-parser-js/-/ua-parser-js-0.7.4.tgz"}},"0.7.6":{"title":"UAParser.js","name":"ua-parser-js","version":"0.7.6","author":{"name":"Faisal Salman","email":"fyzlman@gmail.com","url":"http://faisalman.com"},"description":"Lightweight JavaScript-based user-agent string parser","keywords":["user-agent","parser","browser","engine","os","device","cpu"],"homepage":"http://github.com/faisalman/ua-parser-js","contributors":[{"name":"Faisal Salman","email":"fyzlman@gmail.com"},{"name":"Benjamin Bertrand","email":"bertrand.design@gmail.com"},{"name":"Carl C Von Lewin","email":"carlchristianlewin@gmail.com"},{"name":"Christopher De Cairos","email":"chris.decairos@gmail.com"},{"name":"Davit Barbakadze","email":"jayarjo@gmail.com"},{"name":"Dmitry Tyschenko","email":"dtyschenko@gmail.com"},{"name":"Douglas Li","email":"doug@knotch.it"},{"name":"Dumitru Uzun","email":"duzun@mail.ru"},{"name":"Erik Hesselink","email":"hesselink@gmail.com"},{"name":"Fabian Becker","email":"halfdan@xnorfz.de"},{"name":"Hendrik Helwich","email":"h.helwich@iplabs.de"},{"name":"Jackpoll","email":"jackpoll123456@gmail.com"},{"name":"Jake Mc","email":"startswithaj@users.noreply.github.com"},{"name":"John Tantalo","email":"john.tantalo@gmail.com"},{"name":"John Yanarella","email":"jmy@codecatalyst.com"},{"name":"Jon Buckley","email":"jon@jbuckley.ca"},{"name":"Kendall Buchanan","email":"kendall@kendagriff.com"},{"name":"Lee Treveil","email":"leetreveil@gmail.com"},{"name":"Leonardo","email":"leofiore@libero.it"},{"name":"Max Maurer","email":"maxemanuel.maurer@gmail.com"},{"name":"Michael Hess","email":"mhess@connectify.me"},{"name":"OtakuSiD","email":"otakusid@gmail.com"},{"name":"Ross Noble","email":"rosshnoble@gmail.com"},{"name":"Sandro Sonntag","email":"sandro.sonntag@adorsys.de"}],"main":"src/ua-parser.js","scripts":{"test":"./build/build.sh"},"devDependencies":{"jshint":"~1.1.0","mocha":"~1.8.0","uglify-js":"~1.3.4"},"repository":{"type":"git","url":"https://github.com/faisalman/ua-parser-js.git"},"licenses":[{"type":"GPLv2","url":"http://www.gnu.org/licenses/gpl-2.0.html"},{"type":"MIT","url":"http://www.opensource.org/licenses/mit-license.php"}],"engines":{"node":"*"},"directories":{"dist":"dist","src":"src","test":"test"},"gitHead":"3d2d8d5d84ba4e9f5436e7bdd1bf15f965ed8c13","bugs":{"url":"https://github.com/faisalman/ua-parser-js/issues"},"_id":"ua-parser-js@0.7.6","_shasum":"e503bab4e5268a9bb0f4a1481e4f896cc5aaffc5","_from":".","_npmVersion":"2.7.5","_nodeVersion":"0.10.25","_npmUser":{"name":"faisalman","email":"fyzlman@gmail.com"},"maintainers":[{"name":"faisalman","email":"fyzlman@gmail.com"}],"dist":{"shasum":"e503bab4e5268a9bb0f4a1481e4f896cc5aaffc5","tarball":"https://registry.npmjs.org/ua-parser-js/-/ua-parser-js-0.7.6.tgz"}},"0.7.7":{"title":"UAParser.js","name":"ua-parser-js","version":"0.7.7","author":{"name":"Faisal Salman","email":"fyzlman@gmail.com","url":"http://faisalman.com"},"description":"Lightweight JavaScript-based user-agent string parser","keywords":["user-agent","parser","browser","engine","os","device","cpu"],"homepage":"http://github.com/faisalman/ua-parser-js","contributors":[{"name":"Faisal Salman","email":"fyzlman@gmail.com"},{"name":"Benjamin Bertrand","email":"bertrand.design@gmail.com"},{"name":"Carl C Von Lewin","email":"carlchristianlewin@gmail.com"},{"name":"Christopher De Cairos","email":"chris.decairos@gmail.com"},{"name":"Davit Barbakadze","email":"jayarjo@gmail.com"},{"name":"Dmitry Tyschenko","email":"dtyschenko@gmail.com"},{"name":"Douglas Li","email":"doug@knotch.it"},{"name":"Dumitru Uzun","email":"contact@duzun.me"},{"name":"Erik Hesselink","email":"hesselink@gmail.com"},{"name":"Fabian Becker","email":"halfdan@xnorfz.de"},{"name":"Hendrik Helwich","email":"h.helwich@iplabs.de"},{"name":"Jackpoll","email":"jackpoll123456@gmail.com"},{"name":"Jake Mc","email":"startswithaj@users.noreply.github.com"},{"name":"John Tantalo","email":"john.tantalo@gmail.com"},{"name":"John Yanarella","email":"jmy@codecatalyst.com"},{"name":"Jon Buckley","email":"jon@jbuckley.ca"},{"name":"Kendall Buchanan","email":"kendall@kendagriff.com"},{"name":"Lee Treveil","email":"leetreveil@gmail.com"},{"name":"Leonardo","email":"leofiore@libero.it"},{"name":"Max Maurer","email":"maxemanuel.maurer@gmail.com"},{"name":"Michael Hess","email":"mhess@connectify.me"},{"name":"OtakuSiD","email":"otakusid@gmail.com"},{"name":"Ross Noble","email":"rosshnoble@gmail.com"},{"name":"Sandro Sonntag","email":"sandro.sonntag@adorsys.de"}],"main":"src/ua-parser.js","scripts":{"test":"./build/build.sh","verup":"node ./build/verup.js"},"devDependencies":{"jshint":"~1.1.0","mocha":"~1.8.0","uglify-js":"~1.3.4"},"repository":{"type":"git","url":"https://github.com/faisalman/ua-parser-js.git"},"licenses":[{"type":"GPLv2","url":"http://www.gnu.org/licenses/gpl-2.0.html"},{"type":"MIT","url":"http://www.opensource.org/licenses/mit-license.php"}],"engines":{"node":"*"},"directories":{"dist":"dist","src":"src","test":"test"},"gitHead":"1fa7137f1f311043ccf65bb94ffc5ce5f273f77f","bugs":{"url":"https://github.com/faisalman/ua-parser-js/issues"},"_id":"ua-parser-js@0.7.7","_shasum":"705554cc7e8ebfdd6ec755aad1382d19a8b8c8ae","_from":".","_npmVersion":"2.7.5","_nodeVersion":"0.10.25","_npmUser":{"name":"faisalman","email":"fyzlman@gmail.com"},"maintainers":[{"name":"faisalman","email":"fyzlman@gmail.com"}],"dist":{"shasum":"705554cc7e8ebfdd6ec755aad1382d19a8b8c8ae","tarball":"https://registry.npmjs.org/ua-parser-js/-/ua-parser-js-0.7.7.tgz"}},"0.7.9":{"title":"UAParser.js","name":"ua-parser-js","version":"0.7.9","author":{"name":"Faisal Salman","email":"fyzlman@gmail.com","url":"http://faisalman.com"},"description":"Lightweight JavaScript-based user-agent string parser","keywords":["user-agent","parser","browser","engine","os","device","cpu"],"homepage":"http://github.com/faisalman/ua-parser-js","contributors":[{"name":"Faisal Salman","email":"fyzlman@gmail.com"},{"name":"Benjamin Bertrand","email":"bertrand.design@gmail.com"},{"name":"Carl C Von Lewin","email":"carlchristianlewin@gmail.com"},{"name":"Christopher De Cairos","email":"chris.decairos@gmail.com"},{"name":"Davit Barbakadze","email":"jayarjo@gmail.com"},{"name":"Dmitry Tyschenko","email":"dtyschenko@gmail.com"},{"name":"Douglas Li","email":"doug@knotch.it"},{"name":"Dumitru Uzun","email":"contact@duzun.me"},{"name":"Erik Hesselink","email":"hesselink@gmail.com"},{"name":"Fabian Becker","email":"halfdan@xnorfz.de"},{"name":"Hendrik Helwich","email":"h.helwich@iplabs.de"},{"name":"Jackpoll","email":"jackpoll123456@gmail.com"},{"name":"Jake Mc","email":"startswithaj@users.noreply.github.com"},{"name":"John Tantalo","email":"john.tantalo@gmail.com"},{"name":"John Yanarella","email":"jmy@codecatalyst.com"},{"name":"Jon Buckley","email":"jon@jbuckley.ca"},{"name":"Kendall Buchanan","email":"kendall@kendagriff.com"},{"name":"Lee Treveil","email":"leetreveil@gmail.com"},{"name":"Leonardo","email":"leofiore@libero.it"},{"name":"Max Maurer","email":"maxemanuel.maurer@gmail.com"},{"name":"Michael Hess","email":"mhess@connectify.me"},{"name":"OtakuSiD","email":"otakusid@gmail.com"},{"name":"Ross Noble","email":"rosshnoble@gmail.com"},{"name":"Sandro Sonntag","email":"sandro.sonntag@adorsys.de"}],"main":"src/ua-parser.js","scripts":{"build":"uglifyjs src/ua-parser.js > dist/ua-parser.min.js --comments '/UAParser\\.js/' && uglifyjs src/ua-parser.js > dist/ua-parser.pack.js --comments '/UAParser\\.js/' --compress --mangle","test":"jshint src/ua-parser.js && mocha -R nyan test/test.js","verup":"node ./node_modules/verup","version":"node ./node_modules/verup 0"},"verup":{"files":["ua-parser-js.jquery.json","component.json","bower.json","package.js","src/ua-parser.js"],"regs":["^((?:\\$|(\\s*\\*\\s*@)|(\\s*(?:var|,)?\\s+))(?:LIBVERSION|version)[\\s\\:='\"]+)([0-9]+(?:\\.[0-9]+){2,2})","^(\\s?\\*.*v)([0-9]+(?:\\.[0-9]+){2,2})"]},"devDependencies":{"jshint":"~1.1.0","mocha":"~1.8.0","uglify-js":"~1.3.4","verup":"^1.3.x"},"repository":{"type":"git","url":"https://github.com/faisalman/ua-parser-js.git"},"licenses":[{"type":"GPLv2","url":"http://www.gnu.org/licenses/gpl-2.0.html"},{"type":"MIT","url":"http://www.opensource.org/licenses/mit-license.php"}],"engines":{"node":"*"},"directories":{"dist":"dist","src":"src","test":"test"},"gitHead":"992e829643bd190fdae74012f6236a4e1fe27a7d","bugs":{"url":"https://github.com/faisalman/ua-parser-js/issues"},"_id":"ua-parser-js@0.7.9","_shasum":"4d70d68f353923765d775bfd84b23028b4e11ed5","_from":".","_npmVersion":"2.7.5","_nodeVersion":"0.10.25","_npmUser":{"name":"faisalman","email":"fyzlman@gmail.com"},"maintainers":[{"name":"faisalman","email":"fyzlman@gmail.com"}],"dist":{"shasum":"4d70d68f353923765d775bfd84b23028b4e11ed5","tarball":"https://registry.npmjs.org/ua-parser-js/-/ua-parser-js-0.7.9.tgz"}},"0.7.10":{"title":"UAParser.js","name":"ua-parser-js","version":"0.7.10","author":{"name":"Faisal Salman","email":"fyzlman@gmail.com","url":"http://faisalman.com"},"description":"Lightweight JavaScript-based user-agent string parser","keywords":["user-agent","parser","browser","engine","os","device","cpu"],"homepage":"http://github.com/faisalman/ua-parser-js","contributors":[{"name":"Faisal Salman","email":"fyzlman@gmail.com"},{"name":"Benjamin Bertrand","email":"bertrand.design@gmail.com"},{"name":"Carl C Von Lewin","email":"carlchristianlewin@gmail.com"},{"name":"Christopher De Cairos","email":"chris.decairos@gmail.com"},{"name":"Davit Barbakadze","email":"jayarjo@gmail.com"},{"name":"Dmitry Tyschenko","email":"dtyschenko@gmail.com"},{"name":"Douglas Li","email":"doug@knotch.it"},{"name":"Dumitru Uzun","email":"contact@duzun.me"},{"name":"Erik Hesselink","email":"hesselink@gmail.com"},{"name":"Fabian Becker","email":"halfdan@xnorfz.de"},{"name":"Hendrik Helwich","email":"h.helwich@iplabs.de"},{"name":"Jackpoll","email":"jackpoll123456@gmail.com"},{"name":"Jake Mc","email":"startswithaj@users.noreply.github.com"},{"name":"John Tantalo","email":"john.tantalo@gmail.com"},{"name":"John Yanarella","email":"jmy@codecatalyst.com"},{"name":"Jon Buckley","email":"jon@jbuckley.ca"},{"name":"Kendall Buchanan","email":"kendall@kendagriff.com"},{"name":"Lee Treveil","email":"leetreveil@gmail.com"},{"name":"Leonardo","email":"leofiore@libero.it"},{"name":"Max Maurer","email":"maxemanuel.maurer@gmail.com"},{"name":"Michael Hess","email":"mhess@connectify.me"},{"name":"OtakuSiD","email":"otakusid@gmail.com"},{"name":"Ross Noble","email":"rosshnoble@gmail.com"},{"name":"Sandro Sonntag","email":"sandro.sonntag@adorsys.de"}],"main":"src/ua-parser.js","scripts":{"build":"uglifyjs src/ua-parser.js > dist/ua-parser.min.js --comments '/UAParser\\.js/' && uglifyjs src/ua-parser.js > dist/ua-parser.pack.js --comments '/UAParser\\.js/' --compress --mangle","test":"jshint src/ua-parser.js && mocha -R nyan test/test.js","verup":"node ./node_modules/verup","version":"node ./node_modules/verup 0"},"verup":{"files":["ua-parser-js.jquery.json","component.json","bower.json","package.js","src/ua-parser.js"],"regs":["^((?:\\$|(\\s*\\*\\s*@)|(\\s*(?:var|,)?\\s+))(?:LIBVERSION|version)[\\s\\:='\"]+)([0-9]+(?:\\.[0-9]+){2,2})","^(\\s?\\*.*v)([0-9]+(?:\\.[0-9]+){2,2})"]},"devDependencies":{"jshint":"~1.1.0","mocha":"~1.8.0","uglify-js":"~1.3.4","verup":"^1.3.x"},"repository":{"type":"git","url":"git+https://github.com/faisalman/ua-parser-js.git"},"licenses":[{"type":"GPLv2","url":"http://www.gnu.org/licenses/gpl-2.0.html"},{"type":"MIT","url":"http://www.opensource.org/licenses/mit-license.php"}],"engines":{"node":"*"},"directories":{"dist":"dist","src":"src","test":"test"},"gitHead":"cbba2f5728cd0a590253cb61efe3dce93c466c5d","bugs":{"url":"https://github.com/faisalman/ua-parser-js/issues"},"_id":"ua-parser-js@0.7.10","_shasum":"917559ddcce07cbc09ece7d80495e4c268f4ef9f","_from":".","_npmVersion":"3.3.12","_nodeVersion":"5.1.0","_npmUser":{"name":"faisalman","email":"fyzlman@gmail.com"},"dist":{"shasum":"917559ddcce07cbc09ece7d80495e4c268f4ef9f","tarball":"https://registry.npmjs.org/ua-parser-js/-/ua-parser-js-0.7.10.tgz"},"maintainers":[{"name":"faisalman","email":"fyzlman@gmail.com"}]}},"maintainers":[{"name":"faisalman","email":"fyzlman@gmail.com"}],"time":{"modified":"2015-12-12T12:12:29.429Z","created":"2012-07-28T20:54:42.902Z","0.3.0":"2012-07-28T20:54:44.026Z","0.3.1":"2012-09-10T20:20:00.942Z","0.4.0":"2012-09-14T20:57:54.701Z","0.4.1":"2012-09-17T18:04:46.834Z","0.4.3":"2012-09-21T17:22:56.478Z","0.4.4":"2012-10-22T09:08:22.907Z","0.4.6":"2012-11-02T11:32:02.442Z","0.4.7":"2012-11-06T10:47:25.024Z","0.4.13":"2012-11-28T08:53:08.175Z","0.4.15":"2012-12-05T04:16:44.852Z","0.5.1":"2013-01-25T13:31:43.684Z","0.5.2":"2013-01-28T12:25:58.465Z","0.5.3":"2013-02-05T15:37:01.349Z","0.5.11":"2013-02-07T16:28:17.480Z","0.5.12":"2013-02-15T03:27:50.741Z","0.5.15":"2013-03-05T14:07:51.010Z","0.5.20":"2013-03-16T07:40:04.255Z","0.5.22":"2013-03-20T05:06:21.724Z","0.5.23":"2013-03-20T06:07:12.618Z","0.5.25":"2013-03-22T06:27:07.654Z","0.5.27":"2013-03-26T07:19:53.728Z","0.6.0":"2013-04-04T06:50:31.599Z","0.6.2":"2013-07-04T12:36:10.667Z","0.7.0":"2014-06-25T07:47:33.048Z","0.7.1":"2014-10-19T10:06:38.811Z","0.7.3":"2014-11-09T14:12:36.569Z","0.7.4":"2015-04-06T18:58:58.378Z","0.7.6":"2015-04-14T18:42:32.420Z","0.7.7":"2015-05-01T10:29:49.151Z","0.7.9":"2015-07-18T21:10:26.295Z","0.7.10":"2015-12-12T12:12:29.429Z"},"author":{"name":"Faisal Salman","email":"fyzlman@gmail.com","url":"http://faisalman.com"},"repository":{"type":"git","url":"git+https://github.com/faisalman/ua-parser-js.git"},"users":{"fgribreau":true,"davidcarcamo":true,"jdorfman":true,"roryrjb":true,"yofine":true,"chrisyipw":true,"chengen":true,"joe5yellow":true,"buster":true,"clong365":true,"santihbc":true,"leejefon":true,"ugarz":true,"ahiipsa":true,"themiddleman":true,"anhulife":true,"josmardias":true,"yupmin":true,"justintormey":true,"conantonakos":true},"readme":"# UAParser.js\r\n\r\nLightweight JavaScript-based User-Agent string parser. Supports browser & node.js environment. Also available as jQuery/Zepto plugin, Component/Bower/Meteor package, & RequireJS/AMD module\r\n\r\n[![Build Status](https://travis-ci.org/faisalman/ua-parser-js.svg?branch=master)](https://travis-ci.org/faisalman/ua-parser-js)\r\n[![Flattr this](http://api.flattr.com/button/flattr-badge-large.png)](http://flattr.com/thing/3867907/faisalmanua-parser-js-on-GitHub)\r\n\r\n* Author    : Faisal Salman <<fyzlman@gmail.com>>\r\n* Demo      : http://faisalman.github.io/ua-parser-js\r\n* Source    : https://github.com/faisalman/ua-parser-js\r\n\r\n## Features\r\n\r\nExtract detailed type of web browser, layout engine, operating system, cpu architecture, and device type/model purely from user-agent string with relatively lightweight footprint (~11KB minified / ~4KB gzipped). Written in vanilla js, which means it doesn't depends on any other library.\r\n\r\n![It's over 9000](https://raw.githubusercontent.com/faisalman/ua-parser-js/gh-pages/images/over9000.jpg)\r\n\r\n## Methods\r\n\r\n* `getBrowser()`\r\n    * returns `{ name: '', version: '' }`\r\n\r\n```\r\n# Possible 'browser.name':\r\nAmaya, Android Browser, Arora, Avant, Baidu, Blazer, Bolt, Camino, Chimera, Chrome, \r\nChromium, Comodo Dragon, Conkeror, Dillo, Dolphin, Doris, Edge, Epiphany, Fennec,\r\nFirebird, Firefox, Flock, GoBrowser, iCab, ICE Browser, IceApe, IceCat, IceDragon, \r\nIceweasel, IE [Mobile], Iron, Jasmine, K-Meleon, Konqueror, Kindle, Links, \r\nLunascape, Lynx, Maemo, Maxthon, Midori, Minimo, MIUI Browser, [Mobile] Safari, \r\nMosaic, Mozilla, Netfront, Netscape, NetSurf, Nokia, OmniWeb, Opera [Mini/Mobi/Tablet], \r\nPhantomJS, Phoenix, Polaris, QQBrowser, RockMelt, Silk, Skyfire, SeaMonkey, SlimBrowser,\r\nSwiftfox, Tizen, UCBrowser, Vivaldi, w3m, Yandex\r\n\r\n# 'browser.version' determined dynamically\r\n```\r\n\r\n* `getDevice()`\r\n    * returns `{ model: '', type: '', vendor: '' }` \r\n\r\n```\r\n# Possible 'device.type':\r\nconsole, mobile, tablet, smarttv, wearable, embedded\r\n\r\n# Possible 'device.vendor':\r\nAcer, Alcatel, Amazon, Apple, Archos, Asus, BenQ, BlackBerry, Dell, GeeksPhone, \r\nGoogle, HP, HTC, Huawei, Jolla, Lenovo, LG, Meizu, Microsoft, Motorola, Nexian, \r\nNintendo, Nokia, Nvidia, Ouya, Palm, Panasonic, Polytron, RIM, Samsung, Sharp, \r\nSiemens, Sony-Ericsson, Sprint, Xbox, ZTE\r\n\r\n# 'device.model' determined dynamically\r\n```\r\n\r\n* `getEngine()`\r\n    * returns `{ name: '', version: '' }`\r\n\r\n```\r\n# Possible 'engine.name'\r\nAmaya, EdgeHTML, Gecko, iCab, KHTML, Links, Lynx, NetFront, NetSurf, Presto, \r\nTasman, Trident, w3m, WebKit\r\n\r\n# 'engine.version' determined dynamically\r\n```\r\n\r\n* `getOS()`\r\n    * returns `{ name: '', version: '' }`\r\n\r\n```\r\n# Possible 'os.name'\r\nAIX, Amiga OS, Android, Arch, Bada, BeOS, BlackBerry, CentOS, Chromium OS, Contiki,\r\nFedora, Firefox OS, FreeBSD, Debian, DragonFly, Gentoo, GNU, Haiku, Hurd, iOS, \r\nJoli, Linpus, Linux, Mac OS, Mageia, Mandriva, MeeGo, Minix, Mint, Morph OS, NetBSD, \r\nNintendo, OpenBSD, OpenVMS, OS/2, Palm, PCLinuxOS, Plan9, Playstation, QNX, RedHat, \r\nRIM Tablet OS, RISC OS, Sailfish, Series40, Slackware, Solaris, SUSE, Symbian, Tizen, \r\nUbuntu, UNIX, VectorLinux, WebOS, Windows [Phone/Mobile], Zenwalk\r\n\r\n# 'os.version' determined dynamically\r\n```\r\n\r\n* `getCPU()`\r\n    * returns `{ architecture: '' }`\r\n\r\n```\r\n# Possible 'cpu.architecture'\r\n68k, amd64, arm, arm64, avr, ia32, ia64, irix, irix64, mips, mips64, pa-risc, \r\nppc, sparc, sparc64\r\n```\r\n\r\n* `getResult()`\r\n    * returns `{ ua: '', browser: {}, cpu: {}, device: {}, engine: {}, os: {} }`\r\n\r\n* `getUA()`\r\n    * returns UA string of current instance\r\n\r\n* `setUA(uastring)`\r\n    * set & parse UA string\r\n\r\n## Example\r\n\r\n```html\r\n<!doctype html>\r\n<html>\r\n<head>\r\n<script type=\"text/javascript\" src=\"ua-parser.min.js\"></script>\r\n<script type=\"text/javascript\">\r\n\r\n\tvar parser = new UAParser();\r\n\r\n    // by default it takes ua string from current browser's window.navigator.userAgent\r\n    console.log(parser.getResult());\r\n    /*\r\n        /// this will print an object structured like this:\r\n        {\r\n            ua: \"\",\r\n            browser: {\r\n                name: \"\",\r\n                version: \"\"\r\n            },\r\n            engine: {\r\n                name: \"\",\r\n                version: \"\"\r\n            },\r\n            os: {\r\n                name: \"\",\r\n                version: \"\"\r\n            },\r\n            device: {\r\n                model: \"\",\r\n                type: \"\",\r\n                vendor: \"\"\r\n            },\r\n            cpu: {\r\n                architecture: \"\"\r\n            }\r\n        }\r\n    */\r\n\r\n    // let's test a custom user-agent string as an example\r\n    var uastring = \"Mozilla/5.0 (X11; Linux x86_64) AppleWebKit/535.2 (KHTML, like Gecko) Ubuntu/11.10 Chromium/15.0.874.106 Chrome/15.0.874.106 Safari/535.2\";\r\n    parser.setUA(uastring);\r\n\r\n    var result = parser.getResult();\r\n    // this will also produce the same result (without instantiation):\r\n    // var result = UAParser(uastring);\r\n\r\n    console.log(result.browser);        // {name: \"Chromium\", version: \"15.0.874.106\"}\r\n    console.log(result.device);         // {model: undefined, type: undefined, vendor: undefined}\r\n    console.log(result.os);             // {name: \"Ubuntu\", version: \"11.10\"}\r\n    console.log(result.os.version);     // \"11.10\"\r\n    console.log(result.engine.name);    // \"WebKit\"\r\n    console.log(result.cpu.architecture);   // \"amd64\"\r\n\r\n    // do some other tests\r\n    var uastring2 = \"Mozilla/5.0 (compatible; Konqueror/4.1; OpenBSD) KHTML/4.1.4 (like Gecko)\";\r\n    console.log(parser.setUA(uastring2).getBrowser().name); // \"Konqueror\"\r\n    console.log(parser.getOS());                            // {name: \"OpenBSD\", version: undefined}\r\n    console.log(parser.getEngine());                        // {name: \"KHTML\", version: \"4.1.4\"}\r\n\r\n    var uastring3 = 'Mozilla/5.0 (PlayBook; U; RIM Tablet OS 1.0.0; en-US) AppleWebKit/534.11 (KHTML, like Gecko) Version/7.1.0.7 Safari/534.11';\r\n    console.log(parser.setUA(uastring3).getDevice().model); // \"PlayBook\"\r\n    console.log(parser.getOS())                             // {name: \"RIM Tablet OS\", version: \"1.0.0\"}\r\n    console.log(parser.getBrowser().name);                  // \"Safari\"\r\n\r\n</script>\r\n</head>\r\n<body>\r\n</body>\r\n</html>\r\n```\r\n\r\n### Using node.js\r\n\r\n```sh\r\n$ npm install ua-parser-js\r\n```\r\n\r\n```js\r\nvar http = require('http');\r\nvar parser = require('ua-parser-js');\r\n\r\nhttp.createServer(function (req, res) {\r\n    // get user-agent header\r\n    var ua = parser(req.headers['user-agent']);\r\n    // write the result as response\r\n    res.end(JSON.stringify(ua, null, '  '));\r\n})\r\n.listen(1337, '127.0.0.1');\r\n\r\nconsole.log('Server running at http://127.0.0.1:1337/');\r\n```\r\n\r\n### Using requirejs\r\n\r\n```js\r\nrequire(['ua-parser'], function(UAParser) {\r\n    var parser = new UAParser();\r\n    console.log(parser.getResult());\r\n});\r\n```\r\n\r\n### Using component\r\n\r\n```sh\r\n$ component install faisalman/ua-parser-js\r\n```\r\n\r\n### Using bower\r\n\r\n```sh\r\n$ bower install ua-parser-js\r\n```\r\n\r\n### Using meteor\r\n\r\n```sh\r\n$ meteor add faisalman:ua-parser-js\r\n```\r\n\r\n### Using jQuery/Zepto ($.ua)\r\n\r\nAlthough written in vanilla js (which means it doesn't depends on jQuery), this library will automatically detect if jQuery/Zepto is present and create `$.ua` object based on browser's user-agent (although in case you need, `window.UAParser` constructor is still present). To get/set user-agent you can use: `$.ua.get()` / `$.ua.set(uastring)`. \r\n\r\n```js\r\n// In browser with default user-agent: 'Mozilla/5.0 (Linux; U; Android 2.3.4; en-us; Sprint APA7373KT Build/GRJ22) AppleWebKit/533.1 (KHTML, like Gecko) Version/4.0':\r\n\r\n// Do some tests\r\nconsole.log($.ua.device);           // {vendor: \"HTC\", model: \"Evo Shift 4G\", type: \"mobile\"}\r\nconsole.log($.ua.os);               // {name: \"Android\", version: \"2.3.4\"}\r\nconsole.log($.ua.os.name);          // \"Android\"\r\nconsole.log($.ua.get());            // \"Mozilla/5.0 (Linux; U; Android 2.3.4; en-us; Sprint APA7373KT Build/GRJ22) AppleWebKit/533.1 (KHTML, like Gecko) Version/4.0\"\r\n\r\n// reset to custom user-agent\r\n$.ua.set('Mozilla/5.0 (Linux; U; Android 3.0.1; en-us; Xoom Build/HWI69) AppleWebKit/534.13 (KHTML, like Gecko) Version/4.0 Safari/534.13');\r\n\r\n// Test again\r\nconsole.log($.ua.browser.name);     // \"Safari\"\r\nconsole.log($.ua.engine.name);      // \"Webkit\"\r\nconsole.log($.ua.device);           // {vendor: \"Motorola\", model: \"Xoom\", type: \"tablet\"}\r\nconsole.log(parseInt($.ua.browser.version.split('.')[0], 10));  // 4\r\n```\r\n\r\n### Extending regex patterns\r\n\r\n* `UAParser(uastring[, extensions])`\r\n\r\nPass your own regexes to extend the limited matching rules.\r\n\r\n```js\r\n// Example:\r\nvar uaString = 'ownbrowser/1.3';\r\nvar ownBrowser = [[/(ownbrowser)\\/([\\w\\.]+)/i], [UAParser.BROWSER.NAME, UAParser.BROWSER.VERSION]];\r\nvar parser = new UAParser(uaString, {browser: ownBrowser});\r\nconsole.log(parser.getBrowser());   // {name: \"ownbrowser\", version: \"1.3\"}\r\n```\r\n\r\n## Development\r\n\r\nVerify, test, & minify script\r\n\r\n```sh\r\n$ npm run test\r\n$ npm run build\r\n```\r\n\r\nThen submit a pull request to https://github.com/faisalman/ua-parser-js under `develop` branch.\r\n\r\n\r\n## License\r\n\r\nDual licensed under GPLv2 & MIT\r\n\r\nCopyright © 2012-2015 Faisal Salman <<fyzlman@gmail.com>>\r\n\r\nPermission is hereby granted, free of charge, to any person obtaining a copy of \r\nthis software and associated documentation files (the \"Software\"), to deal in \r\nthe Software without restriction, including without limitation the rights to use, \r\ncopy, modify, merge, publish, distribute, sublicense, and/or sell copies of the \r\nSoftware, and to permit persons to whom the Software is furnished to do so, \r\nsubject to the following conditions:\r\n\r\nThe above copyright notice and this permission notice shall be included in all \r\ncopies or substantial portions of the Software.\r\n","homepage":"http://github.com/faisalman/ua-parser-js","keywords":["user-agent","parser","browser","engine","os","device","cpu"],"contributors":[{"name":"Faisal Salman","email":"fyzlman@gmail.com"},{"name":"Benjamin Bertrand","email":"bertrand.design@gmail.com"},{"name":"Carl C Von Lewin","email":"carlchristianlewin@gmail.com"},{"name":"Christopher De Cairos","email":"chris.decairos@gmail.com"},{"name":"Davit Barbakadze","email":"jayarjo@gmail.com"},{"name":"Dmitry Tyschenko","email":"dtyschenko@gmail.com"},{"name":"Douglas Li","email":"doug@knotch.it"},{"name":"Dumitru Uzun","email":"contact@duzun.me"},{"name":"Erik Hesselink","email":"hesselink@gmail.com"},{"name":"Fabian Becker","email":"halfdan@xnorfz.de"},{"name":"Hendrik Helwich","email":"h.helwich@iplabs.de"},{"name":"Jackpoll","email":"jackpoll123456@gmail.com"},{"name":"Jake Mc","email":"startswithaj@users.noreply.github.com"},{"name":"John Tantalo","email":"john.tantalo@gmail.com"},{"name":"John Yanarella","email":"jmy@codecatalyst.com"},{"name":"Jon Buckley","email":"jon@jbuckley.ca"},{"name":"Kendall Buchanan","email":"kendall@kendagriff.com"},{"name":"Lee Treveil","email":"leetreveil@gmail.com"},{"name":"Leonardo","email":"leofiore@libero.it"},{"name":"Max Maurer","email":"maxemanuel.maurer@gmail.com"},{"name":"Michael Hess","email":"mhess@connectify.me"},{"name":"OtakuSiD","email":"otakusid@gmail.com"},{"name":"Ross Noble","email":"rosshnoble@gmail.com"},{"name":"Sandro Sonntag","email":"sandro.sonntag@adorsys.de"}],"bugs":{"url":"https://github.com/faisalman/ua-parser-js/issues"},"readmeFilename":"readme.md","_attachments":{},"_etag":"\"ESEICH4397DVMT6SFFKKM006E\""}