{"_id":"whatwg-fetch","_rev":"63-1bad2ea149be105e78b932f99dc1caf5","name":"whatwg-fetch","description":"A window.fetch polyfill.","dist-tags":{"latest":"0.11.0"},"versions":{"0.5.0":{"name":"whatwg-fetch","version":"0.5.0","main":"fetch.js","devDependencies":{"bower":"1.3.8","chai":"1.10.0","jshint":"2.5.2","mocha-phantomjs":"3.5.2","mocha":"2.1.0","phantomjs":"1.9.13"},"gitHead":"7b9ab7e777f21f0425c95667f10a42d11b684778","description":"The global `fetch` function is an easier way to make web requests and handle responses than using an XMLHttpRequest. This polyfill is written as closely as possible to the standard Fetch specification at https://fetch.spec.whatwg.org.","_id":"whatwg-fetch@0.5.0","scripts":{},"_shasum":"6dfc88ffca5d64e0763ea33394643e05258dfc56","_from":".","_npmVersion":"2.1.14","_nodeVersion":"0.10.33","_npmUser":{"name":"mattandrews","email":"matt@mattandre.ws"},"maintainers":[{"name":"mattandrews","email":"matt@mattandre.ws"}],"dist":{"shasum":"6dfc88ffca5d64e0763ea33394643e05258dfc56","tarball":"https://registry.npmjs.org/whatwg-fetch/-/whatwg-fetch-0.5.0.tgz"},"directories":{}},"0.6.0":{"name":"whatwg-fetch","version":"0.6.0","main":"fetch.js","devDependencies":{"bower":"1.3.8","chai":"1.10.0","jshint":"2.5.2","mocha-phantomjs":"3.5.2","mocha":"2.1.0","phantomjs":"1.9.13"},"gitHead":"4d793121a940aa5d09af5edcf0ad2ce0e75336b2","description":"The global `fetch` function is an easier way to make web requests and handle responses than using an XMLHttpRequest. This polyfill is written as closely as possible to the standard Fetch specification at https://fetch.spec.whatwg.org.","_id":"whatwg-fetch@0.6.0","scripts":{},"_shasum":"f25cdac834aec89449f62e7bd416886f1fb18220","_from":".","_npmVersion":"1.4.28","_npmUser":{"name":"mattandrews","email":"matt@mattandre.ws"},"maintainers":[{"name":"mattandrews","email":"matt@mattandre.ws"},{"name":"ftlabs","email":"ftlabs-opensource@ft.com"}],"dist":{"shasum":"f25cdac834aec89449f62e7bd416886f1fb18220","tarball":"https://registry.npmjs.org/whatwg-fetch/-/whatwg-fetch-0.6.0.tgz"},"directories":{}},"0.6.1":{"name":"whatwg-fetch","version":"0.6.1","main":"fetch.js","devDependencies":{"bower":"1.3.8","chai":"1.10.0","jshint":"2.5.2","mocha-phantomjs":"3.5.2","mocha":"2.1.0","phantomjs":"1.9.13"},"gitHead":"5df663e716ff6bc19590296d7dfdbf37c897e175","description":"The global `fetch` function is an easier way to make web requests and handle responses than using an XMLHttpRequest. This polyfill is written as closely as possible to the standard Fetch specification at https://fetch.spec.whatwg.org.","_id":"whatwg-fetch@0.6.1","scripts":{},"_shasum":"1af85d52c99e3e587104c666fd79d863e79df0d0","_from":".","_npmVersion":"1.4.28","_npmUser":{"name":"mattandrews","email":"matt@mattandre.ws"},"maintainers":[{"name":"mattandrews","email":"matt@mattandre.ws"},{"name":"ftlabs","email":"ftlabs-opensource@ft.com"}],"dist":{"shasum":"1af85d52c99e3e587104c666fd79d863e79df0d0","tarball":"https://registry.npmjs.org/whatwg-fetch/-/whatwg-fetch-0.6.1.tgz"},"directories":{}},"0.7.0":{"name":"whatwg-fetch","version":"0.7.0","main":"fetch.js","repository":{"type":"git","url":"https://github.com/github/fetch"},"licenses":[{"type":"MIT","url":"https://github.com/github/fetch/blob/master/LICENSE"}],"devDependencies":{"bower":"1.3.8","chai":"1.10.0","jshint":"2.5.2","mocha-phantomjs":"3.5.2","mocha":"2.1.0","phantomjs":"1.9.13"},"gitHead":"115cd972a7d5dbc63bd2335a05976070e0ebc48c","description":"The global `fetch` function is an easier way to make web requests and handle responses than using an XMLHttpRequest. This polyfill is written as closely as possible to the standard Fetch specification at https://fetch.spec.whatwg.org.","bugs":{"url":"https://github.com/github/fetch/issues"},"homepage":"https://github.com/github/fetch","_id":"whatwg-fetch@0.7.0","scripts":{},"_shasum":"538fee9896768dcec6634bbdda583c8f78fed806","_from":".","_npmVersion":"1.4.28","_npmUser":{"name":"mattandrews","email":"matt@mattandre.ws"},"maintainers":[{"name":"mattandrews","email":"matt@mattandre.ws"},{"name":"ftlabs","email":"ftlabs-opensource@ft.com"}],"dist":{"shasum":"538fee9896768dcec6634bbdda583c8f78fed806","tarball":"https://registry.npmjs.org/whatwg-fetch/-/whatwg-fetch-0.7.0.tgz"},"directories":{}},"0.8.0":{"name":"whatwg-fetch","version":"0.8.0","main":"fetch.js","repository":{"type":"git","url":"https://github.com/github/fetch"},"licenses":[{"type":"MIT","url":"https://github.com/github/fetch/blob/master/LICENSE"}],"devDependencies":{"bower":"1.3.8","chai":"1.10.0","jshint":"2.5.2","mocha-phantomjs":"3.5.2","mocha":"2.1.0","phantomjs":"1.9.13"},"files":["LICENSE","fetch.js"],"gitHead":"14462ef52357047dfc60a96c1d445c84271154d2","description":"The global `fetch` function is an easier way to make web requests and handle responses than using an XMLHttpRequest. This polyfill is written as closely as possible to the standard Fetch specification at https://fetch.spec.whatwg.org.","bugs":{"url":"https://github.com/github/fetch/issues"},"homepage":"https://github.com/github/fetch","_id":"whatwg-fetch@0.8.0","scripts":{},"_shasum":"14a779209be855d99b615f35a087204662ad9c20","_from":".","_npmVersion":"1.4.28","_npmUser":{"name":"mattandrews","email":"matt@mattandre.ws"},"maintainers":[{"name":"mattandrews","email":"matt@mattandre.ws"},{"name":"ftlabs","email":"ftlabs-opensource@ft.com"}],"dist":{"shasum":"14a779209be855d99b615f35a087204662ad9c20","tarball":"https://registry.npmjs.org/whatwg-fetch/-/whatwg-fetch-0.8.0.tgz"},"directories":{}},"0.8.1":{"name":"whatwg-fetch","version":"0.8.1","main":"fetch.js","repository":{"type":"git","url":"https://github.com/github/fetch"},"licenses":[{"type":"MIT","url":"https://github.com/github/fetch/blob/master/LICENSE"}],"devDependencies":{"bower":"1.3.8","chai":"1.10.0","jshint":"2.5.2","mocha-phantomjs":"3.5.2","mocha":"2.1.0","phantomjs":"1.9.13"},"files":["LICENSE","fetch.js"],"gitHead":"09c316d2450c08fde129336438b3a44de4e8177c","description":"The global `fetch` function is an easier way to make web requests and handle responses than using an XMLHttpRequest. This polyfill is written as closely as possible to the standard Fetch specification at https://fetch.spec.whatwg.org.","bugs":{"url":"https://github.com/github/fetch/issues"},"homepage":"https://github.com/github/fetch","_id":"whatwg-fetch@0.8.1","scripts":{},"_shasum":"b0141110a98c4cd0add9d3c0687687a81d003e2d","_from":".","_npmVersion":"1.4.28","_npmUser":{"name":"mattandrews","email":"matt@mattandre.ws"},"maintainers":[{"name":"mattandrews","email":"matt@mattandre.ws"},{"name":"ftlabs","email":"ftlabs-opensource@ft.com"}],"dist":{"shasum":"b0141110a98c4cd0add9d3c0687687a81d003e2d","tarball":"https://registry.npmjs.org/whatwg-fetch/-/whatwg-fetch-0.8.1.tgz"},"directories":{}},"0.8.2":{"name":"whatwg-fetch","version":"0.8.2","main":"fetch.js","repository":{"type":"git","url":"https://github.com/github/fetch"},"licenses":[{"type":"MIT","url":"https://github.com/github/fetch/blob/master/LICENSE"}],"devDependencies":{"bower":"1.3.8","chai":"1.10.0","jshint":"2.5.2","mocha-phantomjs":"3.5.2","mocha":"2.1.0","phantomjs":"1.9.13"},"files":["LICENSE","fetch.js"],"gitHead":"0b3e1d7c41c75359a3e0b771741ebc2a8823da38","description":"The global `fetch` function is an easier way to make web requests and handle responses than using an XMLHttpRequest. This polyfill is written as closely as possible to the standard Fetch specification at https://fetch.spec.whatwg.org.","bugs":{"url":"https://github.com/github/fetch/issues"},"homepage":"https://github.com/github/fetch","_id":"whatwg-fetch@0.8.2","scripts":{},"_shasum":"344402184ef54cc5c01f58809f2cf6737b9c7222","_from":".","_npmVersion":"1.4.28","_npmUser":{"name":"mattandrews","email":"matt@mattandre.ws"},"maintainers":[{"name":"mattandrews","email":"matt@mattandre.ws"},{"name":"ftlabs","email":"ftlabs-opensource@ft.com"}],"dist":{"shasum":"344402184ef54cc5c01f58809f2cf6737b9c7222","tarball":"https://registry.npmjs.org/whatwg-fetch/-/whatwg-fetch-0.8.2.tgz"},"directories":{}},"0.9.0":{"name":"whatwg-fetch","version":"0.9.0","main":"fetch.js","repository":{"type":"git","url":"https://github.com/github/fetch"},"licenses":[{"type":"MIT","url":"https://github.com/github/fetch/blob/master/LICENSE"}],"devDependencies":{"bower":"1.3.8","chai":"1.10.0","jshint":"2.5.2","mocha-phantomjs":"3.5.2","mocha":"2.1.0","phantomjs":"1.9.13"},"files":["LICENSE","fetch.js"],"gitHead":"030e72106cd7b2f1e616a4af6503ee3a6df0bdf5","description":"The global `fetch` function is an easier way to make web requests and handle responses than using an XMLHttpRequest. This polyfill is written as closely as possible to the standard Fetch specification at https://fetch.spec.whatwg.org.","bugs":{"url":"https://github.com/github/fetch/issues"},"homepage":"https://github.com/github/fetch","_id":"whatwg-fetch@0.9.0","scripts":{},"_shasum":"0e3684c6cb9995b43efc9df03e4c365d95fd9cc0","_from":".","_npmVersion":"1.4.28","_npmUser":{"name":"mattandrews","email":"matt@mattandre.ws"},"maintainers":[{"name":"mattandrews","email":"matt@mattandre.ws"},{"name":"ftlabs","email":"ftlabs-opensource@ft.com"}],"dist":{"shasum":"0e3684c6cb9995b43efc9df03e4c365d95fd9cc0","tarball":"https://registry.npmjs.org/whatwg-fetch/-/whatwg-fetch-0.9.0.tgz"},"directories":{}},"0.10.0":{"name":"whatwg-fetch","version":"0.10.0","main":"fetch.js","repository":{"type":"git","url":"git+https://github.com/github/fetch.git"},"licenses":[{"type":"MIT","url":"https://github.com/github/fetch/blob/master/LICENSE"}],"devDependencies":{"bower":"1.3.8","chai":"1.10.0","jshint":"2.5.2","mocha-phantomjs":"3.5.2","mocha":"2.1.0","phantomjs":"1.9.13"},"files":["LICENSE","fetch.js"],"gitHead":"92de9f1b87f0defc3673470044a4477080533324","description":"This project adheres to the [Open Code of Conduct][code-of-conduct]. By participating, you are expected to uphold this code. [code-of-conduct]: http://todogroup.org/opencodeofconduct/#fetch/opensource@github.com","bugs":{"url":"https://github.com/github/fetch/issues"},"homepage":"https://github.com/github/fetch#readme","_id":"whatwg-fetch@0.10.0","scripts":{},"_shasum":"bd82f3c6e69f12ef9cb4b51f20ea5f5c1d3b05ea","_from":".","_npmVersion":"2.10.1","_nodeVersion":"0.12.4","_npmUser":{"name":"mislav","email":"mislav.marohnic@gmail.com"},"dist":{"shasum":"bd82f3c6e69f12ef9cb4b51f20ea5f5c1d3b05ea","tarball":"https://registry.npmjs.org/whatwg-fetch/-/whatwg-fetch-0.10.0.tgz"},"maintainers":[{"name":"ftlabs","email":"ftlabs-opensource@ft.com"},{"name":"mattandrews","email":"matt@mattandre.ws"},{"name":"mislav","email":"mislav.marohnic@gmail.com"}],"directories":{}},"0.10.1":{"name":"whatwg-fetch","version":"0.10.1","main":"fetch.js","repository":{"type":"git","url":"git+https://github.com/github/fetch.git"},"licenses":[{"type":"MIT","url":"https://github.com/github/fetch/blob/master/LICENSE"}],"devDependencies":{"bower":"1.3.8","chai":"1.10.0","jshint":"2.5.2","mocha-phantomjs":"3.5.2","mocha":"2.1.0","phantomjs":"1.9.13"},"files":["LICENSE","fetch.js"],"gitHead":"f4f8ca8d0ba6c7d11e5317a84189913cefe55809","description":"This project adheres to the [Open Code of Conduct][code-of-conduct]. By participating, you are expected to uphold this code. [code-of-conduct]: http://todogroup.org/opencodeofconduct/#fetch/opensource@github.com","bugs":{"url":"https://github.com/github/fetch/issues"},"homepage":"https://github.com/github/fetch#readme","_id":"whatwg-fetch@0.10.1","scripts":{},"_shasum":"365125d40b36823feac8ab41b71c4d56e84a531f","_from":".","_npmVersion":"3.3.9","_nodeVersion":"5.0.0","_npmUser":{"name":"mislav","email":"mislav.marohnic@gmail.com"},"dist":{"shasum":"365125d40b36823feac8ab41b71c4d56e84a531f","tarball":"https://registry.npmjs.org/whatwg-fetch/-/whatwg-fetch-0.10.1.tgz"},"maintainers":[{"name":"mattandrews","email":"matt@mattandre.ws"},{"name":"mislav","email":"mislav.marohnic@gmail.com"}],"directories":{}},"0.11.0":{"name":"whatwg-fetch","description":"A window.fetch polyfill.","version":"0.11.0","main":"fetch.js","repository":{"type":"git","url":"git+https://github.com/github/fetch.git"},"licenses":[{"type":"MIT","url":"https://github.com/github/fetch/blob/master/LICENSE"}],"devDependencies":{"bower":"1.3.8","chai":"1.10.0","jshint":"2.8.0","mocha-phantomjs":"3.5.2","mocha":"2.1.0","phantomjs":"1.9.19"},"files":["LICENSE","fetch.js"],"gitHead":"989a1e8132e9adb4c4e973875ad043ff7219fc5a","bugs":{"url":"https://github.com/github/fetch/issues"},"homepage":"https://github.com/github/fetch#readme","_id":"whatwg-fetch@0.11.0","scripts":{},"_shasum":"46b1d18d0aa99955971ef1a2f5aac506add28815","_from":".","_npmVersion":"3.3.12","_nodeVersion":"5.4.0","_npmUser":{"name":"mislav","email":"mislav.marohnic@gmail.com"},"dist":{"shasum":"46b1d18d0aa99955971ef1a2f5aac506add28815","tarball":"https://registry.npmjs.org/whatwg-fetch/-/whatwg-fetch-0.11.0.tgz"},"maintainers":[{"name":"mattandrews","email":"matt@mattandre.ws"},{"name":"mislav","email":"mislav.marohnic@gmail.com"}],"directories":{}}},"readme":"# window.fetch polyfill\n\nThis project adheres to the [Open Code of Conduct][code-of-conduct]. By participating, you are expected to uphold this code.\n[code-of-conduct]: http://todogroup.org/opencodeofconduct/#fetch/opensource@github.com\n\nThe global `fetch` function is an easier way to make web requests and handle\nresponses than using an XMLHttpRequest. This polyfill is written as closely as\npossible to the standard Fetch specification at https://fetch.spec.whatwg.org.\n\n## Installation\n\nAvailable on [Bower](http://bower.io) as **fetch**.\n\n```sh\n$ bower install fetch\n```\n\nYou'll also need a Promise polyfill for [older browsers](http://caniuse.com/#feat=promises).\n\n```sh\n$ bower install es6-promise\n```\n\nThis can also be installed with `npm`.\n\n```sh\n$ npm install whatwg-fetch --save\n```\n\nFor a node.js implementation, try [node-fetch](https://github.com/bitinn/node-fetch).\n\nFor use with webpack, refer to [Using WebPack with shims and polyfills](http://mts.io/2015/04/08/webpack-shims-polyfills/).\n\n## Usage\n\nThe `fetch` function supports any HTTP method. We'll focus on GET and POST\nexample requests.\n\n### HTML\n\n```javascript\nfetch('/users.html')\n  .then(function(response) {\n    return response.text()\n  }).then(function(body) {\n    document.body.innerHTML = body\n  })\n```\n\n### JSON\n\n```javascript\nfetch('/users.json')\n  .then(function(response) {\n    return response.json()\n  }).then(function(json) {\n    console.log('parsed json', json)\n  }).catch(function(ex) {\n    console.log('parsing failed', ex)\n  })\n```\n\n### Response metadata\n\n```javascript\nfetch('/users.json').then(function(response) {\n  console.log(response.headers.get('Content-Type'))\n  console.log(response.headers.get('Date'))\n  console.log(response.status)\n  console.log(response.statusText)\n})\n```\n\n### Post form\n\n```javascript\nvar form = document.querySelector('form')\n\nfetch('/users', {\n  method: 'post',\n  body: new FormData(form)\n})\n```\n\n### Post JSON\n\n```javascript\nfetch('/users', {\n  method: 'post',\n  headers: {\n    'Accept': 'application/json',\n    'Content-Type': 'application/json'\n  },\n  body: JSON.stringify({\n    name: 'Hubot',\n    login: 'hubot',\n  })\n})\n```\n\n### File upload\n\n```javascript\nvar input = document.querySelector('input[type=\"file\"]')\n\nvar data = new FormData()\ndata.append('file', input.files[0])\ndata.append('user', 'hubot')\n\nfetch('/avatars', {\n  method: 'post',\n  body: data\n})\n```\n\n### Caveats\n\nThe `fetch` specification differs from `jQuery.ajax()` in mainly two ways that\nbear keeping in mind:\n\n* The Promise returned from `fetch()` **won't reject on HTTP error status**\n  even if the response is a HTTP 404 or 500. Instead, it will resolve normally,\n  and it will only reject on network failure, or if anything prevented the\n  request from completing.\n\n* By default, `fetch` **won't send any cookies** to the server, resulting in\n  unauthenticated requests if the site relies on maintaining a user session.\n\n#### Handling HTTP error statuses\n\nTo have `fetch` Promise reject on HTTP error statuses, i.e. on any non-2xx\nstatus, define a custom response handler:\n\n```javascript\nfunction checkStatus(response) {\n  if (response.status >= 200 && response.status < 300) {\n    return response\n  } else {\n    var error = new Error(response.statusText)\n    error.response = response\n    throw error\n  }\n}\n\nfunction parseJSON(response) {\n  return response.json()\n}\n\nfetch('/users')\n  .then(checkStatus)\n  .then(parseJSON)\n  .then(function(data) {\n    console.log('request succeeded with JSON response', data)\n  }).catch(function(error) {\n    console.log('request failed', error)\n  })\n```\n\n#### Sending cookies\n\nTo automatically send cookies for the current domain, the `credentials` option\nmust be provided:\n\n```javascript\nfetch('/users', {\n  credentials: 'same-origin'\n})\n```\n\nThis option makes `fetch` behave similar to XMLHttpRequest with regards to\ncookies. Otherwise, cookies won't get sent, resulting in these requests not\npreserving the authentication session.\n\nUse the `include` value to send cookies in a [cross-origin resource sharing](https://en.wikipedia.org/wiki/Cross-origin_resource_sharing) (CORS) request.\n\n```javascript\nfetch('https://example.com:1234/users', {\n  credentials: 'include'\n})\n```\n\n\n#### Receiving cookies\n\nLike with XMLHttpRequest, the `Set-Cookie` response header returned from the\nserver is a [forbidden header name][] and therefore can't be programatically\nread with `response.headers.get()`. Instead, it's the browser's responsibility\nto handle new cookies being set (if applicable to the current URL). Unless they\nare HTTP-only, new cookies will be available through `document.cookie`.\n\n  [forbidden header name]: https://developer.mozilla.org/en-US/docs/Glossary/Forbidden_header_name\n\n#### Obtaining the Response URL\n\nDue to limitations of XMLHttpRequest, the `response.url` value might not be\nreliable after HTTP redirects on older browsers.\n\nThe solution is to configure the server to set the response HTTP header\n`X-Request-URL` to the current URL after any redirect that might have happened.\nIt should be safe to set it unconditionally.\n\n``` ruby\n# Ruby on Rails controller example\nresponse.headers['X-Request-URL'] = request.url\n```\n\nThis server workaround is necessary if you need reliable `response.url` in\nFirefox < 32, Chrome < 37, Safari, or IE.\n\n## Browser Support\n\n![Chrome](https://raw.github.com/alrra/browser-logos/master/chrome/chrome_48x48.png) | ![Firefox](https://raw.github.com/alrra/browser-logos/master/firefox/firefox_48x48.png) | ![IE](https://raw.github.com/alrra/browser-logos/master/internet-explorer/internet-explorer_48x48.png) | ![Opera](https://raw.github.com/alrra/browser-logos/master/opera/opera_48x48.png) | ![Safari](https://raw.github.com/alrra/browser-logos/master/safari/safari_48x48.png)\n--- | --- | --- | --- | --- |\nLatest ✔ | Latest ✔ | 9+ ✔ | Latest ✔ | 6.1+ ✔ |\n","maintainers":[{"name":"mattandrews","email":"matt@mattandre.ws"},{"name":"mislav","email":"mislav.marohnic@gmail.com"}],"time":{"modified":"2016-01-19T05:39:06.560Z","created":"2015-01-12T23:46:17.785Z","0.5.0":"2015-01-12T23:46:17.785Z","0.6.0":"2015-01-13T00:10:39.303Z","0.6.1":"2015-01-16T00:01:06.778Z","0.7.0":"2015-01-24T19:31:20.018Z","0.8.0":"2015-05-04T20:05:46.212Z","0.8.1":"2015-05-04T20:23:25.873Z","0.8.2":"2015-05-19T22:58:23.775Z","0.9.0":"2015-05-29T21:01:17.713Z","0.10.0":"2015-10-12T13:09:54.454Z","0.10.1":"2015-11-03T11:44:09.025Z","0.11.0":"2016-01-19T05:39:06.560Z"},"readmeFilename":"README.md","users":{"ferrari":true,"jaywalking101":true,"jamescostian":true,"davidchase":true,"dannyfritz":true,"augbog":true,"mysticatea":true,"asaaki":true,"arkanciscan":true,"renderkid":true,"moimikey":true,"nchase":true,"r3nya":true,"mrmartineau":true,"draganhr":true,"lenville":true,"mlm":true,"anthonyringoet":true,"leonardorb":true,"s4g6":true,"timdp":true,"detj":true,"nikhilkumar80":true,"hckhanh":true,"stevenvachon":true,"timothy.pharo":true,"peterbakonyi05":true,"raffaele":true,"amirrustam":true,"nex":true,"foto":true,"jmsherry":true,"j.su":true,"qqcome110":true,"nickeljew":true,"mdrobny":true,"9joneg":true,"digital-owl":true,"panlw":true,"dheerajvs":true},"homepage":"https://github.com/github/fetch#readme","repository":{"type":"git","url":"git+https://github.com/github/fetch.git"},"bugs":{"url":"https://github.com/github/fetch/issues"},"_attachments":{},"_etag":"\"56VKPX55E9FTYGN5Q94Y0FH0D\""}