{"_id":"js-tokens","_rev":"18-504a5c83b4d88e50c3e92506a1ad61b3","name":"js-tokens","description":"A regex that tokenizes JavaScript.","dist-tags":{"latest":"1.0.3"},"versions":{"0.1.0":{"name":"js-tokens","version":"0.1.0","author":{"name":"Simon Lydell"},"license":"MIT","description":"A regex that tokenizes JavaScript.","main":"index.js","repository":{"type":"git","url":"git://github.com/lydell/js-tokens"},"keywords":["JavaScript","js","token","tokenize","regex"],"scripts":{"test":"mocha"},"devDependencies":{"mocha":"^1.17.1","coffee-script":"~1.7.1"},"bugs":{"url":"https://github.com/lydell/js-tokens/issues"},"homepage":"https://github.com/lydell/js-tokens","_id":"js-tokens@0.1.0","dist":{"shasum":"78a0bdec6799c48128c005e1b885c05ab3567bb9","tarball":"https://registry.npmjs.org/js-tokens/-/js-tokens-0.1.0.tgz"},"_from":".","_npmVersion":"1.4.4","_npmUser":{"name":"lydell","email":"simon.lydell@gmail.com"},"maintainers":[{"name":"lydell","email":"simon.lydell@gmail.com"}],"directories":{}},"0.2.0":{"name":"js-tokens","version":"0.2.0","author":{"name":"Simon Lydell"},"license":"MIT","description":"A regex that tokenizes JavaScript.","main":"index.js","keywords":["JavaScript","js","token","tokenize","regex"],"repository":{"type":"git","url":"git://github.com/lydell/js-tokens"},"scripts":{"test":"mocha"},"devDependencies":{"mocha":"^1.17.1","coffee-script":"~1.7.1"},"bugs":{"url":"https://github.com/lydell/js-tokens/issues"},"homepage":"https://github.com/lydell/js-tokens","_id":"js-tokens@0.2.0","_shasum":"e80d3e39faad48fb88d3b81c33cb1a4e8f3d6d97","_from":".","_npmVersion":"1.4.9","_npmUser":{"name":"lydell","email":"simon.lydell@gmail.com"},"maintainers":[{"name":"lydell","email":"simon.lydell@gmail.com"}],"dist":{"shasum":"e80d3e39faad48fb88d3b81c33cb1a4e8f3d6d97","tarball":"https://registry.npmjs.org/js-tokens/-/js-tokens-0.2.0.tgz"},"directories":{}},"0.3.0":{"name":"js-tokens","version":"0.3.0","author":{"name":"Simon Lydell"},"license":"MIT","description":"A regex that tokenizes JavaScript.","keywords":["JavaScript","js","token","tokenize","regex"],"repository":{"type":"git","url":"https://github.com/lydell/js-tokens"},"scripts":{"test":"mocha --ui tdd","build":"node generate-index.js","dev":"npm run build && npm test"},"devDependencies":{"coffee-script":"^1.8.0","mocha":"^2.0.1"},"gitHead":"ecac68aa369003730dc2f964bdb656088c609c93","bugs":{"url":"https://github.com/lydell/js-tokens/issues"},"homepage":"https://github.com/lydell/js-tokens","_id":"js-tokens@0.3.0","_shasum":"f81c100024b8f51b9c883ea5ce61582f4feb11a3","_from":".","_npmVersion":"2.1.7","_nodeVersion":"0.10.33","_npmUser":{"name":"lydell","email":"simon.lydell@gmail.com"},"maintainers":[{"name":"lydell","email":"simon.lydell@gmail.com"}],"dist":{"shasum":"f81c100024b8f51b9c883ea5ce61582f4feb11a3","tarball":"https://registry.npmjs.org/js-tokens/-/js-tokens-0.3.0.tgz"},"directories":{}},"0.3.1":{"name":"js-tokens","version":"0.3.1","author":{"name":"Simon Lydell"},"license":"MIT","description":"A regex that tokenizes JavaScript.","keywords":["JavaScript","js","token","tokenize","regex"],"repository":{"type":"git","url":"https://github.com/lydell/js-tokens"},"scripts":{"test":"mocha --ui tdd","build":"node generate-index.js","dev":"npm run build && npm test"},"devDependencies":{"coffee-script":"^1.8.0","mocha":"^2.0.1"},"gitHead":"08a7225043538e06b01450297b793e6b55f003c5","bugs":{"url":"https://github.com/lydell/js-tokens/issues"},"homepage":"https://github.com/lydell/js-tokens","_id":"js-tokens@0.3.1","_shasum":"ae3600436c9a79358a45dc100cf8ceaf02f386c6","_from":".","_npmVersion":"2.1.16","_nodeVersion":"0.10.35","_npmUser":{"name":"lydell","email":"simon.lydell@gmail.com"},"maintainers":[{"name":"lydell","email":"simon.lydell@gmail.com"}],"dist":{"shasum":"ae3600436c9a79358a45dc100cf8ceaf02f386c6","tarball":"https://registry.npmjs.org/js-tokens/-/js-tokens-0.3.1.tgz"},"directories":{}},"0.4.0":{"name":"js-tokens","version":"0.4.0","author":{"name":"Simon Lydell"},"license":"MIT","description":"A regex that tokenizes JavaScript.","keywords":["JavaScript","js","token","tokenize","regex"],"repository":{"type":"git","url":"https://github.com/lydell/js-tokens"},"scripts":{"test":"mocha --ui tdd","build":"node generate-index.js","dev":"npm run build && npm test"},"devDependencies":{"coffee-script":"^1.8.0","mocha":"^2.0.1"},"gitHead":"06f5a30a3ef2957b5169f4f4c13fdf57ea028f79","bugs":{"url":"https://github.com/lydell/js-tokens/issues"},"homepage":"https://github.com/lydell/js-tokens","_id":"js-tokens@0.4.0","_shasum":"3ee9173eb6b4dcbc89ea2c79def34c883bb6a637","_from":".","_npmVersion":"1.4.28","_npmUser":{"name":"lydell","email":"simon.lydell@gmail.com"},"maintainers":[{"name":"lydell","email":"simon.lydell@gmail.com"}],"dist":{"shasum":"3ee9173eb6b4dcbc89ea2c79def34c883bb6a637","tarball":"https://registry.npmjs.org/js-tokens/-/js-tokens-0.4.0.tgz"},"directories":{}},"0.4.1":{"name":"js-tokens","version":"0.4.1","author":{"name":"Simon Lydell"},"license":"MIT","description":"A regex that tokenizes JavaScript.","keywords":["JavaScript","js","token","tokenize","regex"],"repository":{"type":"git","url":"https://github.com/lydell/js-tokens"},"scripts":{"test":"mocha --ui tdd","build":"node generate-index.js","dev":"npm run build && npm test"},"devDependencies":{"coffee-script":"^1.8.0","mocha":"^2.0.1"},"gitHead":"f52e451b4b7f46dc8d434853908f9b4af4bf98cd","bugs":{"url":"https://github.com/lydell/js-tokens/issues"},"homepage":"https://github.com/lydell/js-tokens","_id":"js-tokens@0.4.1","_shasum":"b2170ed9dfdea05e7305039b034ef4d2c442a003","_from":".","_npmVersion":"1.4.28","_npmUser":{"name":"lydell","email":"simon.lydell@gmail.com"},"maintainers":[{"name":"lydell","email":"simon.lydell@gmail.com"}],"dist":{"shasum":"b2170ed9dfdea05e7305039b034ef4d2c442a003","tarball":"https://registry.npmjs.org/js-tokens/-/js-tokens-0.4.1.tgz"},"directories":{}},"1.0.0":{"name":"js-tokens","version":"1.0.0","author":{"name":"Simon Lydell"},"license":"MIT","description":"A regex that tokenizes JavaScript.","keywords":["JavaScript","js","token","tokenize","regex"],"repository":{"type":"git","url":"https://github.com/lydell/js-tokens"},"scripts":{"test":"mocha --ui tdd","build":"node generate-index.js","dev":"npm run build && npm test"},"devDependencies":{"coffee-script":"^1.8.0","mocha":"^2.0.1"},"gitHead":"b465cedf5cfb366c67e1f354ff000fddb6fb5c94","bugs":{"url":"https://github.com/lydell/js-tokens/issues"},"homepage":"https://github.com/lydell/js-tokens","_id":"js-tokens@1.0.0","_shasum":"278b2e6b68dfa4c8416af11370a55ea401bf4cde","_from":".","_npmVersion":"2.6.0","_nodeVersion":"0.10.36","_npmUser":{"name":"lydell","email":"simon.lydell@gmail.com"},"maintainers":[{"name":"lydell","email":"simon.lydell@gmail.com"}],"dist":{"shasum":"278b2e6b68dfa4c8416af11370a55ea401bf4cde","tarball":"https://registry.npmjs.org/js-tokens/-/js-tokens-1.0.0.tgz"},"directories":{}},"1.0.1":{"name":"js-tokens","version":"1.0.1","author":{"name":"Simon Lydell"},"license":"MIT","description":"A regex that tokenizes JavaScript.","keywords":["JavaScript","js","token","tokenize","regex"],"repository":{"type":"git","url":"git+https://github.com/lydell/js-tokens.git"},"scripts":{"test":"mocha --ui tdd","esprima-compare":"node esprima-compare ./index.js everything.js/es5.js","build":"node generate-index.js","dev":"npm run build && npm test"},"devDependencies":{"coffee-script":"~1.9.3","esprima":"^2.3.0","everything.js":"^1.0.3","mocha":"^2.2.5"},"gitHead":"94fab527b51da636ac996aa99be281746f19adae","bugs":{"url":"https://github.com/lydell/js-tokens/issues"},"homepage":"https://github.com/lydell/js-tokens#readme","_id":"js-tokens@1.0.1","_shasum":"cc435a5c8b94ad15acb7983140fc80182c89aeae","_from":".","_npmVersion":"2.8.3","_nodeVersion":"1.8.1","_npmUser":{"name":"lydell","email":"simon.lydell@gmail.com"},"dist":{"shasum":"cc435a5c8b94ad15acb7983140fc80182c89aeae","tarball":"https://registry.npmjs.org/js-tokens/-/js-tokens-1.0.1.tgz"},"maintainers":[{"name":"lydell","email":"simon.lydell@gmail.com"}],"directories":{}},"1.0.2":{"name":"js-tokens","version":"1.0.2","author":{"name":"Simon Lydell"},"license":"MIT","description":"A regex that tokenizes JavaScript.","keywords":["JavaScript","js","token","tokenize","regex"],"files":["index.js"],"repository":{"type":"git","url":"git+https://github.com/lydell/js-tokens.git"},"scripts":{"test":"mocha --ui tdd","esprima-compare":"node esprima-compare ./index.js everything.js/es5.js","build":"node generate-index.js","dev":"npm run build && npm test"},"devDependencies":{"coffee-script":"~1.9.3","esprima":"^2.3.0","everything.js":"^1.0.3","mocha":"^2.2.5"},"gitHead":"90f0f0a217984625180414763234c923aeee4af5","bugs":{"url":"https://github.com/lydell/js-tokens/issues"},"homepage":"https://github.com/lydell/js-tokens#readme","_id":"js-tokens@1.0.2","_shasum":"8647f7e13f64ac15d9357a59a346c804d53b3efe","_from":".","_npmVersion":"2.14.7","_nodeVersion":"4.2.1","_npmUser":{"name":"lydell","email":"simon.lydell@gmail.com"},"dist":{"shasum":"8647f7e13f64ac15d9357a59a346c804d53b3efe","tarball":"https://registry.npmjs.org/js-tokens/-/js-tokens-1.0.2.tgz"},"maintainers":[{"name":"lydell","email":"simon.lydell@gmail.com"}],"directories":{}},"1.0.3":{"name":"js-tokens","version":"1.0.3","author":{"name":"Simon Lydell"},"license":"MIT","description":"A regex that tokenizes JavaScript.","keywords":["JavaScript","js","token","tokenize","regex"],"files":["index.js"],"repository":{"type":"git","url":"git+https://github.com/lydell/js-tokens.git"},"scripts":{"test":"mocha --ui tdd","esprima-compare":"node esprima-compare ./index.js everything.js/es5.js","build":"node generate-index.js","dev":"npm run build && npm test"},"devDependencies":{"coffee-script":"~1.10.0","esprima":"^2.3.0","everything.js":"^1.0.3","mocha":"^2.2.5"},"gitHead":"8fef3fe3b80636bc885bbfc9fa0012a4a2956352","bugs":{"url":"https://github.com/lydell/js-tokens/issues"},"homepage":"https://github.com/lydell/js-tokens#readme","_id":"js-tokens@1.0.3","_shasum":"14e56eb68c8f1a92c43d59f5014ec29dc20f2ae1","_from":".","_npmVersion":"3.7.3","_nodeVersion":"5.9.0","_npmUser":{"name":"lydell","email":"simon.lydell@gmail.com"},"dist":{"shasum":"14e56eb68c8f1a92c43d59f5014ec29dc20f2ae1","tarball":"https://registry.npmjs.org/js-tokens/-/js-tokens-1.0.3.tgz"},"maintainers":[{"name":"lydell","email":"simon.lydell@gmail.com"}],"_npmOperationalInternal":{"host":"packages-16-east.internal.npmjs.com","tmp":"tmp/js-tokens-1.0.3.tgz_1459075945273_0.8152586803771555"},"directories":{}}},"readme":"Overview [![Build Status](https://travis-ci.org/lydell/js-tokens.png?branch=master)](https://travis-ci.org/lydell/js-tokens)\n========\n\nA regex that tokenizes JavaScript.\n\n```js\nvar jsTokens = require(\"js-tokens\")\n\nvar jsString = \"var foo=opts.foo;\\n...\"\n\njsString.match(jsTokens)\n// [\"var\", \" \", \"foo\", \"=\", \"opts\", \".\", \"foo\", \";\", \"\\n\", ...]\n```\n\n\nInstallation\n============\n\n`npm install js-tokens`\n\n```js\nvar jsTokens = require(\"js-tokens\")\n```\n\n\nUsage\n=====\n\n### `jsTokens` ###\n\nA regex with the `g` flag that matches JavaScript tokens.\n\nThe regex _always_ matches, even invalid JavaScript and the empty string.\n\nThe next match is always directly after the previous.\n\n### `var token = jsTokens.matchToToken(match)` ###\n\nTakes a `match` returned by `jsTokens.exec(string)`, and returns a `{type:\nString, value: String}` object. The following types are available:\n\n- string\n- comment\n- regex\n- number\n- name\n- punctuator\n- whitespace\n- invalid\n\nMulti-line comments and strings also have a `closed` property indicating if the\ntoken was closed or not (see below).\n\nComments and strings both come in several flavors. To distinguish them, check if\nthe token starts with `//`, `/*`, `'`, `\"` or `` ` ``.\n\nNames are ECMAScript IdentifierNames, that is, including both identifiers and\nkeywords. You may use [is-keyword-js] to tell them apart.\n\nWhitespace includes both line terminators and other whitespace.\n\nFor example usage, please see this [gist].\n\n[is-keyword-js]: https://github.com/crissdev/is-keyword-js\n[gist]: https://gist.github.com/lydell/be49dbf80c382c473004\n\n\nECMAScript support\n==================\n\nThe intention is to always support the latest stable ECMAScript version.\n\nIf adding support for a newer version requires changes, a new version with a\nmajor verion bump will be released.\n\nCurrently, [ECMAScript 2015] is supported.\n\n[ECMAScript 2015]: http://www.ecma-international.org/ecma-262/6.0/index.html\n\n\nInvalid code handling\n=====================\n\nUnterminated strings are still matched as strings. JavaScript strings cannot\ncontain (unescaped) newlines, so unterminated strings simply end at the end of\nthe line. Unterminated template strings can contain unescaped newlines, though,\nso they go on to the end of input.\n\nUnterminated multi-line comments are also still matched as comments. They\nsimply go on to the end of the input.\n\nUnterminated regex literals are likely matched as division and whatever is\ninside the regex.\n\nInvalid ASCII characters have their own capturing group.\n\nInvalid non-ASCII characters are treated as names, to simplify the matching of\nnames (except unicode spaces which are treated as whitespace).\n\nRegex literals may contain invalid regex syntax. They are still matched as\nregex literals. They may also contain repeated regex flags, to keep the regex\nsimple.\n\nStrings may contain invalid escape sequences.\n\n\nLimitations\n===========\n\nTokenizing JavaScript using regexes—in fact, _one single regex_—won’t be\nperfect. But that’s not the point either.\n\nYou may compare jsTokens with [esprima] by using `esprima-compare.js`.\nSee `npm run esprima-compare`!\n\n[esprima]: http://esprima.org/\n\n### Template string interpolation ###\n\nTemplate strings are matched as single tokens, from the starting `` ` `` to the\nending `` ` ``, including interpolations (whose tokens are not matched\nindividually).\n\nMatching template string interpolations requires recursive balancing of `{` and\n`}`—something that JavaScript regexes cannot do. Only one level of nesting is\nsupported.\n\n### Division and regex literals collision ###\n\nConsider this example:\n\n```js\nvar g = 9.82\nvar number = bar / 2/g\n\nvar regex = / 2/g\n```\n\nA human can easily understand that in the `number` line we’re dealing with\ndivision, and in the `regex` line we’re dealing with a regex literal. How come?\nBecause humans can look at the whole code to put the `/` characters in context.\nA JavaScript regex cannot. It only sees forwards.\n\nWhen the `jsTokens` regex scans throught the above, it will see the following\nat the end of both the `number` and `regex` rows:\n\n```js\n/ 2/g\n```\n\nIt is then impossible to know if that is a regex literal, or part of an\nexpression dealing with division.\n\nHere is a similar case:\n\n```js\nfoo /= 2/g\nfoo(/= 2/g)\n```\n\nThe first line divides the `foo` variable with `2/g`. The second line calls the\n`foo` function with the regex literal `/= 2/g`. Again, since `jsTokens` only\nsees forwards, it cannot tell the two cases apart.\n\nThere are some cases where we _can_ tell division and regex literals apart,\nthough.\n\nFirst off, we have the simple cases where there’s only one slash in the line:\n\n```js\nvar foo = 2/g\nfoo /= 2\n```\n\nRegex literals cannot contain newlines, so the above cases are correctly\nidentified as division. Things are only problematic when there are more than\none non-comment slash in a single line.\n\nSecondly, not every character is a valid regex flag.\n\n```js\nvar number = bar / 2/e\n```\n\nThe above example is also correctly identified as division, because `e` is not a\nvalid regex flag. I initially wanted to future-proof by allowing `[a-zA-Z]*`\n(any letter) as flags, but it is not worth it since it increases the amount of\nambigous cases. So only the standard `g`, `m`, `i`, `y` and `u` flags are\nallowed. This means that the above example will be identified as division as\nlong as you don’t rename the `e` variable to some permutation of `gmiyu` 1 to 5\ncharacters long.\n\nLastly, we can look _forward_ for information.\n\n- If the token following what looks like a regex literal is not valid after a\n  regex literal, but is valid in a division expression, then the regex literal\n  is treated as division instead. For example, a flagless regex cannot be\n  followed by a string, number or name, but all of those three can be the\n  denominator of a division.\n- Generally, if what looks like a regex literal is followed by an operator, the\n  regex literal is treated as division instead. This is because regexes are\n  seldomly used with operators (such as `+`, `*`, `&&` and `==`), but division\n  could likely be part of such an expression.\n\nPlease consult the regex source and the test cases for precise information on\nwhen regex or division is matched (should you need to know). In short, you\ncould sum it up as:\n\nIf the end of a statement looks like a regex literal (even if it isn’t), it\nwill be treated as one. Otherwise it should work as expected (if you write sane\ncode).\n\n\nLicense\n=======\n\n[The X11 (“MIT”) License](LICENSE).\n","maintainers":[{"name":"lydell","email":"simon.lydell@gmail.com"}],"time":{"modified":"2016-03-27T10:52:26.157Z","created":"2014-03-08T22:30:50.672Z","0.1.0":"2014-03-08T22:30:50.672Z","0.2.0":"2014-06-19T20:20:22.938Z","0.3.0":"2014-12-19T17:50:28.104Z","0.3.1":"2015-01-06T21:17:50.696Z","0.4.0":"2015-02-21T19:00:41.297Z","0.4.1":"2015-02-21T20:20:20.154Z","1.0.0":"2015-02-26T09:34:56.843Z","1.0.1":"2015-06-20T06:38:03.183Z","1.0.2":"2015-10-18T15:00:47.347Z","1.0.3":"2016-03-27T10:52:26.157Z"},"homepage":"https://github.com/lydell/js-tokens#readme","keywords":["JavaScript","js","token","tokenize","regex"],"repository":{"type":"git","url":"git+https://github.com/lydell/js-tokens.git"},"author":{"name":"Simon Lydell"},"bugs":{"url":"https://github.com/lydell/js-tokens/issues"},"license":"MIT","readmeFilename":"readme.md","users":{"roboterhund87":true},"_attachments":{},"_etag":"\"97EWEFALAHU4V9S6306OSMMA7\""}