{"_id":"babel-plugin-syntax-flow","_rev":"30-8ae0ce1715d315b712fc6edf8d088505","name":"babel-plugin-syntax-flow","dist-tags":{"latest":"6.5.0"},"versions":{"6.0.2":{"name":"babel-plugin-syntax-flow","version":"6.0.2","description":"","repository":{"type":"git","url":"git+https://github.com/babel/babel.git"},"license":"MIT","main":"lib/index.js","keywords":["babel-plugin"],"dependencies":{"babel-runtime":"^6.0.2"},"bugs":{"url":"https://github.com/babel/babel/issues"},"homepage":"https://github.com/babel/babel#readme","_id":"babel-plugin-syntax-flow@6.0.2","scripts":{},"_shasum":"ac9132e40df0d9c407139ba63a598b5ca346a028","_from":".","_npmVersion":"2.14.3","_nodeVersion":"4.1.0","_npmUser":{"name":"sebmck","email":"sebmck@gmail.com"},"dist":{"shasum":"ac9132e40df0d9c407139ba63a598b5ca346a028","tarball":"https://registry.npmjs.org/babel-plugin-syntax-flow/-/babel-plugin-syntax-flow-6.0.2.tgz"},"maintainers":[{"name":"sebmck","email":"sebmck@gmail.com"}],"directories":{}},"6.0.14":{"name":"babel-plugin-syntax-flow","version":"6.0.14","description":"","repository":{"type":"git","url":"https://github.com/babel/babel/tree/master/packages/babel-plugin-syntax-flow"},"license":"MIT","main":"lib/index.js","keywords":["babel-plugin"],"dependencies":{"babel-runtime":"^5.0.0"},"_id":"babel-plugin-syntax-flow@6.0.14","scripts":{},"_shasum":"15abc1f9ba47ab7885e91deaea16708e2ed02fdf","_from":".","_npmVersion":"2.14.9","_nodeVersion":"4.1.0","_npmUser":{"name":"sebmck","email":"sebmck@gmail.com"},"dist":{"shasum":"15abc1f9ba47ab7885e91deaea16708e2ed02fdf","tarball":"https://registry.npmjs.org/babel-plugin-syntax-flow/-/babel-plugin-syntax-flow-6.0.14.tgz"},"maintainers":[{"name":"sebmck","email":"sebmck@gmail.com"}],"directories":{}},"6.1.4":{"name":"babel-plugin-syntax-flow","version":"6.1.4","description":"","repository":{"type":"git","url":"https://github.com/babel/babel/tree/master/packages/babel-plugin-syntax-flow"},"license":"MIT","main":"lib/index.js","keywords":["babel-plugin"],"dependencies":{"babel-runtime":"^5.0.0"},"devDependencies":{"babel-helper-plugin-test-runner":"^6.1.4"},"_id":"babel-plugin-syntax-flow@6.1.4","scripts":{},"_shasum":"20eca41d1fe57e9863f3849d8f33e6c8e359f2b7","_from":".","_npmVersion":"3.3.10","_nodeVersion":"4.1.0","_npmUser":{"name":"sebmck","email":"sebmck@gmail.com"},"dist":{"shasum":"20eca41d1fe57e9863f3849d8f33e6c8e359f2b7","tarball":"https://registry.npmjs.org/babel-plugin-syntax-flow/-/babel-plugin-syntax-flow-6.1.4.tgz"},"maintainers":[{"name":"sebmck","email":"sebmck@gmail.com"}],"directories":{}},"6.1.5":{"name":"babel-plugin-syntax-flow","version":"6.1.5","description":"","repository":{"type":"git","url":"https://github.com/babel/babel/tree/master/packages/babel-plugin-syntax-flow"},"license":"MIT","main":"lib/index.js","keywords":["babel-plugin"],"dependencies":{"babel-runtime":"^5.0.0"},"devDependencies":{"babel-helper-plugin-test-runner":"^6.1.5"},"_id":"babel-plugin-syntax-flow@6.1.5","scripts":{},"_shasum":"b6d061af99a4171071d4449f5590332b68d5d192","_from":".","_npmVersion":"3.3.10","_nodeVersion":"4.1.0","_npmUser":{"name":"sebmck","email":"sebmck@gmail.com"},"dist":{"shasum":"b6d061af99a4171071d4449f5590332b68d5d192","tarball":"https://registry.npmjs.org/babel-plugin-syntax-flow/-/babel-plugin-syntax-flow-6.1.5.tgz"},"maintainers":[{"name":"sebmck","email":"sebmck@gmail.com"}],"directories":{}},"6.1.8":{"name":"babel-plugin-syntax-flow","version":"6.1.8","description":"","repository":{"type":"git","url":"https://github.com/babel/babel/tree/master/packages/babel-plugin-syntax-flow"},"license":"MIT","main":"lib/index.js","keywords":["babel-plugin"],"dependencies":{"babel-runtime":"^5.0.0"},"devDependencies":{"babel-helper-plugin-test-runner":"^6.1.8"},"_id":"babel-plugin-syntax-flow@6.1.8","scripts":{},"_shasum":"adb5fbcf5565fa5b5895e511ebda5e6d29c346db","_from":".","_npmVersion":"3.3.10","_nodeVersion":"4.1.0","_npmUser":{"name":"sebmck","email":"sebmck@gmail.com"},"dist":{"shasum":"adb5fbcf5565fa5b5895e511ebda5e6d29c346db","tarball":"https://registry.npmjs.org/babel-plugin-syntax-flow/-/babel-plugin-syntax-flow-6.1.8.tgz"},"maintainers":[{"name":"amasad","email":"amjad.masad@gmail.com"},{"name":"sebmck","email":"sebmck@gmail.com"},{"name":"thejameskyle","email":"me@thejameskyle.com"}],"directories":{}},"6.1.10":{"name":"babel-plugin-syntax-flow","version":"6.1.10","description":"","repository":{"type":"git","url":"https://github.com/babel/babel/tree/master/packages/babel-plugin-syntax-flow"},"license":"MIT","main":"lib/index.js","keywords":["babel-plugin"],"dependencies":{"babel-runtime":"^5.0.0"},"devDependencies":{"babel-helper-plugin-test-runner":"^6.1.10"},"_id":"babel-plugin-syntax-flow@6.1.10","scripts":{},"_shasum":"fb7daf855815c8d04f0d993ed39892786ef29e44","_from":".","_npmVersion":"3.3.10","_nodeVersion":"4.1.0","_npmUser":{"name":"sebmck","email":"sebmck@gmail.com"},"dist":{"shasum":"fb7daf855815c8d04f0d993ed39892786ef29e44","tarball":"https://registry.npmjs.org/babel-plugin-syntax-flow/-/babel-plugin-syntax-flow-6.1.10.tgz"},"maintainers":[{"name":"amasad","email":"amjad.masad@gmail.com"},{"name":"sebmck","email":"sebmck@gmail.com"},{"name":"thejameskyle","email":"me@thejameskyle.com"}],"directories":{}},"6.1.13":{"name":"babel-plugin-syntax-flow","version":"6.1.13","description":"","repository":{"type":"git","url":"https://github.com/babel/babel/tree/master/packages/babel-plugin-syntax-flow"},"license":"MIT","main":"lib/index.js","keywords":["babel-plugin"],"dependencies":{"babel-runtime":"^5.0.0"},"devDependencies":{"babel-helper-plugin-test-runner":"^6.1.13"},"_id":"babel-plugin-syntax-flow@6.1.13","scripts":{},"_shasum":"7d6090cb1679c09850230ff891752ab0b13ad8d2","_from":".","_npmVersion":"3.3.10","_nodeVersion":"4.1.0","_npmUser":{"name":"sebmck","email":"sebmck@gmail.com"},"dist":{"shasum":"7d6090cb1679c09850230ff891752ab0b13ad8d2","tarball":"https://registry.npmjs.org/babel-plugin-syntax-flow/-/babel-plugin-syntax-flow-6.1.13.tgz"},"maintainers":[{"name":"amasad","email":"amjad.masad@gmail.com"},{"name":"sebmck","email":"sebmck@gmail.com"},{"name":"thejameskyle","email":"me@thejameskyle.com"}],"directories":{}},"6.1.16":{"name":"babel-plugin-syntax-flow","version":"6.1.16","description":"","repository":{"type":"git","url":"https://github.com/babel/babel/tree/master/packages/babel-plugin-syntax-flow"},"license":"MIT","main":"lib/index.js","keywords":["babel-plugin"],"dependencies":{"babel-runtime":"^5.0.0"},"devDependencies":{"babel-helper-plugin-test-runner":"^6.1.16"},"_id":"babel-plugin-syntax-flow@6.1.16","scripts":{},"_shasum":"5d1fe1af4358123b8bacade7b15aed6f2dccfcd1","_from":".","_npmVersion":"3.3.10","_nodeVersion":"4.1.0","_npmUser":{"name":"sebmck","email":"sebmck@gmail.com"},"dist":{"shasum":"5d1fe1af4358123b8bacade7b15aed6f2dccfcd1","tarball":"https://registry.npmjs.org/babel-plugin-syntax-flow/-/babel-plugin-syntax-flow-6.1.16.tgz"},"maintainers":[{"name":"amasad","email":"amjad.masad@gmail.com"},{"name":"sebmck","email":"sebmck@gmail.com"},{"name":"thejameskyle","email":"me@thejameskyle.com"}],"directories":{}},"6.1.17":{"name":"babel-plugin-syntax-flow","version":"6.1.17","description":"","repository":{"type":"git","url":"https://github.com/babel/babel/tree/master/packages/babel-plugin-syntax-flow"},"license":"MIT","main":"lib/index.js","keywords":["babel-plugin"],"dependencies":{"babel-runtime":"^5.0.0"},"devDependencies":{"babel-helper-plugin-test-runner":"^6.1.17"},"_id":"babel-plugin-syntax-flow@6.1.17","scripts":{},"_shasum":"035f2c83579fdc833d6fbec16f95d712c529617e","_from":".","_npmVersion":"3.3.10","_nodeVersion":"4.1.0","_npmUser":{"name":"sebmck","email":"sebmck@gmail.com"},"dist":{"shasum":"035f2c83579fdc833d6fbec16f95d712c529617e","tarball":"https://registry.npmjs.org/babel-plugin-syntax-flow/-/babel-plugin-syntax-flow-6.1.17.tgz"},"maintainers":[{"name":"amasad","email":"amjad.masad@gmail.com"},{"name":"sebmck","email":"sebmck@gmail.com"},{"name":"thejameskyle","email":"me@thejameskyle.com"}],"directories":{}},"6.1.18":{"name":"babel-plugin-syntax-flow","version":"6.1.18","description":"","repository":{"type":"git","url":"https://github.com/babel/babel/tree/master/packages/babel-plugin-syntax-flow"},"license":"MIT","main":"lib/index.js","keywords":["babel-plugin"],"dependencies":{"babel-runtime":"^5.0.0"},"devDependencies":{"babel-helper-plugin-test-runner":"^6.1.18"},"_id":"babel-plugin-syntax-flow@6.1.18","scripts":{},"_shasum":"1927bd85739801081e8fb304e565b57a2202b9c3","_from":".","_npmVersion":"3.3.10","_nodeVersion":"4.1.0","_npmUser":{"name":"sebmck","email":"sebmck@gmail.com"},"dist":{"shasum":"1927bd85739801081e8fb304e565b57a2202b9c3","tarball":"https://registry.npmjs.org/babel-plugin-syntax-flow/-/babel-plugin-syntax-flow-6.1.18.tgz"},"maintainers":[{"name":"amasad","email":"amjad.masad@gmail.com"},{"name":"sebmck","email":"sebmck@gmail.com"},{"name":"thejameskyle","email":"me@thejameskyle.com"}],"directories":{}},"6.2.4":{"name":"babel-plugin-syntax-flow","version":"6.2.4","description":"","repository":{"type":"git","url":"https://github.com/babel/babel/tree/master/packages/babel-plugin-syntax-flow"},"license":"MIT","main":"lib/index.js","keywords":["babel-plugin"],"dependencies":{"babel-runtime":"^5.0.0"},"devDependencies":{"babel-helper-plugin-test-runner":"^6.2.4"},"_id":"babel-plugin-syntax-flow@6.2.4","scripts":{},"_shasum":"17640dc4a708762fa18d58ff8048bafe06c4945c","_from":".","_npmVersion":"3.3.10","_nodeVersion":"4.1.0","_npmUser":{"name":"sebmck","email":"sebmck@gmail.com"},"dist":{"shasum":"17640dc4a708762fa18d58ff8048bafe06c4945c","tarball":"https://registry.npmjs.org/babel-plugin-syntax-flow/-/babel-plugin-syntax-flow-6.2.4.tgz"},"maintainers":[{"name":"amasad","email":"amjad.masad@gmail.com"},{"name":"sebmck","email":"sebmck@gmail.com"},{"name":"thejameskyle","email":"me@thejameskyle.com"}],"directories":{}},"6.3.13":{"name":"babel-plugin-syntax-flow","version":"6.3.13","description":"","repository":{"type":"git","url":"https://github.com/babel/babel/tree/master/packages/babel-plugin-syntax-flow"},"license":"MIT","main":"lib/index.js","keywords":["babel-plugin"],"dependencies":{"babel-runtime":"^5.0.0"},"devDependencies":{"babel-helper-plugin-test-runner":"^6.3.13"},"_id":"babel-plugin-syntax-flow@6.3.13","scripts":{},"_shasum":"8992d6a7663b51e1ab1522028b06ef263d74fca8","_from":".","_npmVersion":"3.3.10","_nodeVersion":"4.1.0","_npmUser":{"name":"sebmck","email":"sebmck@gmail.com"},"dist":{"shasum":"8992d6a7663b51e1ab1522028b06ef263d74fca8","tarball":"https://registry.npmjs.org/babel-plugin-syntax-flow/-/babel-plugin-syntax-flow-6.3.13.tgz"},"maintainers":[{"name":"amasad","email":"amjad.masad@gmail.com"},{"name":"hzoo","email":"hi@henryzoo.com"},{"name":"jmm","email":"npm-public@jessemccarthy.net"},{"name":"loganfsmyth","email":"loganfsmyth@gmail.com"},{"name":"sebmck","email":"sebmck@gmail.com"},{"name":"thejameskyle","email":"me@thejameskyle.com"}],"directories":{}},"6.5.0":{"name":"babel-plugin-syntax-flow","version":"6.5.0","description":"","repository":{"type":"git","url":"https://github.com/babel/babel/tree/master/packages/babel-plugin-syntax-flow"},"license":"MIT","main":"lib/index.js","keywords":["babel-plugin"],"dependencies":{"babel-runtime":"^5.0.0"},"devDependencies":{"babel-helper-plugin-test-runner":"^6.3.13"},"_id":"babel-plugin-syntax-flow@6.5.0","scripts":{},"_shasum":"07dfe735b45fce8905296296a40072afce82b215","_from":".","_npmVersion":"3.6.0","_nodeVersion":"5.1.0","_npmUser":{"name":"hzoo","email":"hi@henryzoo.com"},"dist":{"shasum":"07dfe735b45fce8905296296a40072afce82b215","tarball":"https://registry.npmjs.org/babel-plugin-syntax-flow/-/babel-plugin-syntax-flow-6.5.0.tgz"},"maintainers":[{"name":"amasad","email":"amjad.masad@gmail.com"},{"name":"hzoo","email":"hi@henryzoo.com"},{"name":"jmm","email":"npm-public@jessemccarthy.net"},{"name":"loganfsmyth","email":"loganfsmyth@gmail.com"},{"name":"sebmck","email":"sebmck@gmail.com"},{"name":"thejameskyle","email":"me@thejameskyle.com"}],"_npmOperationalInternal":{"host":"packages-5-east.internal.npmjs.com","tmp":"tmp/babel-plugin-syntax-flow-6.5.0.tgz_1454803636839_0.2558803544379771"},"directories":{}},"6.5.0-1":{"name":"babel-plugin-syntax-flow","version":"6.5.0-1","description":"","repository":{"type":"git","url":"https://github.com/babel/babel/tree/master/packages/babel-plugin-syntax-flow"},"license":"MIT","main":"lib/index.js","keywords":["babel-plugin"],"dependencies":{"babel-runtime":"^5.0.0"},"devDependencies":{"babel-helper-plugin-test-runner":"^6.5.0-1"},"_id":"babel-plugin-syntax-flow@6.5.0-1","scripts":{},"_shasum":"dbeaf0019d428f62de7bf1bcfa04eb80779d4b29","_from":".","_npmVersion":"3.6.0","_nodeVersion":"5.1.0","_npmUser":{"name":"hzoo","email":"hi@henryzoo.com"},"dist":{"shasum":"dbeaf0019d428f62de7bf1bcfa04eb80779d4b29","tarball":"https://registry.npmjs.org/babel-plugin-syntax-flow/-/babel-plugin-syntax-flow-6.5.0-1.tgz"},"maintainers":[{"name":"amasad","email":"amjad.masad@gmail.com"},{"name":"hzoo","email":"hi@henryzoo.com"},{"name":"jmm","email":"npm-public@jessemccarthy.net"},{"name":"loganfsmyth","email":"loganfsmyth@gmail.com"},{"name":"sebmck","email":"sebmck@gmail.com"},{"name":"thejameskyle","email":"me@thejameskyle.com"}],"_npmOperationalInternal":{"host":"packages-6-west.internal.npmjs.com","tmp":"tmp/babel-plugin-syntax-flow-6.5.0-1.tgz_1454812804156_0.10923034138977528"},"directories":{}}},"readme":"# babel-plugin-syntax-flow\n\n\n\n## Installation\n\n```sh\n$ npm install babel-plugin-syntax-flow\n```\n\n## Usage\n\n### Via `.babelrc` (Recommended)\n\n**.babelrc**\n\n```json\n{\n  \"plugins\": [\"syntax-flow\"]\n}\n```\n\n### Via CLI\n\n```sh\n$ babel --plugins syntax-flow script.js\n```\n\n### Via Node API\n\n```javascript\nrequire(\"babel-core\").transform(\"code\", {\n  plugins: [\"syntax-flow\"]\n});\n```\n","maintainers":[{"name":"amasad","email":"amjad.masad@gmail.com"},{"name":"hzoo","email":"hi@henryzoo.com"},{"name":"jmm","email":"npm-public@jessemccarthy.net"},{"name":"loganfsmyth","email":"loganfsmyth@gmail.com"},{"name":"sebmck","email":"sebmck@gmail.com"},{"name":"thejameskyle","email":"me@thejameskyle.com"}],"time":{"modified":"2016-02-07T02:40:06.747Z","created":"2015-10-29T18:11:25.587Z","6.0.2":"2015-10-29T18:11:25.587Z","6.0.14":"2015-10-30T23:35:10.854Z","6.1.4":"2015-11-11T10:09:51.010Z","6.1.5":"2015-11-12T06:54:21.641Z","6.1.8":"2015-11-12T07:41:59.025Z","6.1.10":"2015-11-12T07:54:20.389Z","6.1.13":"2015-11-12T19:59:04.245Z","6.1.16":"2015-11-12T21:35:15.837Z","6.1.17":"2015-11-12T21:41:37.245Z","6.1.18":"2015-11-12T21:48:23.785Z","6.2.4":"2015-11-25T03:13:50.013Z","6.3.13":"2015-12-04T11:58:21.525Z","6.5.0":"2016-02-07T00:07:18.034Z","6.5.0-1":"2016-02-07T02:40:06.747Z"},"keywords":["babel-plugin"],"repository":{"type":"git","url":"https://github.com/babel/babel/tree/master/packages/babel-plugin-syntax-flow"},"license":"MIT","readmeFilename":"README.md","users":{"shanewholloway":true},"_attachments":{},"_etag":"\"5DZU97SKT2FV6DQ1P3D26FCWZ\""}