{"_id":"react","_rev":"459-b8f492aa9d02047d823fea69eb9602c6","name":"react","description":"React is a JavaScript library for building user interfaces.","dist-tags":{"latest":"15.0.1","0.10.0-rc1":"0.10.0-rc1","0.11.0-rc1":"0.11.0-rc1","next":"15.0.2-alpha.3"},"versions":{"0.0.1":{"name":"react","description":"React is a javascript module to make it easier to work with asynchronous code, by reducing boilerplate code and improving error and exception handling while allowing variable and task dependencies when defining flow.","version":"0.0.1","author":{"name":"Jeff Barczewski","email":"jeff.barczewski@gmail.com"},"repository":{"type":"git","url":"git://github.com/jeffbski/react.git"},"bugs":{"url":"http://github.com/jeffbski/react/issues"},"licenses":[{"type":"MIT","url":"http://github.com/jeffbski/react/raw/master/LICENSE"}],"main":"react","engines":{"node":"~v0.4.12"},"dependencies":{},"devDependencies":{},"_npmUser":{"name":"jeffbski","email":"jeff.barczewski@gmail.com"},"_id":"react@0.0.1","_engineSupported":true,"_npmVersion":"1.0.103","_nodeVersion":"v0.4.12","_defaultsLoaded":true,"dist":{"shasum":"c84d3dbff0c65577a52f0bfe431f8bcc155fa365","tarball":"https://registry.npmjs.org/react/-/react-0.0.1.tgz"},"maintainers":[{"name":"jeffbski","email":"jeff.barczewski@gmail.com"}],"directories":{}},"0.0.2":{"name":"react","description":"React is a javascript module to make it easier to work with asynchronous code, by reducing boilerplate code and improving error and exception handling while allowing variable and task dependencies when defining flow.","version":"0.0.2","author":{"name":"Jeff Barczewski","email":"jeff.barczewski@gmail.com"},"repository":{"type":"git","url":"git://github.com/jeffbski/react.git"},"bugs":{"url":"http://github.com/jeffbski/react/issues"},"licenses":[{"type":"MIT","url":"http://github.com/jeffbski/react/raw/master/LICENSE"}],"main":"react","engines":{"node":"~v0.4.12"},"dependencies":{},"devDependencies":{},"_npmUser":{"name":"jeffbski","email":"jeff.barczewski@gmail.com"},"_id":"react@0.0.2","_engineSupported":true,"_npmVersion":"1.0.103","_nodeVersion":"v0.4.12","_defaultsLoaded":true,"dist":{"shasum":"3cf0fbb146714879c0de7069e8cabb21f2cb523f","tarball":"https://registry.npmjs.org/react/-/react-0.0.2.tgz"},"maintainers":[{"name":"jeffbski","email":"jeff.barczewski@gmail.com"}],"directories":{}},"0.0.3":{"name":"react","description":"React is a javascript module to make it easier to work with asynchronous code, by reducing boilerplate code and improving error and exception handling while allowing variable and task dependencies when defining flow.","version":"0.0.3","author":{"name":"Jeff Barczewski","email":"jeff.barczewski@gmail.com"},"repository":{"type":"git","url":"git://github.com/jeffbski/react.git"},"bugs":{"url":"http://github.com/jeffbski/react/issues"},"licenses":[{"type":"MIT","url":"http://github.com/jeffbski/react/raw/master/LICENSE"}],"main":"react","engines":{"node":"~v0.4.12"},"dependencies":{},"devDependencies":{},"_npmUser":{"name":"jeffbski","email":"jeff.barczewski@gmail.com"},"_id":"react@0.0.3","_engineSupported":true,"_npmVersion":"1.0.103","_nodeVersion":"v0.4.12","_defaultsLoaded":true,"dist":{"shasum":"b48724d68047a09ab726d066b4290e53a7d94a6d","tarball":"https://registry.npmjs.org/react/-/react-0.0.3.tgz"},"maintainers":[{"name":"jeffbski","email":"jeff.barczewski@gmail.com"}],"directories":{}},"0.1.2":{"name":"react","description":"React is a javascript module to make it easier to work with asynchronous code, by reducing boilerplate code and improving error and exception handling while allowing variable and task dependencies when defining flow.","version":"0.1.2","author":{"name":"Jeff Barczewski","email":"jeff.barczewski@gmail.com"},"repository":{"type":"git","url":"git://github.com/jeffbski/react.git"},"bugs":{"url":"http://github.com/jeffbski/react/issues"},"licenses":[{"type":"MIT","url":"http://github.com/jeffbski/react/raw/master/LICENSE"}],"main":"react","engines":{"node":"*"},"dependencies":{"eventemitter2":"~0.4.1","sprintf":"~0.1.1","ensure-array":"~0.0.2"},"devDependencies":{"tap":"~0.1.0","tapr":"~0.1.0"},"scripts":{"test":"node_modules/.bin/tapr test"},"_npmUser":{"name":"jeffbski","email":"jeff.barczewski@gmail.com"},"_id":"react@0.1.2","_engineSupported":true,"_npmVersion":"1.0.106","_nodeVersion":"v0.4.12","_defaultsLoaded":true,"dist":{"shasum":"036bfebd9748309772b79753d2e9924af7707d00","tarball":"https://registry.npmjs.org/react/-/react-0.1.2.tgz"},"maintainers":[{"name":"jeffbski","email":"jeff.barczewski@gmail.com"}],"directories":{}},"0.2.0":{"name":"react","description":"React is a javascript module to make it easier to work with asynchronous code, by reducing boilerplate code and improving error and exception handling while allowing variable and task dependencies when defining flow.","version":"0.2.0","author":{"name":"Jeff Barczewski","email":"jeff.barczewski@gmail.com"},"repository":{"type":"git","url":"git://github.com/jeffbski/react.git"},"bugs":{"url":"http://github.com/jeffbski/react/issues"},"licenses":[{"type":"MIT","url":"http://github.com/jeffbski/react/raw/master/LICENSE"}],"main":"react","engines":{"node":"*"},"dependencies":{"eventemitter2":"~0.4.1","sprintf":"~0.1.1","ensure-array":"~0.0.2"},"devDependencies":{"tap":"~0.1.0","tapr":"~0.1.0"},"scripts":{"test":"node_modules/.bin/tapr test"},"_npmUser":{"name":"jeffbski","email":"jeff.barczewski@gmail.com"},"_id":"react@0.2.0","_engineSupported":true,"_npmVersion":"1.0.106","_nodeVersion":"v0.4.12","_defaultsLoaded":true,"dist":{"shasum":"770c2c548cf41e2bb676f86d55732966f83b0183","tarball":"https://registry.npmjs.org/react/-/react-0.2.0.tgz"},"maintainers":[{"name":"jeffbski","email":"jeff.barczewski@gmail.com"}],"directories":{}},"0.2.1":{"name":"react","description":"React is a javascript module to make it easier to work with asynchronous code, by reducing boilerplate code and improving error and exception handling while allowing variable and task dependencies when defining flow.","version":"0.2.1","author":{"name":"Jeff Barczewski","email":"jeff.barczewski@gmail.com"},"repository":{"type":"git","url":"git://github.com/jeffbski/react.git"},"bugs":{"url":"http://github.com/jeffbski/react/issues"},"licenses":[{"type":"MIT","url":"http://github.com/jeffbski/react/raw/master/LICENSE"}],"main":"react","engines":{"node":"*"},"dependencies":{"eventemitter2":"~0.4.1","sprintf":"~0.1.1","ensure-array":"~0.0.2"},"devDependencies":{"tap":"~0.1.0","tapr":"~0.1.0"},"scripts":{"test":"node_modules/.bin/tapr test"},"_npmUser":{"name":"jeffbski","email":"jeff.barczewski@gmail.com"},"_id":"react@0.2.1","_engineSupported":true,"_npmVersion":"1.0.106","_nodeVersion":"v0.4.12","_defaultsLoaded":true,"dist":{"shasum":"9b079278e61ca59b05341abd675286f7508568b0","tarball":"https://registry.npmjs.org/react/-/react-0.2.1.tgz"},"maintainers":[{"name":"jeffbski","email":"jeff.barczewski@gmail.com"}],"directories":{}},"0.2.2":{"name":"react","description":"React is a javascript module to make it easier to work with asynchronous code, by reducing boilerplate code and improving error and exception handling while allowing variable and task dependencies when defining flow.","version":"0.2.2","author":{"name":"Jeff Barczewski","email":"jeff.barczewski@gmail.com"},"repository":{"type":"git","url":"git://github.com/jeffbski/react.git"},"bugs":{"url":"http://github.com/jeffbski/react/issues"},"licenses":[{"type":"MIT","url":"http://github.com/jeffbski/react/raw/master/LICENSE"}],"main":"react","engines":{"node":"*"},"dependencies":{"eventemitter2":"~0.4.1","sprintf":"~0.1.1","ensure-array":"~0.0.2"},"devDependencies":{"tap":"~0.1.0","tapr":"~0.1.0"},"scripts":{"test":"node_modules/.bin/tapr test"},"_npmUser":{"name":"jeffbski","email":"jeff.barczewski@gmail.com"},"_id":"react@0.2.2","_engineSupported":true,"_npmVersion":"1.0.106","_nodeVersion":"v0.4.12","_defaultsLoaded":true,"dist":{"shasum":"09925e7afb8fceab6df5af07e1622581334070e2","tarball":"https://registry.npmjs.org/react/-/react-0.2.2.tgz"},"maintainers":[{"name":"jeffbski","email":"jeff.barczewski@gmail.com"}],"directories":{}},"0.2.3":{"name":"react","description":"React is a javascript module to make it easier to work with asynchronous code, by reducing boilerplate code and improving error and exception handling while allowing variable and task dependencies when defining flow.","version":"0.2.3","author":{"name":"Jeff Barczewski","email":"jeff.barczewski@gmail.com"},"repository":{"type":"git","url":"git://github.com/jeffbski/react.git"},"bugs":{"url":"http://github.com/jeffbski/react/issues"},"licenses":[{"type":"MIT","url":"http://github.com/jeffbski/react/raw/master/LICENSE"}],"main":"react","engines":{"node":"*"},"dependencies":{"eventemitter2":"~0.4.1","sprintf":"~0.1.1","ensure-array":"~0.0.2"},"devDependencies":{"tap":"~0.1.0","tapr":"~0.1.0"},"scripts":{"test":"node_modules/.bin/tapr test"},"_npmUser":{"name":"jeffbski","email":"jeff.barczewski@gmail.com"},"_id":"react@0.2.3","_engineSupported":true,"_npmVersion":"1.0.106","_nodeVersion":"v0.4.12","_defaultsLoaded":true,"dist":{"shasum":"827f7ee5a9648ab56ab22ccbddfd6c051bfbec7c","tarball":"https://registry.npmjs.org/react/-/react-0.2.3.tgz"},"maintainers":[{"name":"jeffbski","email":"jeff.barczewski@gmail.com"}],"directories":{}},"0.2.4":{"name":"react","description":"React is a javascript module to make it easier to work with asynchronous code, by reducing boilerplate code and improving error and exception handling while allowing variable and task dependencies when defining flow.","version":"0.2.4","author":{"name":"Jeff Barczewski","email":"jeff.barczewski@gmail.com"},"repository":{"type":"git","url":"git://github.com/jeffbski/react.git"},"bugs":{"url":"http://github.com/jeffbski/react/issues"},"licenses":[{"type":"MIT","url":"http://github.com/jeffbski/react/raw/master/LICENSE"}],"main":"react","engines":{"node":"*"},"dependencies":{"eventemitter2":"~0.4.1","sprintf":"~0.1.1","ensure-array":"~0.0.2"},"devDependencies":{"tap":"~0.1.0","tapr":"~0.1.0"},"scripts":{"test":"node_modules/.bin/tapr test"},"_npmUser":{"name":"jeffbski","email":"jeff.barczewski@gmail.com"},"_id":"react@0.2.4","_engineSupported":true,"_npmVersion":"1.0.106","_nodeVersion":"v0.4.12","_defaultsLoaded":true,"dist":{"shasum":"39aebe956fc1ad52322bf4fad458d3b41ce33bcc","tarball":"https://registry.npmjs.org/react/-/react-0.2.4.tgz"},"maintainers":[{"name":"jeffbski","email":"jeff.barczewski@gmail.com"}],"directories":{}},"0.2.5":{"name":"react","description":"React is a javascript module to make it easier to work with asynchronous code, by reducing boilerplate code and improving error and exception handling while allowing variable and task dependencies when defining flow.","version":"0.2.5","author":{"name":"Jeff Barczewski","email":"jeff.barczewski@gmail.com"},"repository":{"type":"git","url":"git://github.com/jeffbski/react.git"},"bugs":{"url":"http://github.com/jeffbski/react/issues"},"licenses":[{"type":"MIT","url":"http://github.com/jeffbski/react/raw/master/LICENSE"}],"main":"react","engines":{"node":"*"},"dependencies":{"eventemitter2":"~0.4.1","sprintf":"~0.1.1","ensure-array":"~0.0.2"},"devDependencies":{"tap":"~0.1.0","tapr":"~0.1.0"},"scripts":{"test":"node_modules/.bin/tapr test"},"_npmUser":{"name":"jeffbski","email":"jeff.barczewski@gmail.com"},"_id":"react@0.2.5","_engineSupported":true,"_npmVersion":"1.0.106","_nodeVersion":"v0.4.12","_defaultsLoaded":true,"dist":{"shasum":"c44ae3de5d2fd3e2bf0d4617c3109988b9281a83","tarball":"https://registry.npmjs.org/react/-/react-0.2.5.tgz"},"maintainers":[{"name":"jeffbski","email":"jeff.barczewski@gmail.com"}],"directories":{}},"0.2.6":{"name":"react","description":"React is a javascript module to make it easier to work with asynchronous code, by reducing boilerplate code and improving error and exception handling while allowing variable and task dependencies when defining flow.","version":"0.2.6","author":{"name":"Jeff Barczewski","email":"jeff.barczewski@gmail.com"},"repository":{"type":"git","url":"git://github.com/jeffbski/react.git"},"bugs":{"url":"http://github.com/jeffbski/react/issues"},"licenses":[{"type":"MIT","url":"http://github.com/jeffbski/react/raw/master/LICENSE"}],"main":"react","engines":{"node":"*"},"dependencies":{"eventemitter2":"~0.4.1","sprintf":"~0.1.1","ensure-array":"~0.0.2"},"devDependencies":{"tap":"~0.1.0","tapr":"~0.1.0"},"scripts":{"test":"node_modules/.bin/tapr test"},"_npmUser":{"name":"jeffbski","email":"jeff.barczewski@gmail.com"},"_id":"react@0.2.6","_engineSupported":true,"_npmVersion":"1.0.106","_nodeVersion":"v0.4.12","_defaultsLoaded":true,"dist":{"shasum":"31dd975de23b2d514f9e34bd3b35a806208bf6f4","tarball":"https://registry.npmjs.org/react/-/react-0.2.6.tgz"},"maintainers":[{"name":"jeffbski","email":"jeff.barczewski@gmail.com"}],"directories":{}},"0.3.0":{"name":"react","description":"React is a javascript module to make it easier to work with asynchronous code, by reducing boilerplate code and improving error and exception handling while allowing variable and task dependencies when defining flow.","version":"0.3.0","author":{"name":"Jeff Barczewski","email":"jeff.barczewski@gmail.com"},"repository":{"type":"git","url":"git://github.com/jeffbski/react.git"},"bugs":{"url":"http://github.com/jeffbski/react/issues"},"licenses":[{"type":"MIT","url":"http://github.com/jeffbski/react/raw/master/LICENSE"}],"main":"react","engines":{"node":"*"},"dependencies":{"eventemitter2":"~0.4.1","sprintf":"~0.1.1","ensure-array":"~0.0.2"},"devDependencies":{"tap":"~0.1.0","tapr":"~0.1.0","promised-io":"~0.3.0","Deferred":"~0.1.1"},"scripts":{"test":"node_modules/.bin/tapr test"},"_npmUser":{"name":"jeffbski","email":"jeff.barczewski@gmail.com"},"_id":"react@0.3.0","_engineSupported":true,"_npmVersion":"1.1.0-beta-10","_nodeVersion":"v0.6.7","_defaultsLoaded":true,"dist":{"shasum":"64f73e67ad01c068ead6576cb779611b6ba40746","tarball":"https://registry.npmjs.org/react/-/react-0.3.0.tgz"},"maintainers":[{"name":"jeffbski","email":"jeff.barczewski@gmail.com"}],"directories":{}},"0.3.4":{"name":"react","description":"React is a javascript module to make it easier to work with asynchronous code, by reducing boilerplate code and improving error and exception handling while allowing variable and task dependencies when defining flow.","version":"0.3.4","author":{"name":"Jeff Barczewski","email":"jeff.barczewski@gmail.com"},"repository":{"type":"git","url":"git://github.com/jeffbski/react.git"},"bugs":{"url":"http://github.com/jeffbski/react/issues"},"licenses":[{"type":"MIT","url":"http://github.com/jeffbski/react/raw/master/LICENSE"}],"main":"react","engines":{"node":"*"},"dependencies":{"eventemitter2":"~0.4.1","sprintf":"~0.1.1","ensure-array":"~0.0.2"},"devDependencies":{"tap":"~0.1.0","tapr":"~0.1.0","promised-io":"~0.3.0","Deferred":"~0.1.1"},"scripts":{"test":"node_modules/.bin/tapr test"},"_npmUser":{"name":"jeffbski","email":"jeff.barczewski@gmail.com"},"_id":"react@0.3.4","_engineSupported":true,"_npmVersion":"1.1.0-beta-10","_nodeVersion":"v0.6.7","_defaultsLoaded":true,"dist":{"shasum":"9ef9cc87f380a3d4232506f1f8bda519aa0b0e83","tarball":"https://registry.npmjs.org/react/-/react-0.3.4.tgz"},"maintainers":[{"name":"jeffbski","email":"jeff.barczewski@gmail.com"}],"directories":{}},"0.3.5":{"name":"react","description":"React is a javascript module implementing a lightweight rules engine to make it easier to work with asynchronous code, by reducing boilerplate code and improving error and exception handling while allowing variable and task dependencies when defining flow","version":"0.3.5","author":{"name":"Jeff Barczewski","email":"jeff.barczewski@gmail.com"},"repository":{"type":"git","url":"git://github.com/jeffbski/react.git"},"bugs":{"url":"http://github.com/jeffbski/react/issues"},"licenses":[{"type":"MIT","url":"http://github.com/jeffbski/react/raw/master/LICENSE"}],"main":"react","engines":{"node":"*"},"dependencies":{"eventemitter2":"~0.4.1","sprintf":"~0.1.1","ensure-array":"~0.0.2"},"devDependencies":{"tap":"~0.1.0","tapr":"~0.1.0","promised-io":"~0.3.0","Deferred":"~0.1.1"},"scripts":{"test":"node_modules/.bin/tapr test"},"_npmUser":{"name":"jeffbski","email":"jeff.barczewski@gmail.com"},"_id":"react@0.3.5","_engineSupported":true,"_npmVersion":"1.1.0-beta-10","_nodeVersion":"v0.6.7","_defaultsLoaded":true,"dist":{"shasum":"363b85fa62d6258d449fce394366028f9727321d","tarball":"https://registry.npmjs.org/react/-/react-0.3.5.tgz"},"maintainers":[{"name":"jeffbski","email":"jeff.barczewski@gmail.com"}],"directories":{}},"0.5.0":{"name":"react","description":"React is a javascript module implementing a lightweight rules engine to make it easier to work with asynchronous code, by reducing boilerplate code and improving error and exception handling while allowing variable and task dependencies when defining flow","version":"0.5.0","author":{"name":"Jeff Barczewski","email":"jeff.barczewski@gmail.com"},"repository":{"type":"git","url":"git://github.com/jeffbski/react.git"},"bugs":{"url":"http://github.com/jeffbski/react/issues"},"licenses":[{"type":"MIT","url":"http://github.com/jeffbski/react/raw/master/LICENSE"}],"main":"react","engines":{"node":"*"},"dependencies":{"eventemitter2":"~0.4.1","sprintf":"~0.1.1","ensure-array":"~0.0.2"},"devDependencies":{"tap":"~0.1.0","tapr":"~0.1.0","promised-io":"~0.3.0","Deferred":"~0.1.1"},"scripts":{"test":"node_modules/.bin/tapr test"},"_npmUser":{"name":"jeffbski","email":"jeff.barczewski@gmail.com"},"_id":"react@0.5.0","_engineSupported":true,"_npmVersion":"1.1.0-beta-10","_nodeVersion":"v0.6.7","_defaultsLoaded":true,"dist":{"shasum":"6c1c76a1627b793ace4b961ed29bb32e6452f8cf","tarball":"https://registry.npmjs.org/react/-/react-0.5.0.tgz"},"maintainers":[{"name":"jeffbski","email":"jeff.barczewski@gmail.com"}],"directories":{}},"0.5.1":{"name":"react","description":"React is a javascript module implementing a lightweight rules engine to make it easier to work with asynchronous code, by reducing boilerplate code and improving error and exception handling while allowing variable and task dependencies when defining flow","version":"0.5.1","author":{"name":"Jeff Barczewski","email":"jeff.barczewski@gmail.com"},"repository":{"type":"git","url":"git://github.com/jeffbski/react.git"},"bugs":{"url":"http://github.com/jeffbski/react/issues"},"licenses":[{"type":"MIT","url":"http://github.com/jeffbski/react/raw/master/LICENSE"}],"main":"react","engines":{"node":"*"},"dependencies":{"eventemitter2":"~0.4.1","sprintf":"~0.1.1","ensure-array":"~0.0.2"},"devDependencies":{"tap":"~0.1.0","tapr":"~0.1.0","promised-io":"~0.3.0","Deferred":"~0.1.1"},"scripts":{"test":"node_modules/.bin/tapr test"},"_npmUser":{"name":"jeffbski","email":"jeff.barczewski@gmail.com"},"_id":"react@0.5.1","_engineSupported":true,"_npmVersion":"1.1.0-beta-10","_nodeVersion":"v0.6.7","_defaultsLoaded":true,"dist":{"shasum":"aae9f621d3503018406cc86189d3b040aa1173bf","tarball":"https://registry.npmjs.org/react/-/react-0.5.1.tgz"},"maintainers":[{"name":"jeffbski","email":"jeff.barczewski@gmail.com"}],"directories":{}},"0.5.2":{"name":"react","description":"React is a javascript module implementing a lightweight rules engine to make it easier to work with asynchronous code, by reducing boilerplate code and improving error and exception handling while allowing variable and task dependencies when defining flow","version":"0.5.2","author":{"name":"Jeff Barczewski","email":"jeff.barczewski@gmail.com"},"repository":{"type":"git","url":"git://github.com/jeffbski/react.git"},"bugs":{"url":"http://github.com/jeffbski/react/issues"},"licenses":[{"type":"MIT","url":"http://github.com/jeffbski/react/raw/master/LICENSE"}],"main":"react","engines":{"node":"*"},"dependencies":{"eventemitter2":"~0.4.1","sprintf":"~0.1.1","ensure-array":"~0.0.2"},"devDependencies":{"tap":"~0.1.0","tapr":"~0.1.0","promised-io":"~0.3.0","Deferred":"~0.1.1"},"scripts":{"test":"node_modules/.bin/tapr test"},"_npmUser":{"name":"jeffbski","email":"jeff.barczewski@gmail.com"},"_id":"react@0.5.2","_engineSupported":true,"_npmVersion":"1.1.0-beta-10","_nodeVersion":"v0.6.11","_defaultsLoaded":true,"dist":{"shasum":"5f77c6eab101d965fb98785c68940c6e17c0b7b6","tarball":"https://registry.npmjs.org/react/-/react-0.5.2.tgz"},"maintainers":[{"name":"jeffbski","email":"jeff.barczewski@gmail.com"}],"directories":{}},"0.6.0":{"name":"react","description":"React is a javascript module implementing a lightweight rules engine to make it easier to work with asynchronous code, by reducing boilerplate code and improving error and exception handling while allowing variable and task dependencies when defining flow","version":"0.6.0","author":{"name":"Jeff Barczewski","email":"jeff.barczewski@gmail.com"},"repository":{"type":"git","url":"git://github.com/jeffbski/react.git"},"bugs":{"url":"http://github.com/jeffbski/react/issues"},"licenses":[{"type":"MIT","url":"http://github.com/jeffbski/react/raw/master/LICENSE"}],"main":"lib/react","engines":{"node":">=0.6"},"dependencies":{"amdefine":"~0.0.2","eventemitter2":"~0.4.1","sprint":"~0.3.0","ensure-array":"~0.0.5"},"devDependencies":{"requirejs":"~1.0.7","mocha":"~0.14.1","chai":"~0.5.2","jake":"~0.2.31","Deferred":"~0.1.1"},"scripts":{"test":"./node_modules/mocha/bin/mocha ./test/*.mocha.js"},"_npmUser":{"name":"jeffbski","email":"jeff.barczewski@gmail.com"},"_id":"react@0.6.0","optionalDependencies":{},"_engineSupported":true,"_npmVersion":"1.1.12","_nodeVersion":"v0.6.12","_defaultsLoaded":true,"dist":{"shasum":"ad4ba0cff733a24d104e58b0cbfdef66c9b8a65f","tarball":"https://registry.npmjs.org/react/-/react-0.6.0.tgz"},"maintainers":[{"name":"jeffbski","email":"jeff.barczewski@gmail.com"}],"directories":{}},"0.6.1":{"name":"react","description":"React is a javascript module implementing a lightweight rules engine to make it easier to work with asynchronous code, by reducing boilerplate code and improving error and exception handling while allowing variable and task dependencies when defining flow","version":"0.6.1","author":{"name":"Jeff Barczewski","email":"jeff.barczewski@gmail.com"},"repository":{"type":"git","url":"git://github.com/jeffbski/react.git"},"bugs":{"url":"http://github.com/jeffbski/react/issues"},"licenses":[{"type":"MIT","url":"http://github.com/jeffbski/react/raw/master/LICENSE"}],"main":"lib/react","engines":{"node":">=0.6"},"dependencies":{"amdefine":"~0.0.2","eventemitter2":"~0.4.1","ensure-array":"~0.0.5"},"devDependencies":{"requirejs":"~1.0.7","mocha":"~0.14.1","chai":"~0.5.2","jake":"~0.2.31","Deferred":"~0.1.1"},"scripts":{"test":"./node_modules/mocha/bin/mocha ./test/*.mocha.js"},"_npmUser":{"name":"jeffbski","email":"jeff.barczewski@gmail.com"},"_id":"react@0.6.1","optionalDependencies":{},"_engineSupported":true,"_npmVersion":"1.1.12","_nodeVersion":"v0.6.12","_defaultsLoaded":true,"dist":{"shasum":"8a68961f0da0bf41d67e35f8ccda4161b9ba9e22","tarball":"https://registry.npmjs.org/react/-/react-0.6.1.tgz"},"maintainers":[{"name":"jeffbski","email":"jeff.barczewski@gmail.com"}],"directories":{}},"0.6.2":{"name":"react","description":"React is a javascript module implementing a lightweight rules engine to make it easier to work with asynchronous code, by reducing boilerplate code and improving error and exception handling while allowing variable and task dependencies when defining flow","version":"0.6.2","author":{"name":"Jeff Barczewski","email":"jeff.barczewski@gmail.com"},"repository":{"type":"git","url":"git://github.com/jeffbski/react.git"},"bugs":{"url":"http://github.com/jeffbski/react/issues"},"licenses":[{"type":"MIT","url":"http://github.com/jeffbski/react/raw/master/LICENSE"}],"main":"lib/react","engines":{"node":">=0.6"},"dependencies":{"amdefine":"~0.0.2","eventemitter2":"~0.4.1","ensure-array":"~0.0.5"},"devDependencies":{"requirejs":"~2.0.6","mocha":"~1.4.2","chai":"~1.2.0","jake":"~0.3.16","Deferred":"~0.1.1"},"scripts":{"test":"./node_modules/mocha/bin/mocha ./test/*.mocha.js"},"_npmUser":{"name":"jeffbski","email":"jeff.barczewski@gmail.com"},"_id":"react@0.6.2","optionalDependencies":{},"_engineSupported":true,"_npmVersion":"1.1.12","_nodeVersion":"v0.8.8","_defaultsLoaded":true,"dist":{"shasum":"9d2d0c241a94c526663ccec605cb53c429ccea9e","tarball":"https://registry.npmjs.org/react/-/react-0.6.2.tgz"},"maintainers":[{"name":"jeffbski","email":"jeff.barczewski@gmail.com"}],"directories":{}},"0.6.3":{"name":"react","description":"React is a javascript module implementing a lightweight rules engine to make it easier to work with asynchronous code, by reducing boilerplate code and improving error and exception handling while allowing variable and task dependencies when defining flow","version":"0.6.3","author":{"name":"Jeff Barczewski","email":"jeff.barczewski@gmail.com"},"repository":{"type":"git","url":"git://github.com/jeffbski/react.git"},"bugs":{"url":"http://github.com/jeffbski/react/issues"},"licenses":[{"type":"MIT","url":"http://github.com/jeffbski/react/raw/master/LICENSE"}],"main":"lib/react","engines":{"node":">=0.6"},"dependencies":{"amdefine":"~0.0.2","eventemitter2":"~0.4.1","ensure-array":"~0.0.5"},"devDependencies":{"requirejs":"~2.0.6","mocha":"~1.4.2","chai":"~1.2.0","jake":"~0.3.16","Deferred":"~0.1.1"},"scripts":{"test":"./node_modules/mocha/bin/mocha ./test/*.mocha.js"},"_npmUser":{"name":"jeffbski","email":"jeff.barczewski@gmail.com"},"_id":"react@0.6.3","optionalDependencies":{},"_engineSupported":true,"_npmVersion":"1.1.12","_nodeVersion":"v0.8.8","_defaultsLoaded":true,"dist":{"shasum":"87b89ccac78deecdd148c93989b0ba08da8c127f","tarball":"https://registry.npmjs.org/react/-/react-0.6.3.tgz"},"maintainers":[{"name":"jeffbski","email":"jeff.barczewski@gmail.com"}],"directories":{}},"0.7.0":{"name":"react","description":"React is a javascript module implementing a lightweight rules engine to make it easier to work with asynchronous code, by reducing boilerplate code and improving error and exception handling while allowing variable and task dependencies when defining flow","version":"0.7.0","author":{"name":"Jeff Barczewski","email":"jeff.barczewski@gmail.com"},"repository":{"type":"git","url":"http://github.com/jeffbski/react.git"},"bugs":{"url":"http://github.com/jeffbski/react/issues"},"licenses":[{"type":"MIT","url":"http://github.com/jeffbski/react/raw/master/LICENSE"}],"main":"lib/react","engines":{"node":">=0.6"},"dependencies":{"amdefine":"~0.0.5","eventemitter2":"~0.4.11","ensure-array":"~0.0.5"},"devDependencies":{"requirejs":"~2.1.6","mocha":"~1.10.0","chai":"~1.6.0","jake":"~0.5.15","Deferred":"~0.1.1"},"scripts":{"test":"./node_modules/mocha/bin/mocha ./test/*.mocha.js"},"_id":"react@0.7.0","dist":{"shasum":"8b4713aa18d019f0a72d7d935954aec9779aa389","tarball":"https://registry.npmjs.org/react/-/react-0.7.0.tgz"},"_from":".","_npmVersion":"1.2.18","_npmUser":{"name":"jeffbski","email":"jeff.barczewski@gmail.com"},"maintainers":[{"name":"jeffbski","email":"jeff.barczewski@gmail.com"}],"directories":{}},"0.7.1":{"name":"react","description":"React is a javascript module implementing a lightweight rules engine to make it easier to work with asynchronous code, by reducing boilerplate code and improving error and exception handling while allowing variable and task dependencies when defining flow","version":"0.7.1","author":{"name":"Jeff Barczewski","email":"jeff.barczewski@gmail.com"},"repository":{"type":"git","url":"http://github.com/jeffbski/react.git"},"bugs":{"url":"http://github.com/jeffbski/react/issues"},"licenses":[{"type":"MIT","url":"http://github.com/jeffbski/react/raw/master/LICENSE"}],"main":"lib/react","engines":{"node":">=0.6"},"dependencies":{"amdefine":"~0.0.5","eventemitter2":"~0.4.11","ensure-array":"~0.0.5"},"devDependencies":{"requirejs":"~2.1.6","mocha":"~1.10.0","chai":"~1.6.0","jake":"~0.5.15","Deferred":"~0.1.1"},"keywords":["flow","flow control","control flow","dataflow","reactive","deferred","promise","async"],"scripts":{"test":"./node_modules/mocha/bin/mocha ./test/*.mocha.js"},"_id":"react@0.7.1","dist":{"shasum":"5975afe741f977ba3dcd26faca432a832c0c7b04","tarball":"https://registry.npmjs.org/react/-/react-0.7.1.tgz"},"_from":".","_npmVersion":"1.2.18","_npmUser":{"name":"jeffbski","email":"jeff.barczewski@gmail.com"},"maintainers":[{"name":"jeffbski","email":"jeff.barczewski@gmail.com"}],"directories":{},"deprecated":"The jeffbski/react module has been renamed to 'autoflow'. Please update your dependencies to point to autoflow. react@0.8.0+ will now refer to facebook/react"},"0.8.0":{"name":"react","version":"0.8.0","keywords":["react"],"homepage":"https://github.com/facebook/react/tree/master/npm-react","bugs":{"url":"https://github.com/facebook/react/issues?labels=react-core"},"licenses":[{"type":"Apache-2.0","url":"http://www.apache.org/licenses/LICENSE-2.0"}],"files":["README.md","addons.js","react.js","ReactJSErrors.js","lib/"],"main":"react.js","repository":{"type":"git","url":"https://github.com/facebook/react"},"engines":{"node":">=0.10.0"},"peerDependencies":{"envify":"~0.2.0"},"browserify":{"transform":["envify"]},"description":"An npm package to get you immediate access to [React](http://facebook.github.io/react/), without also requiring the JSX transformer. This is especially useful for cases where you want to [`browserify`](https://github.com/substack/node-browserify) your mod","_id":"react@0.8.0","dist":{"shasum":"9aef0dbc3e05b44d96139cdbdaa5d727b0506e1e","tarball":"https://registry.npmjs.org/react/-/react-0.8.0.tgz"},"_resolved":"react-0.8.0.tgz","_from":"react-0.8.0.tgz","scripts":{},"_npmVersion":"1.3.14","_npmUser":{"name":"zpao","email":"paul@oshannessy.com"},"maintainers":[{"name":"jeffbski","email":"jeff.barczewski@gmail.com"},{"name":"zpao","email":"paul@oshannessy.com"}],"directories":{}},"0.9.0-rc1":{"name":"react","version":"0.9.0-rc1","keywords":["react"],"homepage":"https://github.com/facebook/react/tree/master/npm-react","bugs":{"url":"https://github.com/facebook/react/issues?labels=react-core"},"licenses":[{"type":"Apache-2.0","url":"http://www.apache.org/licenses/LICENSE-2.0"}],"files":["README.md","addons.js","react.js","lib/"],"main":"react.js","repository":{"type":"git","url":"https://github.com/facebook/react"},"engines":{"node":">=0.10.0"},"peerDependencies":{"envify":"~1.0.1"},"browserify":{"transform":["envify"]},"description":"An npm package to get you immediate access to [React](http://facebook.github.io/react/), without also requiring the JSX transformer. This is especially useful for cases where you want to [`browserify`](https://github.com/substack/node-browserify) your mod","_id":"react@0.9.0-rc1","dist":{"shasum":"44f830c1a506bdc4f042be940c638728ea5eb2f5","tarball":"https://registry.npmjs.org/react/-/react-0.9.0-rc1.tgz"},"_from":".","_npmVersion":"1.3.21","_npmUser":{"name":"zpao","email":"paul@oshannessy.com"},"maintainers":[{"name":"jeffbski","email":"jeff.barczewski@gmail.com"},{"name":"zpao","email":"paul@oshannessy.com"}],"directories":{}},"0.9.0":{"name":"react","description":"React is a JavaScript library for building user interfaces.","version":"0.9.0","keywords":["react"],"homepage":"https://github.com/facebook/react/tree/master/npm-react","bugs":{"url":"https://github.com/facebook/react/issues?labels=react-core"},"licenses":[{"type":"Apache-2.0","url":"http://www.apache.org/licenses/LICENSE-2.0"}],"files":["README.md","addons.js","react.js","lib/"],"main":"react.js","repository":{"type":"git","url":"https://github.com/facebook/react"},"engines":{"node":">=0.10.0"},"peerDependencies":{"envify":"~1.2.0"},"browserify":{"transform":["envify"]},"_id":"react@0.9.0","dist":{"shasum":"c1c91e19fe391f997012791839ddffded20c68fd","tarball":"https://registry.npmjs.org/react/-/react-0.9.0.tgz"},"_resolved":"react.tgz","_from":"react.tgz","scripts":{},"_npmVersion":"1.3.14","_npmUser":{"name":"zpao","email":"paul@oshannessy.com"},"maintainers":[{"name":"zpao","email":"paul@oshannessy.com"},{"name":"jeffmo","email":"jeff@anafx.com"}],"directories":{}},"0.10.0-rc1":{"name":"react","description":"React is a JavaScript library for building user interfaces.","version":"0.10.0-rc1","keywords":["react"],"homepage":"https://github.com/facebook/react/tree/master/npm-react","bugs":{"url":"https://github.com/facebook/react/issues?labels=react-core"},"licenses":[{"type":"Apache-2.0","url":"http://www.apache.org/licenses/LICENSE-2.0"}],"files":["README.md","addons.js","react.js","lib/"],"main":"react.js","repository":{"type":"git","url":"https://github.com/facebook/react"},"engines":{"node":">=0.10.0"},"peerDependencies":{"envify":"~1.2.0"},"browserify":{"transform":["envify"]},"_id":"react@0.10.0-rc1","dist":{"shasum":"04c3ed833fb72249e2dce7dee33f63e0f781e010","tarball":"https://registry.npmjs.org/react/-/react-0.10.0-rc1.tgz"},"_from":".","_npmVersion":"1.4.3","_npmUser":{"name":"zpao","email":"paul@oshannessy.com"},"maintainers":[{"name":"zpao","email":"paul@oshannessy.com"},{"name":"jeffmo","email":"jeff@anafx.com"}],"directories":{}},"0.10.0":{"name":"react","description":"React is a JavaScript library for building user interfaces.","version":"0.10.0","keywords":["react"],"homepage":"https://github.com/facebook/react/tree/master/npm-react","bugs":{"url":"https://github.com/facebook/react/issues?labels=react-core"},"licenses":[{"type":"Apache-2.0","url":"http://www.apache.org/licenses/LICENSE-2.0"}],"files":["README.md","addons.js","react.js","lib/"],"main":"react.js","repository":{"type":"git","url":"https://github.com/facebook/react"},"engines":{"node":">=0.10.0"},"peerDependencies":{"envify":"~1.2.0"},"browserify":{"transform":["envify"]},"_id":"react@0.10.0","dist":{"shasum":"8c82753593d3f325ca99d820f7400ab02f1ee1f8","tarball":"https://registry.npmjs.org/react/-/react-0.10.0.tgz"},"_resolved":"react.tgz","_from":"react.tgz","scripts":{},"_npmVersion":"1.4.3","_npmUser":{"name":"zpao","email":"paul@oshannessy.com"},"maintainers":[{"name":"zpao","email":"paul@oshannessy.com"},{"name":"jeffmo","email":"jeff@anafx.com"}],"directories":{}},"0.11.0-rc1":{"name":"react","description":"React is a JavaScript library for building user interfaces.","version":"0.11.0-rc1","keywords":["react"],"homepage":"https://github.com/facebook/react/tree/master/npm-react","bugs":{"url":"https://github.com/facebook/react/issues?labels=react-core"},"licenses":[{"type":"Apache-2.0","url":"http://www.apache.org/licenses/LICENSE-2.0"}],"files":["README.md","addons.js","react.js","dist/","lib/"],"main":"react.js","repository":{"type":"git","url":"https://github.com/facebook/react"},"engines":{"node":">=0.10.0"},"dependencies":{"envify":"^2.0.0"},"browserify":{"transform":["envify"]},"_id":"react@0.11.0-rc1","_shasum":"584eb0d2f4c23fa5e44185837d75a24d19fd6877","_resolved":"react.tgz","_from":"react.tgz","scripts":{},"_npmVersion":"1.4.20","_npmUser":{"name":"zpao","email":"paul@oshannessy.com"},"maintainers":[{"name":"zpao","email":"paul@oshannessy.com"},{"name":"jeffmo","email":"jeff@anafx.com"}],"dist":{"shasum":"584eb0d2f4c23fa5e44185837d75a24d19fd6877","tarball":"https://registry.npmjs.org/react/-/react-0.11.0-rc1.tgz"},"directories":{}},"0.11.0":{"name":"react","description":"React is a JavaScript library for building user interfaces.","version":"0.11.0","keywords":["react"],"homepage":"https://github.com/facebook/react/tree/master/npm-react","bugs":{"url":"https://github.com/facebook/react/issues?labels=react-core"},"licenses":[{"type":"Apache-2.0","url":"http://www.apache.org/licenses/LICENSE-2.0"}],"files":["README.md","addons.js","react.js","dist/","lib/"],"main":"react.js","repository":{"type":"git","url":"https://github.com/facebook/react"},"engines":{"node":">=0.10.0"},"dependencies":{"envify":"^2.0.0"},"browserify":{"transform":["envify"]},"_id":"react@0.11.0","_shasum":"110428587ef97a28d9525df148e4ceffeb0be37b","_resolved":"react.tgz","_from":"react.tgz","scripts":{},"_npmVersion":"1.4.20","_npmUser":{"name":"zpao","email":"paul@oshannessy.com"},"maintainers":[{"name":"zpao","email":"paul@oshannessy.com"},{"name":"jeffmo","email":"jeff@anafx.com"}],"dist":{"shasum":"110428587ef97a28d9525df148e4ceffeb0be37b","tarball":"https://registry.npmjs.org/react/-/react-0.11.0.tgz"},"directories":{}},"0.11.1":{"name":"react","description":"React is a JavaScript library for building user interfaces.","version":"0.11.1","keywords":["react"],"homepage":"https://github.com/facebook/react/tree/master/npm-react","bugs":{"url":"https://github.com/facebook/react/issues?labels=react-core"},"licenses":[{"type":"Apache-2.0","url":"http://www.apache.org/licenses/LICENSE-2.0"}],"files":["README.md","addons.js","react.js","dist/","lib/"],"main":"react.js","repository":{"type":"git","url":"https://github.com/facebook/react"},"engines":{"node":">=0.10.0"},"dependencies":{"envify":"^2.0.0"},"browserify":{"transform":["envify"]},"_id":"react@0.11.1","_shasum":"201190712f69bc451e2c83946653384d7448aaff","_resolved":"react.tgz","_from":"react.tgz","scripts":{},"_npmVersion":"1.4.14","_npmUser":{"name":"zpao","email":"paul@oshannessy.com"},"maintainers":[{"name":"zpao","email":"paul@oshannessy.com"},{"name":"jeffmo","email":"jeff@anafx.com"}],"dist":{"shasum":"201190712f69bc451e2c83946653384d7448aaff","tarball":"https://registry.npmjs.org/react/-/react-0.11.1.tgz"},"directories":{}},"0.11.2":{"name":"react","description":"React is a JavaScript library for building user interfaces.","version":"0.11.2","keywords":["react"],"homepage":"https://github.com/facebook/react/tree/master/npm-react","bugs":{"url":"https://github.com/facebook/react/issues?labels=react-core"},"licenses":[{"type":"Apache-2.0","url":"http://www.apache.org/licenses/LICENSE-2.0"}],"files":["README.md","addons.js","react.js","dist/","lib/"],"main":"react.js","repository":{"type":"git","url":"https://github.com/facebook/react"},"engines":{"node":">=0.10.0"},"dependencies":{"envify":"^2.0.0"},"browserify":{"transform":["envify"]},"_id":"react@0.11.2","_shasum":"eaeb787e9b1e266a3540c07c06f4ea80fe1e3766","_resolved":"react.tgz","_from":"react.tgz","scripts":{},"_npmVersion":"1.4.23","_npmUser":{"name":"zpao","email":"paul@oshannessy.com"},"maintainers":[{"name":"zpao","email":"paul@oshannessy.com"},{"name":"jeffmo","email":"jeff@anafx.com"}],"dist":{"shasum":"eaeb787e9b1e266a3540c07c06f4ea80fe1e3766","tarball":"https://registry.npmjs.org/react/-/react-0.11.2.tgz"},"directories":{}},"0.12.0-rc1":{"name":"react","description":"React is a JavaScript library for building user interfaces.","version":"0.12.0-rc1","keywords":["react"],"homepage":"https://github.com/facebook/react/tree/master/npm-react","bugs":{"url":"https://github.com/facebook/react/issues?labels=react-core"},"license":"BSD-3-Clause","files":["README.md","addons.js","react.js","dist/","lib/"],"main":"react.js","repository":{"type":"git","url":"https://github.com/facebook/react"},"engines":{"node":">=0.10.0"},"dependencies":{"envify":"^3.0.0"},"browserify":{"transform":["envify"]},"_id":"react@0.12.0-rc1","_shasum":"de56afc07e834fdf2f988a9c1026c25b93a61636","_resolved":"/Users/poshannessy/FB/code/react/build/react.tgz","_from":"build/react.tgz","scripts":{},"_npmVersion":"2.1.3","_nodeVersion":"0.10.31","_npmUser":{"name":"zpao","email":"paul@oshannessy.com"},"maintainers":[{"name":"zpao","email":"paul@oshannessy.com"},{"name":"jeffmo","email":"jeff@anafx.com"}],"dist":{"shasum":"de56afc07e834fdf2f988a9c1026c25b93a61636","tarball":"https://registry.npmjs.org/react/-/react-0.12.0-rc1.tgz"},"directories":{}},"0.12.0":{"name":"react","description":"React is a JavaScript library for building user interfaces.","version":"0.12.0","keywords":["react"],"homepage":"https://github.com/facebook/react/tree/master/npm-react","bugs":{"url":"https://github.com/facebook/react/issues?labels=react-core"},"license":"BSD-3-Clause","files":["README.md","addons.js","react.js","dist/","lib/"],"main":"react.js","repository":{"type":"git","url":"https://github.com/facebook/react"},"engines":{"node":">=0.10.0"},"dependencies":{"envify":"^3.0.0"},"browserify":{"transform":["envify"]},"_id":"react@0.12.0","_shasum":"4361809e9fc234fc89db4ebc087bdda07908a56b","_resolved":"/Users/poshannessy/FB/code/react/build/react.tgz","_from":"build/react.tgz","scripts":{},"_npmVersion":"2.1.4","_nodeVersion":"0.10.32","_npmUser":{"name":"zpao","email":"paul@oshannessy.com"},"maintainers":[{"name":"zpao","email":"paul@oshannessy.com"},{"name":"jeffmo","email":"jeff@anafx.com"}],"dist":{"shasum":"4361809e9fc234fc89db4ebc087bdda07908a56b","tarball":"https://registry.npmjs.org/react/-/react-0.12.0.tgz"},"directories":{}},"0.12.1":{"name":"react","description":"React is a JavaScript library for building user interfaces.","version":"0.12.1","keywords":["react"],"homepage":"https://github.com/facebook/react/tree/master/npm-react","bugs":{"url":"https://github.com/facebook/react/issues?labels=react-core"},"license":"BSD-3-Clause","files":["README.md","addons.js","react.js","dist/","lib/"],"main":"react.js","repository":{"type":"git","url":"https://github.com/facebook/react"},"engines":{"node":">=0.10.0"},"dependencies":{"envify":"^3.0.0"},"browserify":{"transform":["envify"]},"_id":"react@0.12.1","_shasum":"b73836f4f1888ce79c9372208398a3fb5483bc35","_resolved":"react.tgz","_from":"react.tgz","scripts":{},"_npmVersion":"1.4.21","_npmUser":{"name":"jeffmo","email":"jeff@anafx.com"},"maintainers":[{"name":"zpao","email":"paul@oshannessy.com"},{"name":"jeffmo","email":"jeff@anafx.com"}],"dist":{"shasum":"b73836f4f1888ce79c9372208398a3fb5483bc35","tarball":"https://registry.npmjs.org/react/-/react-0.12.1.tgz"},"directories":{}},"0.12.2":{"name":"react","description":"React is a JavaScript library for building user interfaces.","version":"0.12.2","keywords":["react"],"homepage":"https://github.com/facebook/react/tree/master/npm-react","bugs":{"url":"https://github.com/facebook/react/issues?labels=react-core"},"license":"BSD-3-Clause","files":["README.md","addons.js","react.js","dist/","lib/"],"main":"react.js","repository":{"type":"git","url":"https://github.com/facebook/react"},"engines":{"node":">=0.10.0"},"dependencies":{"envify":"^3.0.0"},"browserify":{"transform":["envify"]},"_id":"react@0.12.2","_shasum":"1c4f0b08818146eeab4f0ab39257e0aa52027e00","_resolved":"file:build/react.tgz","_from":"build/react.tgz","scripts":{},"_npmVersion":"2.1.11","_nodeVersion":"0.10.32","_npmUser":{"name":"zpao","email":"paul@oshannessy.com"},"maintainers":[{"name":"zpao","email":"paul@oshannessy.com"},{"name":"jeffmo","email":"jeff@anafx.com"}],"dist":{"shasum":"1c4f0b08818146eeab4f0ab39257e0aa52027e00","tarball":"https://registry.npmjs.org/react/-/react-0.12.2.tgz"},"directories":{}},"0.13.0-alpha.1":{"name":"react","description":"React is a JavaScript library for building user interfaces.","version":"0.13.0-alpha.1","keywords":["react"],"homepage":"https://github.com/facebook/react/tree/master/npm-react","bugs":{"url":"https://github.com/facebook/react/issues?labels=react-core"},"license":"BSD-3-Clause","files":["README.md","addons.js","react.js","dist/","lib/"],"main":"react.js","repository":{"type":"git","url":"https://github.com/facebook/react"},"engines":{"node":">=0.10.0"},"dependencies":{"envify":"^3.0.0"},"browserify":{"transform":["envify"]},"_id":"react@0.13.0-alpha.1","_shasum":"3f456c28218911536bb331f95f293ac4983ebcd3","_resolved":"file:build/react.tgz","_from":"build/react.tgz","scripts":{},"_npmVersion":"2.1.11","_nodeVersion":"0.10.32","_npmUser":{"name":"zpao","email":"paul@oshannessy.com"},"maintainers":[{"name":"zpao","email":"paul@oshannessy.com"},{"name":"jeffmo","email":"jeff@anafx.com"}],"dist":{"shasum":"3f456c28218911536bb331f95f293ac4983ebcd3","tarball":"https://registry.npmjs.org/react/-/react-0.13.0-alpha.1.tgz"},"directories":{}},"0.13.0-alpha.2":{"name":"react","description":"React is a JavaScript library for building user interfaces.","version":"0.13.0-alpha.2","keywords":["react"],"homepage":"https://github.com/facebook/react/tree/master/npm-react","bugs":{"url":"https://github.com/facebook/react/issues?labels=react-core"},"license":"BSD-3-Clause","files":["README.md","addons.js","react.js","dist/","lib/"],"main":"react.js","repository":{"type":"git","url":"https://github.com/facebook/react"},"engines":{"node":">=0.10.0"},"dependencies":{"envify":"^3.0.0"},"browserify":{"transform":["envify"]},"_id":"react@0.13.0-alpha.2","_shasum":"ef16c2018564cf12560543abdde2425f995761f8","_resolved":"file:build/react.tgz","_from":"build/react.tgz","scripts":{},"_npmVersion":"2.1.11","_nodeVersion":"0.10.32","_npmUser":{"name":"zpao","email":"paul@oshannessy.com"},"maintainers":[{"name":"zpao","email":"paul@oshannessy.com"},{"name":"jeffmo","email":"jeff@anafx.com"}],"dist":{"shasum":"ef16c2018564cf12560543abdde2425f995761f8","tarball":"https://registry.npmjs.org/react/-/react-0.13.0-alpha.2.tgz"},"directories":{}},"0.13.0-beta.1":{"name":"react","description":"React is a JavaScript library for building user interfaces.","version":"0.13.0-beta.1","keywords":["react"],"homepage":"https://github.com/facebook/react/tree/master/npm-react","bugs":{"url":"https://github.com/facebook/react/issues?labels=react-core"},"license":"BSD-3-Clause","files":["README.md","addons.js","react.js","dist/","lib/"],"main":"react.js","repository":{"type":"git","url":"https://github.com/facebook/react"},"engines":{"node":">=0.10.0"},"dependencies":{"envify":"^3.0.0"},"browserify":{"transform":["envify"]},"_id":"react@0.13.0-beta.1","_shasum":"3116a1a088a10f7c758b26d0b4cbc3c13d6a8f29","_resolved":"file:build/react.tgz","_from":"build/react.tgz","scripts":{},"_npmVersion":"2.1.11","_nodeVersion":"0.10.32","_npmUser":{"name":"zpao","email":"paul@oshannessy.com"},"maintainers":[{"name":"zpao","email":"paul@oshannessy.com"},{"name":"jeffmo","email":"jeff@anafx.com"}],"dist":{"shasum":"3116a1a088a10f7c758b26d0b4cbc3c13d6a8f29","tarball":"https://registry.npmjs.org/react/-/react-0.13.0-beta.1.tgz"},"directories":{}},"0.13.0-beta.2":{"name":"react","description":"React is a JavaScript library for building user interfaces.","version":"0.13.0-beta.2","keywords":["react"],"homepage":"https://github.com/facebook/react/tree/master/npm-react","bugs":{"url":"https://github.com/facebook/react/issues?labels=react-core"},"license":"BSD-3-Clause","files":["README.md","addons.js","react.js","dist/","lib/"],"main":"react.js","repository":{"type":"git","url":"https://github.com/facebook/react"},"engines":{"node":">=0.10.0"},"dependencies":{"envify":"^3.0.0"},"browserify":{"transform":["envify"]},"_id":"react@0.13.0-beta.2","_shasum":"94495988d861802afb9e4dc36acf387463c98614","_resolved":"file:build/react.tgz","_from":"build/react.tgz","scripts":{},"_npmVersion":"2.4.1","_nodeVersion":"0.10.32","_npmUser":{"name":"zpao","email":"paul@oshannessy.com"},"maintainers":[{"name":"zpao","email":"paul@oshannessy.com"},{"name":"jeffmo","email":"jeff@anafx.com"}],"dist":{"shasum":"94495988d861802afb9e4dc36acf387463c98614","tarball":"https://registry.npmjs.org/react/-/react-0.13.0-beta.2.tgz"},"directories":{}},"0.13.0-rc1":{"name":"react","description":"React is a JavaScript library for building user interfaces.","version":"0.13.0-rc1","keywords":["react"],"homepage":"https://github.com/facebook/react/tree/master/npm-react","bugs":{"url":"https://github.com/facebook/react/issues?labels=react-core"},"license":"BSD-3-Clause","files":["README.md","addons.js","react.js","dist/","lib/"],"main":"react.js","repository":{"type":"git","url":"https://github.com/facebook/react"},"engines":{"node":">=0.10.0"},"dependencies":{"envify":"^3.0.0"},"browserify":{"transform":["envify"]},"_id":"react@0.13.0-rc1","_shasum":"1773c4cf6b4f422b665eceb276345cfc030678ac","_resolved":"file:build/react.tgz","_from":"build/react.tgz","scripts":{},"_npmVersion":"2.4.1","_nodeVersion":"0.10.32","_npmUser":{"name":"zpao","email":"paul@oshannessy.com"},"maintainers":[{"name":"zpao","email":"paul@oshannessy.com"},{"name":"jeffmo","email":"jeff@anafx.com"}],"dist":{"shasum":"1773c4cf6b4f422b665eceb276345cfc030678ac","tarball":"https://registry.npmjs.org/react/-/react-0.13.0-rc1.tgz"},"directories":{}},"0.13.0-rc2":{"name":"react","description":"React is a JavaScript library for building user interfaces.","version":"0.13.0-rc2","keywords":["react"],"homepage":"https://github.com/facebook/react/tree/master/npm-react","bugs":{"url":"https://github.com/facebook/react/issues?labels=react-core"},"license":"BSD-3-Clause","files":["README.md","addons.js","react.js","dist/","lib/"],"main":"react.js","repository":{"type":"git","url":"https://github.com/facebook/react"},"engines":{"node":">=0.10.0"},"dependencies":{"envify":"^3.0.0"},"browserify":{"transform":["envify"]},"_id":"react@0.13.0-rc2","_shasum":"34e13467a0a198d44a5862bb7471177379129570","_resolved":"file:build/react.tgz","_from":"build/react.tgz","scripts":{},"_npmVersion":"2.6.1","_nodeVersion":"0.10.36","_npmUser":{"name":"zpao","email":"paul@oshannessy.com"},"maintainers":[{"name":"zpao","email":"paul@oshannessy.com"},{"name":"jeffmo","email":"jeff@anafx.com"}],"dist":{"shasum":"34e13467a0a198d44a5862bb7471177379129570","tarball":"https://registry.npmjs.org/react/-/react-0.13.0-rc2.tgz"},"directories":{}},"0.13.0":{"name":"react","description":"React is a JavaScript library for building user interfaces.","version":"0.13.0","keywords":["react"],"homepage":"https://github.com/facebook/react/tree/master/npm-react","bugs":{"url":"https://github.com/facebook/react/issues?labels=react-core"},"license":"BSD-3-Clause","files":["README.md","addons.js","react.js","dist/","lib/"],"main":"react.js","repository":{"type":"git","url":"https://github.com/facebook/react"},"engines":{"node":">=0.10.0"},"dependencies":{"envify":"^3.0.0"},"browserify":{"transform":["envify"]},"_id":"react@0.13.0","_shasum":"34e0c78014589ed56884bb835282b0acd3fc57d7","_resolved":"file:build/react.tgz","_from":"build/react.tgz","scripts":{},"_npmVersion":"2.6.1","_nodeVersion":"0.10.36","_npmUser":{"name":"zpao","email":"paul@oshannessy.com"},"maintainers":[{"name":"zpao","email":"paul@oshannessy.com"},{"name":"jeffmo","email":"jeff@anafx.com"},{"name":"sebmarkbage","email":"sebastian@calyptus.eu"},{"name":"spicyj","email":"ben@benalpert.com"}],"dist":{"shasum":"34e0c78014589ed56884bb835282b0acd3fc57d7","tarball":"https://registry.npmjs.org/react/-/react-0.13.0.tgz"},"directories":{}},"0.13.1":{"name":"react","description":"React is a JavaScript library for building user interfaces.","version":"0.13.1","keywords":["react"],"homepage":"https://github.com/facebook/react/tree/master/npm-react","bugs":{"url":"https://github.com/facebook/react/issues?labels=react-core"},"license":"BSD-3-Clause","files":["README.md","addons.js","react.js","dist/","lib/"],"main":"react.js","repository":{"type":"git","url":"https://github.com/facebook/react"},"engines":{"node":">=0.10.0"},"dependencies":{"envify":"^3.0.0"},"browserify":{"transform":["envify"]},"_id":"react@0.13.1","_shasum":"d38b700cdf7b33eeb0cefd7b8ca98e0fe8e5339d","_resolved":"file:build/react.tgz","_from":"build/react.tgz","scripts":{},"_npmVersion":"2.7.1","_nodeVersion":"0.10.36","_npmUser":{"name":"zpao","email":"paul@oshannessy.com"},"maintainers":[{"name":"zpao","email":"paul@oshannessy.com"},{"name":"jeffmo","email":"jeff@anafx.com"},{"name":"sebmarkbage","email":"sebastian@calyptus.eu"},{"name":"spicyj","email":"ben@benalpert.com"}],"dist":{"shasum":"d38b700cdf7b33eeb0cefd7b8ca98e0fe8e5339d","tarball":"https://registry.npmjs.org/react/-/react-0.13.1.tgz"},"directories":{}},"0.13.2":{"name":"react","description":"React is a JavaScript library for building user interfaces.","version":"0.13.2","keywords":["react"],"homepage":"https://github.com/facebook/react/tree/master/npm-react","bugs":{"url":"https://github.com/facebook/react/issues?labels=react-core"},"license":"BSD-3-Clause","files":["README.md","addons.js","react.js","dist/","lib/"],"main":"react.js","repository":{"type":"git","url":"https://github.com/facebook/react"},"engines":{"node":">=0.10.0"},"dependencies":{"envify":"^3.0.0"},"browserify":{"transform":["envify"]},"_id":"react@0.13.2","_shasum":"a1c7cec5e7be080c4e249b20740d4d4cd18880ca","_resolved":"file:build/react.tgz","_from":"build/react.tgz","scripts":{},"_npmVersion":"2.7.3","_nodeVersion":"0.10.38","_npmUser":{"name":"zpao","email":"paul@oshannessy.com"},"maintainers":[{"name":"zpao","email":"paul@oshannessy.com"},{"name":"jeffmo","email":"jeff@anafx.com"},{"name":"sebmarkbage","email":"sebastian@calyptus.eu"},{"name":"spicyj","email":"ben@benalpert.com"}],"dist":{"shasum":"a1c7cec5e7be080c4e249b20740d4d4cd18880ca","tarball":"https://registry.npmjs.org/react/-/react-0.13.2.tgz"},"directories":{}},"0.13.3":{"name":"react","description":"React is a JavaScript library for building user interfaces.","version":"0.13.3","keywords":["react"],"homepage":"https://github.com/facebook/react/tree/master/npm-react","bugs":{"url":"https://github.com/facebook/react/issues?labels=react-core"},"license":"BSD-3-Clause","files":["README.md","addons.js","react.js","dist/","lib/"],"main":"react.js","repository":{"type":"git","url":"https://github.com/facebook/react"},"engines":{"node":">=0.10.0"},"dependencies":{"envify":"^3.0.0"},"browserify":{"transform":["envify"]},"_id":"react@0.13.3","_shasum":"a2dfa85335d7dc02b82b482f089582e64cc13356","_resolved":"file:build/react.tgz","_from":"build/react.tgz","scripts":{},"_npmVersion":"2.7.3","_nodeVersion":"0.10.38","_npmUser":{"name":"zpao","email":"paul@oshannessy.com"},"maintainers":[{"name":"zpao","email":"paul@oshannessy.com"},{"name":"jeffmo","email":"jeff@anafx.com"},{"name":"sebmarkbage","email":"sebastian@calyptus.eu"},{"name":"spicyj","email":"ben@benalpert.com"}],"dist":{"shasum":"a2dfa85335d7dc02b82b482f089582e64cc13356","tarball":"https://registry.npmjs.org/react/-/react-0.13.3.tgz"},"directories":{}},"0.14.0-alpha1":{"name":"react","description":"React is a JavaScript library for building user interfaces.","version":"0.14.0-alpha1","keywords":["react"],"homepage":"https://github.com/facebook/react/tree/master/npm-react","bugs":{"url":"https://github.com/facebook/react/issues"},"license":"BSD-3-Clause","files":["addons.js","react.js","addons/","dist/","lib/"],"main":"react.js","repository":{"type":"git","url":"https://github.com/facebook/react"},"engines":{"node":">=0.10.0"},"dependencies":{"envify":"^3.0.0"},"browserify":{"transform":["envify"]},"_id":"react@0.14.0-alpha1","_shasum":"46f662c635240e3974028d83945ba696a22d0092","_resolved":"file:build/react.tgz","_from":"build/react.tgz","scripts":{},"_npmVersion":"2.7.3","_nodeVersion":"0.10.38","_npmUser":{"name":"zpao","email":"paul@oshannessy.com"},"maintainers":[{"name":"zpao","email":"paul@oshannessy.com"},{"name":"jeffmo","email":"jeff@anafx.com"},{"name":"sebmarkbage","email":"sebastian@calyptus.eu"},{"name":"spicyj","email":"ben@benalpert.com"}],"dist":{"shasum":"46f662c635240e3974028d83945ba696a22d0092","tarball":"https://registry.npmjs.org/react/-/react-0.14.0-alpha1.tgz"},"directories":{}},"0.14.0-alpha2":{"name":"react","description":"React is a JavaScript library for building user interfaces.","version":"0.14.0-alpha2","keywords":["react"],"homepage":"https://github.com/facebook/react/tree/master/npm-react","bugs":{"url":"https://github.com/facebook/react/issues"},"license":"BSD-3-Clause","files":["addons.js","react.js","addons/","dist/","lib/"],"main":"react.js","repository":{"type":"git","url":"https://github.com/facebook/react"},"engines":{"node":">=0.10.0"},"dependencies":{"envify":"^3.0.0"},"browserify":{"transform":["envify"]},"_id":"react@0.14.0-alpha2","_shasum":"1afa693e4040f8395b2a2f32b0b0c6df4fc354e0","_resolved":"file:build/react.tgz","_from":"build/react.tgz","scripts":{},"_npmVersion":"2.6.1","_nodeVersion":"0.10.38","_npmUser":{"name":"zpao","email":"paul@oshannessy.com"},"maintainers":[{"name":"zpao","email":"paul@oshannessy.com"},{"name":"jeffmo","email":"jeff@anafx.com"},{"name":"sebmarkbage","email":"sebastian@calyptus.eu"},{"name":"spicyj","email":"ben@benalpert.com"}],"dist":{"shasum":"1afa693e4040f8395b2a2f32b0b0c6df4fc354e0","tarball":"https://registry.npmjs.org/react/-/react-0.14.0-alpha2.tgz"},"directories":{}},"0.14.0-alpha3":{"name":"react","description":"React is a JavaScript library for building user interfaces.","version":"0.14.0-alpha3","keywords":["react"],"homepage":"https://github.com/facebook/react/tree/master/npm-react","bugs":{"url":"https://github.com/facebook/react/issues"},"license":"BSD-3-Clause","files":["addons.js","react.js","addons/","dist/","lib/"],"main":"react.js","repository":{"type":"git","url":"https://github.com/facebook/react"},"engines":{"node":">=0.10.0"},"dependencies":{"envify":"^3.0.0"},"browserify":{"transform":["envify"]},"_id":"react@0.14.0-alpha3","_shasum":"b3b656bdac224e9e01ca68c1f0efd6d3ebb3dd34","_resolved":"file:build/react.tgz","_from":"build/react.tgz","scripts":{},"_npmVersion":"2.2.0","_nodeVersion":"0.10.35","_npmUser":{"name":"spicyj","email":"ben@benalpert.com"},"maintainers":[{"name":"zpao","email":"paul@oshannessy.com"},{"name":"jeffmo","email":"jeff@anafx.com"},{"name":"sebmarkbage","email":"sebastian@calyptus.eu"},{"name":"spicyj","email":"ben@benalpert.com"}],"dist":{"shasum":"b3b656bdac224e9e01ca68c1f0efd6d3ebb3dd34","tarball":"https://registry.npmjs.org/react/-/react-0.14.0-alpha3.tgz"},"directories":{}},"0.14.0-beta1":{"name":"react","description":"React is a JavaScript library for building user interfaces.","version":"0.14.0-beta1","keywords":["react"],"homepage":"https://github.com/facebook/react/tree/master/npm-react","bugs":{"url":"https://github.com/facebook/react/issues"},"license":"BSD-3-Clause","files":["addons.js","react.js","addons/","dist/","lib/"],"main":"react.js","repository":{"type":"git","url":"https://github.com/facebook/react"},"engines":{"node":">=0.10.0"},"dependencies":{"envify":"^3.0.0"},"browserify":{"transform":["envify"]},"_id":"react@0.14.0-beta1","_shasum":"51db95e84bff59cc5205472c8f633d814ee5cd8f","_resolved":"file:build/packages/react.tgz","_from":"build/packages/react.tgz","scripts":{},"_npmVersion":"2.2.0","_nodeVersion":"0.10.35","_npmUser":{"name":"spicyj","email":"ben@benalpert.com"},"maintainers":[{"name":"zpao","email":"paul@oshannessy.com"},{"name":"jeffmo","email":"jeff@anafx.com"},{"name":"sebmarkbage","email":"sebastian@calyptus.eu"},{"name":"spicyj","email":"ben@benalpert.com"}],"dist":{"shasum":"51db95e84bff59cc5205472c8f633d814ee5cd8f","tarball":"https://registry.npmjs.org/react/-/react-0.14.0-beta1.tgz"},"directories":{}},"0.14.0-beta2":{"name":"react","description":"React is a JavaScript library for building user interfaces.","version":"0.14.0-beta2","keywords":["react"],"homepage":"https://github.com/facebook/react/tree/master/npm-react","bugs":{"url":"https://github.com/facebook/react/issues"},"license":"BSD-3-Clause","files":["addons.js","react.js","addons/","dist/","lib/"],"main":"react.js","repository":{"type":"git","url":"git+https://github.com/facebook/react.git"},"engines":{"node":">=0.10.0"},"dependencies":{"envify":"^3.0.0","fbjs":"0.1.0-alpha.4"},"browserify":{"transform":["envify"]},"_id":"react@0.14.0-beta2","_shasum":"818a9aac1d397a60c9046013060cfd6c361a104e","_resolved":"file:build/packages/react.tgz","_from":"build/packages/react.tgz","scripts":{},"_npmVersion":"2.13.2","_nodeVersion":"0.10.40","_npmUser":{"name":"zpao","email":"paul@oshannessy.com"},"maintainers":[{"name":"zpao","email":"paul@oshannessy.com"},{"name":"jeffmo","email":"jeff@anafx.com"},{"name":"sebmarkbage","email":"sebastian@calyptus.eu"},{"name":"spicyj","email":"ben@benalpert.com"}],"dist":{"shasum":"818a9aac1d397a60c9046013060cfd6c361a104e","tarball":"https://registry.npmjs.org/react/-/react-0.14.0-beta2.tgz"},"directories":{}},"0.14.0-beta3":{"name":"react","description":"React is a JavaScript library for building user interfaces.","version":"0.14.0-beta3","keywords":["react"],"homepage":"https://github.com/facebook/react/tree/master/npm-react","bugs":{"url":"https://github.com/facebook/react/issues"},"license":"BSD-3-Clause","files":["addons.js","react.js","addons/","dist/","lib/"],"main":"react.js","repository":{"type":"git","url":"git+https://github.com/facebook/react.git"},"engines":{"node":">=0.10.0"},"dependencies":{"envify":"^3.0.0","fbjs":"0.1.0-alpha.4"},"browserify":{"transform":["envify"]},"_id":"react@0.14.0-beta3","_shasum":"668763b03fc5c531f56a3788f00d35d12170fe5d","_resolved":"file:build/packages/react.tgz","_from":"build/packages/react.tgz","scripts":{},"_npmVersion":"2.13.2","_nodeVersion":"0.10.40","_npmUser":{"name":"zpao","email":"paul@oshannessy.com"},"maintainers":[{"name":"zpao","email":"paul@oshannessy.com"},{"name":"jeffmo","email":"jeff@anafx.com"},{"name":"sebmarkbage","email":"sebastian@calyptus.eu"},{"name":"spicyj","email":"ben@benalpert.com"}],"dist":{"shasum":"668763b03fc5c531f56a3788f00d35d12170fe5d","tarball":"https://registry.npmjs.org/react/-/react-0.14.0-beta3.tgz"},"directories":{}},"0.14.0-rc1":{"name":"react","description":"React is a JavaScript library for building user interfaces.","version":"0.14.0-rc1","keywords":["react"],"homepage":"https://github.com/facebook/react/tree/master/npm-react","bugs":{"url":"https://github.com/facebook/react/issues"},"license":"BSD-3-Clause","files":["addons.js","react.js","addons/","dist/","lib/"],"main":"react.js","repository":{"type":"git","url":"https://github.com/facebook/react"},"engines":{"node":">=0.10.0"},"dependencies":{"envify":"^3.0.0","fbjs":"^0.2.0"},"browserify":{"transform":["envify"]},"_id":"react@0.14.0-rc1","_shasum":"46f27951a4b01becea607d7a51970a654bb6f867","_resolved":"file:build/packages/react.tgz","_from":"build/packages/react.tgz","scripts":{},"_npmVersion":"2.2.0","_nodeVersion":"0.10.35","_npmUser":{"name":"spicyj","email":"ben@benalpert.com"},"maintainers":[{"name":"zpao","email":"paul@oshannessy.com"},{"name":"jeffmo","email":"jeff@anafx.com"},{"name":"sebmarkbage","email":"sebastian@calyptus.eu"},{"name":"spicyj","email":"ben@benalpert.com"}],"dist":{"shasum":"46f27951a4b01becea607d7a51970a654bb6f867","tarball":"https://registry.npmjs.org/react/-/react-0.14.0-rc1.tgz"},"directories":{}},"0.14.0":{"name":"react","description":"React is a JavaScript library for building user interfaces.","version":"0.14.0","keywords":["react"],"homepage":"https://github.com/facebook/react/tree/master/npm-react","bugs":{"url":"https://github.com/facebook/react/issues"},"license":"BSD-3-Clause","files":["addons.js","react.js","addons/","dist/","lib/"],"main":"react.js","repository":{"type":"git","url":"git+https://github.com/facebook/react.git"},"engines":{"node":">=0.10.0"},"dependencies":{"envify":"^3.0.0","fbjs":"^0.3.1"},"browserify":{"transform":["envify"]},"_id":"react@0.14.0","_shasum":"72e7c69233b082e37e1bbd3674a943db72d8f407","_resolved":"file:build/packages/react.tgz","_from":"build/packages/react.tgz","scripts":{},"_npmVersion":"2.14.3","_nodeVersion":"4.1.0","_npmUser":{"name":"zpao","email":"paul@oshannessy.com"},"maintainers":[{"name":"zpao","email":"paul@oshannessy.com"},{"name":"jeffmo","email":"jeff@anafx.com"},{"name":"sebmarkbage","email":"sebastian@calyptus.eu"},{"name":"spicyj","email":"ben@benalpert.com"}],"dist":{"shasum":"72e7c69233b082e37e1bbd3674a943db72d8f407","tarball":"https://registry.npmjs.org/react/-/react-0.14.0.tgz"},"directories":{}},"0.14.1":{"name":"react","description":"React is a JavaScript library for building user interfaces.","version":"0.14.1","keywords":["react"],"homepage":"https://github.com/facebook/react/tree/master/npm-react","bugs":{"url":"https://github.com/facebook/react/issues"},"license":"BSD-3-Clause","files":["addons.js","react.js","addons/","dist/","lib/"],"main":"react.js","repository":{"type":"git","url":"git+https://github.com/facebook/react.git"},"engines":{"node":">=0.10.0"},"dependencies":{"envify":"^3.0.0","fbjs":"^0.3.1"},"browserify":{"transform":["envify"]},"_id":"react@0.14.1","_shasum":"38382f8a683e24d0ef0c2a0e204b7b18723cb11b","_resolved":"file:build/packages/react.tgz","_from":"build/packages/react.tgz","scripts":{},"_npmVersion":"2.14.8","_nodeVersion":"4.2.0","_npmUser":{"name":"zpao","email":"paul@oshannessy.com"},"maintainers":[{"name":"zpao","email":"paul@oshannessy.com"},{"name":"jeffmo","email":"jeff@anafx.com"},{"name":"sebmarkbage","email":"sebastian@calyptus.eu"},{"name":"spicyj","email":"ben@benalpert.com"}],"dist":{"shasum":"38382f8a683e24d0ef0c2a0e204b7b18723cb11b","tarball":"https://registry.npmjs.org/react/-/react-0.14.1.tgz"},"directories":{}},"0.14.2":{"name":"react","description":"React is a JavaScript library for building user interfaces.","version":"0.14.2","keywords":["react"],"homepage":"https://github.com/facebook/react/tree/master/npm-react","bugs":{"url":"https://github.com/facebook/react/issues"},"license":"BSD-3-Clause","files":["addons.js","react.js","addons/","dist/","lib/"],"main":"react.js","repository":{"type":"git","url":"git+https://github.com/facebook/react.git"},"engines":{"node":">=0.10.0"},"dependencies":{"envify":"^3.0.0","fbjs":"^0.3.1"},"browserify":{"transform":["envify"]},"_id":"react@0.14.2","_shasum":"694d3eabdfde56ec2ba1b4db7d160c9a6fe9ce6a","_resolved":"file:build/packages/react.tgz","_from":"build/packages/react.tgz","scripts":{},"_npmVersion":"2.14.9","_nodeVersion":"4.2.0","_npmUser":{"name":"zpao","email":"paul@oshannessy.com"},"maintainers":[{"name":"zpao","email":"paul@oshannessy.com"},{"name":"jeffmo","email":"jeff@anafx.com"},{"name":"sebmarkbage","email":"sebastian@calyptus.eu"},{"name":"spicyj","email":"ben@benalpert.com"}],"dist":{"shasum":"694d3eabdfde56ec2ba1b4db7d160c9a6fe9ce6a","tarball":"https://registry.npmjs.org/react/-/react-0.14.2.tgz"},"directories":{}},"0.14.3":{"name":"react","description":"React is a JavaScript library for building user interfaces.","version":"0.14.3","keywords":["react"],"homepage":"https://github.com/facebook/react/tree/master/npm-react","bugs":{"url":"https://github.com/facebook/react/issues"},"license":"BSD-3-Clause","files":["LICENSE","PATENTS","addons.js","react.js","addons/","dist/","lib/"],"main":"react.js","repository":{"type":"git","url":"git+https://github.com/facebook/react.git"},"engines":{"node":">=0.10.0"},"dependencies":{"envify":"^3.0.0","fbjs":"^0.3.1"},"browserify":{"transform":["envify"]},"_id":"react@0.14.3","_shasum":"b82e7b049ee3e1e264d24ae7ea20d76e51126778","_resolved":"file:build/packages/react.tgz","_from":"build/packages/react.tgz","scripts":{},"_npmVersion":"2.14.7","_nodeVersion":"4.2.2","_npmUser":{"name":"zpao","email":"paul@oshannessy.com"},"maintainers":[{"name":"zpao","email":"paul@oshannessy.com"},{"name":"jeffmo","email":"jeff@anafx.com"},{"name":"sebmarkbage","email":"sebastian@calyptus.eu"},{"name":"spicyj","email":"ben@benalpert.com"}],"dist":{"shasum":"b82e7b049ee3e1e264d24ae7ea20d76e51126778","tarball":"https://registry.npmjs.org/react/-/react-0.14.3.tgz"},"directories":{}},"0.14.4":{"name":"react","description":"React is a JavaScript library for building user interfaces.","version":"0.14.4","keywords":["react"],"homepage":"https://github.com/facebook/react/tree/master/npm-react","bugs":{"url":"https://github.com/facebook/react/issues"},"license":"BSD-3-Clause","files":["LICENSE","PATENTS","addons.js","react.js","addons/","dist/","lib/"],"main":"react.js","repository":{"type":"git","url":"git+https://github.com/facebook/react.git"},"engines":{"node":">=0.10.0"},"dependencies":{"envify":"^3.0.0","fbjs":"^0.3.1"},"browserify":{"transform":["envify"]},"_id":"react@0.14.4","_shasum":"9c727f02c8bda2b8fde74748da5274e5517dd5af","_resolved":"file:build/packages/react.tgz","_from":"build/packages/react.tgz","scripts":{},"_npmVersion":"2.14.4","_nodeVersion":"4.1.0","_npmUser":{"name":"spicyj","email":"ben@benalpert.com"},"maintainers":[{"name":"zpao","email":"paul@oshannessy.com"},{"name":"jeffmo","email":"jeff@anafx.com"},{"name":"sebmarkbage","email":"sebastian@calyptus.eu"},{"name":"spicyj","email":"ben@benalpert.com"}],"dist":{"shasum":"9c727f02c8bda2b8fde74748da5274e5517dd5af","tarball":"https://registry.npmjs.org/react/-/react-0.14.4.tgz"},"directories":{}},"0.14.5":{"name":"react","description":"React is a JavaScript library for building user interfaces.","version":"0.14.5","keywords":["react"],"homepage":"https://github.com/facebook/react/tree/master/npm-react","bugs":{"url":"https://github.com/facebook/react/issues"},"license":"BSD-3-Clause","files":["LICENSE","PATENTS","addons.js","react.js","addons/","dist/","lib/"],"main":"react.js","repository":{"type":"git","url":"git+https://github.com/facebook/react.git"},"engines":{"node":">=0.10.0"},"dependencies":{"envify":"^3.0.0","fbjs":"^0.6.0"},"browserify":{"transform":["envify"]},"_id":"react@0.14.5","_shasum":"4250649db2b3047c01dc2f60098388a60eab6681","_resolved":"file:build/packages/react.tgz","_from":"build/packages/react.tgz","scripts":{},"_npmVersion":"2.14.4","_nodeVersion":"4.1.0","_npmUser":{"name":"spicyj","email":"ben@benalpert.com"},"maintainers":[{"name":"zpao","email":"paul@oshannessy.com"},{"name":"jeffmo","email":"jeff@anafx.com"},{"name":"sebmarkbage","email":"sebastian@calyptus.eu"},{"name":"spicyj","email":"ben@benalpert.com"}],"dist":{"shasum":"4250649db2b3047c01dc2f60098388a60eab6681","tarball":"https://registry.npmjs.org/react/-/react-0.14.5.tgz"},"directories":{}},"0.14.6":{"name":"react","description":"React is a JavaScript library for building user interfaces.","version":"0.14.6","keywords":["react"],"homepage":"https://github.com/facebook/react/tree/master/npm-react","bugs":{"url":"https://github.com/facebook/react/issues"},"license":"BSD-3-Clause","files":["LICENSE","PATENTS","addons.js","react.js","addons/","dist/","lib/"],"main":"react.js","repository":{"type":"git","url":"git+https://github.com/facebook/react.git"},"engines":{"node":">=0.10.0"},"dependencies":{"envify":"^3.0.0","fbjs":"^0.6.1"},"browserify":{"transform":["envify"]},"_id":"react@0.14.6","_shasum":"2a57c2cf8747b483759ad8de0fa47fb0c5cf5c6a","_resolved":"file:build/packages/react.tgz","_from":"build/packages/react.tgz","scripts":{},"_npmVersion":"2.14.15","_nodeVersion":"4.2.2","_npmUser":{"name":"zpao","email":"paul@oshannessy.com"},"maintainers":[{"name":"zpao","email":"paul@oshannessy.com"},{"name":"jeffmo","email":"jeff@anafx.com"},{"name":"sebmarkbage","email":"sebastian@calyptus.eu"},{"name":"spicyj","email":"ben@benalpert.com"}],"dist":{"shasum":"2a57c2cf8747b483759ad8de0fa47fb0c5cf5c6a","tarball":"https://registry.npmjs.org/react/-/react-0.14.6.tgz"},"directories":{}},"0.15.0-alpha.1":{"name":"react","description":"React is a JavaScript library for building user interfaces.","version":"0.15.0-alpha.1","keywords":["react"],"homepage":"https://github.com/facebook/react/tree/master/npm-react","bugs":{"url":"https://github.com/facebook/react/issues"},"license":"BSD-3-Clause","files":["LICENSE","PATENTS","addons.js","react.js","addons/","dist/","lib/"],"main":"react.js","repository":{"type":"git","url":"git+https://github.com/facebook/react.git"},"engines":{"node":">=0.10.0"},"dependencies":{"envify":"^3.0.0","fbjs":"^0.6.1"},"browserify":{"transform":["envify"]},"_id":"react@0.15.0-alpha.1","_shasum":"860edb7f09cc6f4cbbedc919bf1bca4937268a0e","_resolved":"file:build/packages/react.tgz","_from":"build/packages/react.tgz","scripts":{},"_npmVersion":"2.14.15","_nodeVersion":"4.2.2","_npmUser":{"name":"zpao","email":"paul@oshannessy.com"},"maintainers":[{"name":"zpao","email":"paul@oshannessy.com"},{"name":"jeffmo","email":"jeff@anafx.com"},{"name":"sebmarkbage","email":"sebastian@calyptus.eu"},{"name":"spicyj","email":"ben@benalpert.com"}],"dist":{"shasum":"860edb7f09cc6f4cbbedc919bf1bca4937268a0e","tarball":"https://registry.npmjs.org/react/-/react-0.15.0-alpha.1.tgz"},"directories":{}},"0.14.7":{"name":"react","description":"React is a JavaScript library for building user interfaces.","version":"0.14.7","keywords":["react"],"homepage":"https://facebook.github.io/react/","bugs":{"url":"https://github.com/facebook/react/issues"},"license":"BSD-3-Clause","files":["LICENSE","PATENTS","addons.js","react.js","addons/","dist/","lib/"],"main":"react.js","repository":{"type":"git","url":"git+https://github.com/facebook/react.git"},"engines":{"node":">=0.10.0"},"dependencies":{"envify":"^3.0.0","fbjs":"^0.6.1"},"browserify":{"transform":["envify"]},"_id":"react@0.14.7","_shasum":"76c4e5cfa204caa5aaf42b13008f0d3f6d58a133","_resolved":"file:build/packages/react.tgz","_from":"build/packages/react.tgz","scripts":{},"_npmVersion":"2.14.12","_nodeVersion":"4.2.6","_npmUser":{"name":"graue","email":"scott@oceanbase.org"},"dist":{"shasum":"76c4e5cfa204caa5aaf42b13008f0d3f6d58a133","tarball":"https://registry.npmjs.org/react/-/react-0.14.7.tgz"},"maintainers":[{"name":"graue","email":"scott@oceanbase.org"},{"name":"jeffmo","email":"lbljeffmo@gmail.com"},{"name":"sebmarkbage","email":"sebastian@calyptus.eu"},{"name":"spicyj","email":"ben@benalpert.com"},{"name":"zpao","email":"paul@oshannessy.com"}],"directories":{}},"15.0.0-rc.1":{"name":"react","description":"React is a JavaScript library for building user interfaces.","version":"15.0.0-rc.1","keywords":["react"],"homepage":"https://facebook.github.io/react/","bugs":{"url":"https://github.com/facebook/react/issues"},"license":"BSD-3-Clause","files":["LICENSE","PATENTS","addons.js","react.js","addons/","dist/","lib/"],"main":"react.js","repository":{"type":"git","url":"git+https://github.com/facebook/react.git"},"engines":{"node":">=0.10.0"},"dependencies":{"envify":"^3.0.0","fbjs":"^0.8.0-alpha.2"},"browserify":{"transform":["envify"]},"_id":"react@15.0.0-rc.1","_shasum":"66cd711c0ce41f1eecde8f014529a215ff636403","_resolved":"file:build/packages/react.tgz","_from":"build/packages/react.tgz","scripts":{},"_npmVersion":"2.14.12","_nodeVersion":"4.3.0","_npmUser":{"name":"zpao","email":"paul@oshannessy.com"},"maintainers":[{"name":"graue","email":"scott@oceanbase.org"},{"name":"jeffmo","email":"lbljeffmo@gmail.com"},{"name":"sebmarkbage","email":"sebastian@calyptus.eu"},{"name":"spicyj","email":"ben@benalpert.com"},{"name":"zpao","email":"paul@oshannessy.com"}],"dist":{"shasum":"66cd711c0ce41f1eecde8f014529a215ff636403","tarball":"https://registry.npmjs.org/react/-/react-15.0.0-rc.1.tgz"},"_npmOperationalInternal":{"host":"packages-13-west.internal.npmjs.com","tmp":"tmp/react-15.0.0-rc.1.tgz_1457399244933_0.5052846136968583"},"directories":{}},"15.0.0-rc.2":{"name":"react","description":"React is a JavaScript library for building user interfaces.","version":"15.0.0-rc.2","keywords":["react"],"homepage":"https://facebook.github.io/react/","bugs":{"url":"https://github.com/facebook/react/issues"},"license":"BSD-3-Clause","files":["LICENSE","PATENTS","addons.js","react.js","addons/","dist/","lib/"],"main":"react.js","repository":{"type":"git","url":"git+https://github.com/facebook/react.git"},"engines":{"node":">=0.10.0"},"dependencies":{"envify":"^3.0.0","fbjs":"^0.8.0-alpha.2"},"browserify":{"transform":["envify"]},"_id":"react@15.0.0-rc.2","_shasum":"acfb768af86deb06b5bbb676778d5ec90661faa3","_resolved":"file:build/packages/react.tgz","_from":"build/packages/react.tgz","scripts":{},"_npmVersion":"3.8.1","_nodeVersion":"5.1.1","_npmUser":{"name":"gaearon","email":"dan.abramov@gmail.com"},"dist":{"shasum":"acfb768af86deb06b5bbb676778d5ec90661faa3","tarball":"https://registry.npmjs.org/react/-/react-15.0.0-rc.2.tgz"},"maintainers":[{"name":"gaearon","email":"dan.abramov@gmail.com"},{"name":"graue","email":"scott@oceanbase.org"},{"name":"jeffmo","email":"lbljeffmo@gmail.com"},{"name":"sebmarkbage","email":"sebastian@calyptus.eu"},{"name":"spicyj","email":"ben@benalpert.com"},{"name":"zpao","email":"paul@oshannessy.com"}],"_npmOperationalInternal":{"host":"packages-13-west.internal.npmjs.com","tmp":"tmp/react-15.0.0-rc.2.tgz_1458166772989_0.39132320368662477"},"directories":{}},"0.14.8":{"name":"react","description":"React is a JavaScript library for building user interfaces.","version":"0.14.8","keywords":["react"],"homepage":"https://facebook.github.io/react/","bugs":{"url":"https://github.com/facebook/react/issues"},"license":"BSD-3-Clause","files":["LICENSE","PATENTS","addons.js","react.js","addons/","dist/","lib/"],"main":"react.js","repository":{"type":"git","url":"git+https://github.com/facebook/react.git"},"engines":{"node":">=0.10.0"},"dependencies":{"envify":"^3.0.0","fbjs":"^0.6.1"},"browserify":{"transform":["envify"]},"_id":"react@0.14.8","_shasum":"078dfa454d4745bcc54a9726311c2bf272c23684","_resolved":"file:build/packages/react.tgz","_from":"build/packages/react.tgz","scripts":{},"_npmVersion":"2.14.7","_nodeVersion":"4.2.1","_npmUser":{"name":"gaearon","email":"dan.abramov@gmail.com"},"dist":{"shasum":"078dfa454d4745bcc54a9726311c2bf272c23684","tarball":"https://registry.npmjs.org/react/-/react-0.14.8.tgz"},"maintainers":[{"name":"gaearon","email":"dan.abramov@gmail.com"},{"name":"graue","email":"scott@oceanbase.org"},{"name":"jeffmo","email":"lbljeffmo@gmail.com"},{"name":"sebmarkbage","email":"sebastian@calyptus.eu"},{"name":"spicyj","email":"ben@benalpert.com"},{"name":"zpao","email":"paul@oshannessy.com"}],"_npmOperationalInternal":{"host":"packages-12-west.internal.npmjs.com","tmp":"tmp/react-0.14.8.tgz_1459268381371_0.8583754827268422"},"directories":{}},"15.0.0":{"name":"react","description":"React is a JavaScript library for building user interfaces.","version":"15.0.0","keywords":["react"],"homepage":"https://facebook.github.io/react/","bugs":{"url":"https://github.com/facebook/react/issues"},"license":"BSD-3-Clause","files":["LICENSE","PATENTS","addons.js","react.js","addons/","dist/","lib/"],"main":"react.js","repository":{"type":"git","url":"git+https://github.com/facebook/react.git"},"engines":{"node":">=0.10.0"},"dependencies":{"fbjs":"^0.8.0","loose-envify":"^1.1.0","object-assign":"^4.0.1"},"browserify":{"transform":["loose-envify"]},"_id":"react@15.0.0","_shasum":"3c7e16531d630e15c1a50a947f14ba61746af8a7","_resolved":"file:build/packages/react.tgz","_from":"build/packages/react.tgz","scripts":{},"_npmVersion":"2.15.3","_nodeVersion":"4.4.0","_npmUser":{"name":"zpao","email":"paul@oshannessy.com"},"maintainers":[{"name":"gaearon","email":"dan.abramov@gmail.com"},{"name":"graue","email":"scott@oceanbase.org"},{"name":"jeffmo","email":"lbljeffmo@gmail.com"},{"name":"sebmarkbage","email":"sebastian@calyptus.eu"},{"name":"spicyj","email":"ben@benalpert.com"},{"name":"zpao","email":"paul@oshannessy.com"}],"dist":{"shasum":"3c7e16531d630e15c1a50a947f14ba61746af8a7","tarball":"https://registry.npmjs.org/react/-/react-15.0.0.tgz"},"_npmOperationalInternal":{"host":"packages-12-west.internal.npmjs.com","tmp":"tmp/react-15.0.0.tgz_1460064342394_0.2830837108194828"},"directories":{}},"15.0.1":{"name":"react","description":"React is a JavaScript library for building user interfaces.","version":"15.0.1","keywords":["react"],"homepage":"https://facebook.github.io/react/","bugs":{"url":"https://github.com/facebook/react/issues"},"license":"BSD-3-Clause","files":["LICENSE","PATENTS","addons.js","react.js","addons/","dist/","lib/"],"main":"react.js","repository":{"type":"git","url":"git+https://github.com/facebook/react.git"},"engines":{"node":">=0.10.0"},"dependencies":{"fbjs":"^0.8.0","loose-envify":"^1.1.0","object-assign":"^4.0.1"},"browserify":{"transform":["loose-envify"]},"_id":"react@15.0.1","_shasum":"262d4f073a384c2a0421afb82d97c8f7df581c09","_resolved":"file:build/packages/react.tgz","_from":"build/packages/react.tgz","scripts":{},"_npmVersion":"2.15.0","_nodeVersion":"4.4.2","_npmUser":{"name":"zpao","email":"paul@oshannessy.com"},"maintainers":[{"name":"gaearon","email":"dan.abramov@gmail.com"},{"name":"graue","email":"scott@oceanbase.org"},{"name":"jeffmo","email":"lbljeffmo@gmail.com"},{"name":"sebmarkbage","email":"sebastian@calyptus.eu"},{"name":"spicyj","email":"ben@benalpert.com"},{"name":"zpao","email":"paul@oshannessy.com"}],"dist":{"shasum":"262d4f073a384c2a0421afb82d97c8f7df581c09","tarball":"https://registry.npmjs.org/react/-/react-15.0.1.tgz"},"_npmOperationalInternal":{"host":"packages-12-west.internal.npmjs.com","tmp":"tmp/react-15.0.1.tgz_1460139841427_0.5669335899874568"},"directories":{}},"15.0.2-alpha.1":{"name":"react","description":"React is a JavaScript library for building user interfaces.","version":"15.0.2-alpha.1","keywords":["react"],"homepage":"https://facebook.github.io/react/","bugs":{"url":"https://github.com/facebook/react/issues"},"license":"BSD-3-Clause","files":["LICENSE","PATENTS","addons.js","react.js","addons/","dist/","lib/"],"main":"react.js","repository":{"type":"git","url":"git+https://github.com/facebook/react.git"},"engines":{"node":">=0.10.0"},"dependencies":{"fbjs":"^0.8.0","loose-envify":"^1.1.0","object-assign":"^4.0.1"},"browserify":{"transform":["loose-envify"]},"_id":"react@15.0.2-alpha.1","_shasum":"4133eaa18b944493b74c258432092d3b4f5d1afe","_resolved":"file:build/packages/react.tgz","_from":"build/packages/react.tgz","scripts":{},"_npmVersion":"2.15.3","_nodeVersion":"4.4.2","_npmUser":{"name":"zpao","email":"paul@oshannessy.com"},"maintainers":[{"name":"fb","email":"opensource+npm@fb.com"},{"name":"gaearon","email":"dan.abramov@gmail.com"},{"name":"graue","email":"scott@oceanbase.org"},{"name":"jeffmo","email":"lbljeffmo@gmail.com"},{"name":"sebmarkbage","email":"sebastian@calyptus.eu"},{"name":"spicyj","email":"ben@benalpert.com"},{"name":"zpao","email":"paul@oshannessy.com"}],"dist":{"shasum":"4133eaa18b944493b74c258432092d3b4f5d1afe","tarball":"https://registry.npmjs.org/react/-/react-15.0.2-alpha.1.tgz"},"_npmOperationalInternal":{"host":"packages-12-west.internal.npmjs.com","tmp":"tmp/react-15.0.2-alpha.1.tgz_1461176270714_0.33574754116125405"},"directories":{}},"15.0.2-alpha.2":{"name":"react","description":"React is a JavaScript library for building user interfaces.","version":"15.0.2-alpha.2","keywords":["react"],"homepage":"https://facebook.github.io/react/","bugs":{"url":"https://github.com/facebook/react/issues"},"license":"BSD-3-Clause","files":["LICENSE","PATENTS","addons.js","react.js","addons/","dist/","lib/"],"main":"react.js","repository":{"type":"git","url":"git+https://github.com/facebook/react.git"},"engines":{"node":">=0.10.0"},"dependencies":{"fbjs":"^0.8.0","loose-envify":"^1.1.0","object-assign":"^4.0.1"},"browserify":{"transform":["loose-envify"]},"_id":"react@15.0.2-alpha.2","_shasum":"89c280856f0b0887f5f9a11d436b74fd2bb82b6f","_resolved":"file:build/packages/react.tgz","_from":"build/packages/react.tgz","scripts":{},"_npmVersion":"2.14.19","_nodeVersion":"4.1.0","_npmUser":{"name":"spicyj","email":"ben@benalpert.com"},"maintainers":[{"name":"fb","email":"opensource+npm@fb.com"},{"name":"gaearon","email":"dan.abramov@gmail.com"},{"name":"graue","email":"scott@oceanbase.org"},{"name":"jeffmo","email":"lbljeffmo@gmail.com"},{"name":"sebmarkbage","email":"sebastian@calyptus.eu"},{"name":"spicyj","email":"ben@benalpert.com"},{"name":"zpao","email":"paul@oshannessy.com"}],"dist":{"shasum":"89c280856f0b0887f5f9a11d436b74fd2bb82b6f","tarball":"https://registry.npmjs.org/react/-/react-15.0.2-alpha.2.tgz"},"_npmOperationalInternal":{"host":"packages-12-west.internal.npmjs.com","tmp":"tmp/react-15.0.2-alpha.2.tgz_1461277327038_0.6486006544437259"},"directories":{}},"15.0.2-alpha.3":{"name":"react","description":"React is a JavaScript library for building user interfaces.","version":"15.0.2-alpha.3","keywords":["react"],"homepage":"https://facebook.github.io/react/","bugs":{"url":"https://github.com/facebook/react/issues"},"license":"BSD-3-Clause","files":["LICENSE","PATENTS","addons.js","react.js","addons/","dist/","lib/"],"main":"react.js","repository":{"type":"git","url":"git+https://github.com/facebook/react.git"},"engines":{"node":">=0.10.0"},"dependencies":{"fbjs":"^0.8.0","loose-envify":"^1.1.0","object-assign":"^4.0.1"},"browserify":{"transform":["loose-envify"]},"_id":"react@15.0.2-alpha.3","_shasum":"a38920a7eed8fe917f33479759859db113f1079b","_resolved":"file:build/packages/react.tgz","_from":"build/packages/react.tgz","scripts":{},"_npmVersion":"2.15.3","_nodeVersion":"4.4.2","_npmUser":{"name":"zpao","email":"paul@oshannessy.com"},"maintainers":[{"name":"fb","email":"opensource+npm@fb.com"},{"name":"gaearon","email":"dan.abramov@gmail.com"},{"name":"graue","email":"scott@oceanbase.org"},{"name":"jeffmo","email":"lbljeffmo@gmail.com"},{"name":"sebmarkbage","email":"sebastian@calyptus.eu"},{"name":"spicyj","email":"ben@benalpert.com"},{"name":"zpao","email":"paul@oshannessy.com"}],"dist":{"shasum":"a38920a7eed8fe917f33479759859db113f1079b","tarball":"https://registry.npmjs.org/react/-/react-15.0.2-alpha.3.tgz"},"_npmOperationalInternal":{"host":"packages-16-east.internal.npmjs.com","tmp":"tmp/react-15.0.2-alpha.3.tgz_1461614642498_0.8830359973944724"},"directories":{}}},"maintainers":[{"name":"fb","email":"opensource+npm@fb.com"},{"name":"gaearon","email":"dan.abramov@gmail.com"},{"name":"graue","email":"scott@oceanbase.org"},{"name":"jeffmo","email":"lbljeffmo@gmail.com"},{"name":"sebmarkbage","email":"sebastian@calyptus.eu"},{"name":"spicyj","email":"ben@benalpert.com"},{"name":"zpao","email":"paul@oshannessy.com"}],"time":{"modified":"2016-04-25T20:04:05.908Z","created":"2011-10-26T17:46:21.942Z","0.0.1":"2011-10-26T17:46:22.746Z","0.0.2":"2011-10-28T22:40:36.115Z","0.0.3":"2011-10-29T13:40:41.073Z","0.1.2":"2011-12-21T20:56:27.003Z","0.2.0":"2012-01-10T18:58:59.882Z","0.2.1":"2012-01-10T19:36:17.074Z","0.2.2":"2012-01-10T20:44:37.670Z","0.2.3":"2012-01-10T23:15:07.894Z","0.2.4":"2012-01-11T15:44:12.287Z","0.2.5":"2012-01-11T19:55:24.505Z","0.2.6":"2012-01-11T20:58:23.590Z","0.3.0":"2012-01-14T06:06:46.726Z","0.3.4":"2012-01-17T14:59:12.449Z","0.3.5":"2012-01-17T20:13:08.100Z","0.5.0":"2012-01-18T06:49:43.631Z","0.5.1":"2012-01-18T18:07:11.608Z","0.5.2":"2012-03-13T14:01:11.641Z","0.6.0":"2012-03-28T22:14:37.758Z","0.6.1":"2012-04-25T16:57:02.959Z","0.6.2":"2012-09-12T21:14:33.270Z","0.6.3":"2012-10-18T04:24:03.381Z","0.7.0":"2013-05-23T18:23:29.579Z","0.7.1":"2013-05-23T19:48:26.316Z","0.8.0":"2013-12-19T18:46:02.355Z","0.9.0-rc1":"2014-02-17T03:31:05.147Z","0.9.0":"2014-02-20T18:47:54.841Z","0.10.0-rc1":"2014-03-19T18:28:04.636Z","0.10.0":"2014-03-21T21:48:06.915Z","0.11.0-rc1":"2014-07-13T04:41:23.857Z","0.11.0":"2014-07-17T20:51:00.913Z","0.11.1":"2014-07-25T18:36:36.918Z","0.11.2":"2014-09-16T18:33:57.956Z","0.12.0-rc1":"2014-10-16T22:24:04.601Z","0.12.0":"2014-10-28T18:40:33.643Z","0.12.1":"2014-11-18T06:56:11.863Z","0.12.2":"2014-12-18T20:51:41.024Z","0.13.0-alpha.1":"2014-12-23T20:08:42.636Z","0.13.0-alpha.2":"2015-01-16T19:09:02.924Z","0.13.0-beta.1":"2015-01-28T05:19:01.230Z","0.13.0-beta.2":"2015-02-14T02:37:43.316Z","0.13.0-rc1":"2015-02-22T21:36:01.461Z","0.13.0-rc2":"2015-03-03T19:52:41.430Z","0.13.0":"2015-03-10T21:51:43.816Z","0.13.1":"2015-03-17T00:01:25.829Z","0.13.2":"2015-04-18T22:38:01.925Z","0.13.3":"2015-05-08T23:40:52.344Z","0.14.0-alpha1":"2015-05-11T05:37:34.808Z","0.14.0-alpha2":"2015-05-20T20:38:30.743Z","0.14.0-alpha3":"2015-05-27T23:49:08.232Z","0.14.0-beta1":"2015-07-03T08:50:06.815Z","0.14.0-beta2":"2015-07-31T05:31:14.850Z","0.14.0-beta3":"2015-08-03T21:33:47.972Z","0.14.0-rc1":"2015-09-10T16:00:44.142Z","0.14.0":"2015-10-07T17:27:39.042Z","0.14.1":"2015-10-28T21:36:14.876Z","0.14.2":"2015-11-02T19:55:21.088Z","0.14.3":"2015-11-19T02:26:57.036Z","0.14.4":"2015-12-29T22:00:21.565Z","0.14.5":"2015-12-29T22:39:56.148Z","0.14.6":"2016-01-06T23:52:45.571Z","0.15.0-alpha.1":"2016-01-21T04:16:30.061Z","0.14.7":"2016-01-28T19:59:29.509Z","15.0.0-rc.1":"2016-03-08T01:07:27.078Z","15.0.0-rc.2":"2016-03-16T22:19:35.759Z","0.14.8":"2016-03-29T16:19:44.344Z","15.0.0":"2016-04-07T21:25:42.928Z","15.0.1":"2016-04-08T18:24:01.947Z","15.0.2-alpha.1":"2016-04-20T18:17:51.152Z","15.0.2-alpha.2":"2016-04-21T22:22:07.642Z","15.0.2-alpha.3":"2016-04-25T20:04:05.908Z"},"repository":{"type":"git","url":"git+https://github.com/facebook/react.git"},"readme":"# react\n\nAn npm package to get you immediate access to [React](https://facebook.github.io/react/),\nwithout also requiring the JSX transformer. This is especially useful for cases where you\nwant to [`browserify`](https://github.com/substack/node-browserify) your module using\n`React`.\n\n**Note:** by default, React will be in development mode. The development version includes extra warnings about common mistakes, whereas the production version includes extra performance optimizations and strips all error messages.\n\nTo use React in production mode, set the environment variable `NODE_ENV` to `production`. A minifier that performs dead-code elimination such as [UglifyJS](https://github.com/mishoo/UglifyJS2) is recommended to completely remove the extra code present in development mode.\n\n## Example Usage\n\n```js\nvar React = require('react');\n\n// Addons are in separate packages:\nvar createFragment = require('react-addons-create-fragment');\nvar immutabilityHelpers = require('react-addons-update');\nvar CSSTransitionGroup = require('react-addons-css-transition-group');\n```\n\nFor a complete list of addons visit the [addons documentation page](https://facebook.github.io/react/docs/addons.html).\n","readmeFilename":"README.md","homepage":"https://facebook.github.io/react/","keywords":["react"],"bugs":{"url":"https://github.com/facebook/react/issues"},"users":{"dubban":true,"3boll":true,"bausmeier":true,"axelav":true,"joakin":true,"ruffle1986":true,"abalandin":true,"koorchik":true,"nikunjchapadia":true,"z5h":true,"dozoisch":true,"treycordova":true,"xanderiel":true,"sroccaserra":true,"david.herse":true,"andrezsanchez":true,"ich":true,"laiff":true,"erikvold":true,"spicyj":true,"jkkramer":true,"mhaidarh":true,"womjoy":true,"azaviruha":true,"insin":true,"dimitriwalters":true,"chrisayn":true,"justinanastos":true,"devonbl":true,"kewah":true,"robbschiller":true,"rifat":true,"codematix":true,"agtlucas":true,"stuligan":true,"jackson7am":true,"jehoshua02":true,"shanewholloway":true,"haeck":true,"leebyron":true,"mehditup":true,"ahmedelgabri":true,"mathieuancelin":true,"pughpugh":true,"sobering":true,"wambulance":true,"pburtchaell":true,"kulakowka":true,"pensierinmusica":true,"goodacre.liam":true,"dbrockman":true,"onestone":true,"jarib":true,"tchcxp":true,"arnold-almeida":true,"gentlecat":true,"yodairish":true,"jamesulph":true,"markthethomas":true,"byoigres":true,"koulmomo":true,"geilt":true,"borjes":true,"neaton":true,"simplyianm":true,"enet4":true,"aleclarson":true,"leonardorb":true,"tjwebb":true,"mchampi":true,"af":true,"orlenka":true,"oheard":true,"zchee":true,"hmazter":true,"kogai":true,"dac2205":true,"moimikey":true,"charlespeters":true,"sua":true,"goblindegook":true,"hpherzog":true,"chriscalo":true,"tomdanvers":true,"gabrielsanterre":true,"season19840122":true,"program247365":true,"modao":true,"danieljjh":true,"damianof":true,"chrisjordanme":true,"prabhash1785":true,"theveil":true,"qqqppp9998":true,"kai_":true,"kriswallsmith":true,"jabbrwcky":true,"rocalayo":true,"mfunkie":true,"drabinowitz":true,"nak2k":true,"keeyanajones":true,"bplabombarda":true,"tinyhill":true,"alexcoady":true,"sergiodxa":true,"huangdawei":true,"chicagoan":true,"yxqme":true,"tcskrovseth":true,"octoo":true,"nicastelo":true,"attomos":true,"buzuli":true,"clholzin":true,"h.kamitomo":true,"hyzhak":true,"gilbarbara":true,"freshlogic":true,"itonyyo":true,"qiming":true,"aahz":true,"icestone":true,"ugarz":true,"cypark":true,"manny":true,"courington":true,"enriquecaballero":true,"sjnnr":true,"pjb3":true,"bernardhamann":true,"isik":true,"fleeting":true,"sume0805":true,"narven":true,"tuiteraz":true,"arkanciscan":true,"wkaifang":true,"famousgarkin":true,"asa":true,"jovenbarola":true,"monjer":true,"nice_body":true,"yhui02":true,"lova":true,"arulkumar":true,"devdebonair":true,"tandysean":true,"tarex":true,"charlestati":true,"knoja4":true,"cpojer":true,"antouank":true,"sammyteahan":true,"dongguangming":true,"draganhr":true,"xgqfrms":true,"iolo":true,"nickeltobias":true,"yangxiaoqiang":true,"kuakman":true,"wzbg":true,"shiva127":true,"jimmyking":true,"szlegradi":true,"allthingssmitty":true,"leyyinad":true,"onheiron":true,"edloidas":true,"ddgromit":true,"igreulich":true,"vincetardy":true,"stefanof":true,"prisme":true,"vbv":true,"jordansrowles":true,"nalindak":true,"luckyulin":true,"unitetheclans":true,"hosomichi":true,"davidchubbs":true,"almccann":true,"martin.toma":true,"shelling":true,"urbantumbleweed":true,"heinzmuller":true,"junjiansyu":true,"corintho":true,"stany":true,"js3692":true,"keberox":true,"lavir":true,"ambdxtrch":true,"vwal":true,"leahcimic":true,"zhiquan.yu":true,"epickris":true,"moxiaohe":true,"oka-hide":true,"geese98":true,"moogus":true,"zhoutk":true,"amobiz":true,"rpnna":true,"evan2x":true,"kevinsuttle":true,"cfleschhut":true,"benstr":true,"jtsky":true,"tobiasnickel":true,"rhaynel":true,"rbartoli":true,"sternelee":true,"victorquinn":true,"daniele_cammarata":true,"barbarosh":true,"brandonccx":true,"kytart":true,"ferrari":true,"liugenbin":true,"acterce":true,"kevinoneill":true,"feedm3":true,"sergeymakoveev":true,"tomazzaman":true,"graubnla":true,"ffxsam":true,"artursgirons":true,"fistynuts":true,"lourenzo":true,"hugojosefson":true,"lcdss":true,"zoey1990":true,"kratyk":true,"alexlukin":true,"aoki":true,"chris-me":true,"nexume":true,"apehead":true,"minfrank":true,"ricardoj":true,"joannerpena":true,"orkisz":true,"highlanderkev":true,"richie_south":true,"panlw":true,"boterom89":true,"philiiiiiipp":true,"feyzee":true,"dubielzyk":true,"lex_nel":true,"vasz":true,"subhojit777":true,"brunolemos":true,"ajaegle":true,"dmitry-lobanov":true,"huibean":true,"apita-cc":true,"tribou":true,"sakura":true,"th3brink":true,"9joneg":true,"katy":true,"krishaamer":true,"bhsiung":true,"ferchoriverar":true,"wouter_vdb":true,"zhouanbo":true,"dbobrov":true,"jeffboyus":true,"giioaj":true,"julienrbrt":true,"hypersprite":true,"princetoad":true,"reekdeb":true,"strokirk":true,"riteshg":true,"rokeyzki":true,"mrmartineau":true},"license":"BSD-3-Clause","_attachments":{},"_etag":"\"4RHQZKEXN41YJ5EMQ08TJUHQG\""}