{"_id":"uncontrollable","_rev":"34-837d61875f6fe59ae210de629ab203be","name":"uncontrollable","description":"Wrap a controlled react component, to allow specific prop/handler pairs to be uncontrolled","dist-tags":{"latest":"3.2.4"},"versions":{"1.0.0":{"name":"uncontrollable","version":"1.0.0","description":"Wrap a controlled react component, to allow spcific prop/handler pairs to be uncontrolled","author":{"name":"Jason Quense","email":"monastic.panic@gmail.com"},"repository":{"type":"git","url":"https://github.com/jquense/uncontrollable"},"license":"MIT","main":"lib/uncontrollable.js","keywords":["uncontrolled-component","react-component","input","controlled","uncontrolled","form"],"scripts":{"test":"karma start --single-run"},"peerDependencies":{"react":"^0.12.2"},"devDependencies":{"babel":"^4.7.2","babel-loader":"^4.0.0","rimraf":"^2.2.8","gulp":"^3.8.10","gulp-less":"^2.0.1","gulp-babel-helpers":"^1.1.2","gulp-plumber":"^0.6.6","gulp-rename":"^1.2.0","karma":"~0.12.23","karma-mocha":"~0.1.9","karma-mocha-reporter":"^0.3.1","karma-phantomjs-launcher":"~0.1.4","karma-sourcemap-loader":"^0.3.2","karma-webpack":"~1.2.2","mocha":"~1.21.4","chai":"^1.10.0","sinon-chai":"^2.6.0","chai-as-promised":"^4.1.1","phantomjs":"~1.9.10","imports-loader":"^0.6.3","css-loader":"^0.9.1","style-loader":"^0.8.3","less-loader":"^2.0.0","react":"^0.12.2","react-hot-loader":"^1.1.7","webpack":"^1.4.15","webpack-dev-server":"^1.7.0"},"bugs":{"url":"https://github.com/jquense/uncontrollable/issues"},"homepage":"https://github.com/jquense/uncontrollable","_id":"uncontrollable@1.0.0","_shasum":"f2b2a9caafdcf2a46590078db09048fade4195b4","_from":".","_npmVersion":"1.4.27","_npmUser":{"name":"monastic.panic","email":"monastic.panic@gmail.com"},"maintainers":[{"name":"monastic.panic","email":"monastic.panic@gmail.com"}],"dist":{"shasum":"f2b2a9caafdcf2a46590078db09048fade4195b4","tarball":"https://registry.npmjs.org/uncontrollable/-/uncontrollable-1.0.0.tgz"},"directories":{}},"1.1.0":{"name":"uncontrollable","version":"1.1.0","description":"Wrap a controlled react component, to allow spcific prop/handler pairs to be uncontrolled","author":{"name":"Jason Quense","email":"monastic.panic@gmail.com"},"repository":{"type":"git","url":"https://github.com/jquense/uncontrollable"},"license":"MIT","main":"lib/uncontrollable.js","keywords":["uncontrolled-component","react-component","input","controlled","uncontrolled","form"],"scripts":{"test":"karma start --single-run"},"peerDependencies":{"react":">=0.11.0"},"devDependencies":{"babel":"^4.7.2","babel-loader":"^4.0.0","rimraf":"^2.2.8","gulp":"^3.8.10","gulp-less":"^2.0.1","gulp-babel-helpers":"^1.1.2","gulp-plumber":"^0.6.6","gulp-rename":"^1.2.0","karma":"~0.12.23","karma-mocha":"~0.1.9","karma-mocha-reporter":"^0.3.1","karma-phantomjs-launcher":"~0.1.4","karma-sourcemap-loader":"^0.3.2","karma-webpack":"~1.2.2","mocha":"~1.21.4","chai":"^1.10.0","sinon-chai":"^2.6.0","chai-as-promised":"^4.1.1","phantomjs":"~1.9.10","imports-loader":"^0.6.3","css-loader":"^0.9.1","style-loader":"^0.8.3","less-loader":"^2.0.0","react":"^0.12.2","react-hot-loader":"^1.1.7","webpack":"^1.4.15","webpack-dev-server":"^1.7.0"},"gitHead":"32107179afaae6cb76e82981c32300aed908d86c","bugs":{"url":"https://github.com/jquense/uncontrollable/issues"},"homepage":"https://github.com/jquense/uncontrollable","_id":"uncontrollable@1.1.0","_shasum":"5fddf6b97a95d3e64e3a04b145eb09d7c7ff60d3","_from":".","_npmVersion":"1.4.27","_npmUser":{"name":"monastic.panic","email":"monastic.panic@gmail.com"},"maintainers":[{"name":"monastic.panic","email":"monastic.panic@gmail.com"}],"dist":{"shasum":"5fddf6b97a95d3e64e3a04b145eb09d7c7ff60d3","tarball":"https://registry.npmjs.org/uncontrollable/-/uncontrollable-1.1.0.tgz"},"directories":{}},"1.1.1":{"name":"uncontrollable","version":"1.1.1","description":"Wrap a controlled react component, to allow spcific prop/handler pairs to be uncontrolled","author":{"name":"Jason Quense","email":"monastic.panic@gmail.com"},"repository":{"type":"git","url":"https://github.com/jquense/uncontrollable"},"license":"MIT","main":"lib/uncontrollable.js","keywords":["uncontrolled-component","react-component","input","controlled","uncontrolled","form"],"scripts":{"test":"karma start --single-run"},"peerDependencies":{"react":">=0.11.0"},"devDependencies":{"babel":"^4.7.2","babel-loader":"^4.0.0","rimraf":"^2.2.8","gulp":"^3.8.10","gulp-less":"^2.0.1","gulp-babel-helpers":"^1.1.2","gulp-plumber":"^0.6.6","gulp-rename":"^1.2.0","karma":"~0.12.23","karma-mocha":"~0.1.9","karma-mocha-reporter":"^0.3.1","karma-phantomjs-launcher":"~0.1.4","karma-sourcemap-loader":"^0.3.2","karma-webpack":"~1.2.2","mocha":"~1.21.4","chai":"^1.10.0","sinon-chai":"^2.6.0","chai-as-promised":"^4.1.1","phantomjs":"~1.9.10","imports-loader":"^0.6.3","css-loader":"^0.9.1","style-loader":"^0.8.3","less-loader":"^2.0.0","react":"^0.12.2","react-hot-loader":"^1.1.7","webpack":"^1.4.15","webpack-dev-server":"^1.7.0"},"gitHead":"32107179afaae6cb76e82981c32300aed908d86c","bugs":{"url":"https://github.com/jquense/uncontrollable/issues"},"homepage":"https://github.com/jquense/uncontrollable","_id":"uncontrollable@1.1.1","_shasum":"ff163223a3653cce19d8bb4e183fca750277b2b4","_from":".","_npmVersion":"1.4.27","_npmUser":{"name":"monastic.panic","email":"monastic.panic@gmail.com"},"maintainers":[{"name":"monastic.panic","email":"monastic.panic@gmail.com"}],"dist":{"shasum":"ff163223a3653cce19d8bb4e183fca750277b2b4","tarball":"https://registry.npmjs.org/uncontrollable/-/uncontrollable-1.1.1.tgz"},"directories":{}},"1.1.2":{"name":"uncontrollable","version":"1.1.2","description":"Wrap a controlled react component, to allow spcific prop/handler pairs to be uncontrolled","author":{"name":"Jason Quense","email":"monastic.panic@gmail.com"},"repository":{"type":"git","url":"https://github.com/jquense/uncontrollable"},"license":"MIT","main":"lib/uncontrollable.js","keywords":["uncontrolled-component","react-component","input","controlled","uncontrolled","form"],"scripts":{"test":"karma start --single-run"},"peerDependencies":{"react":">=0.11.0"},"devDependencies":{"babel":"^4.7.2","babel-loader":"^4.0.0","chai":"^1.10.0","chai-as-promised":"^4.1.1","css-loader":"^0.9.1","gulp":"^3.8.10","gulp-babel-helpers":"^1.1.2","gulp-less":"^2.0.1","gulp-plumber":"^0.6.6","gulp-rename":"^1.2.0","imports-loader":"^0.6.3","karma":"~0.12.23","karma-mocha":"~0.1.9","karma-mocha-reporter":"^0.3.1","karma-phantomjs-launcher":"~0.1.4","karma-sourcemap-loader":"^0.3.2","karma-webpack":"~1.2.2","less-loader":"^2.0.0","mocha":"~1.21.4","phantomjs":"^1.9.16","react":"^0.12.2","react-hot-loader":"^1.1.7","rimraf":"^2.2.8","sinon-chai":"^2.6.0","style-loader":"^0.8.3","webpack":"^1.4.15","webpack-dev-server":"^1.7.0"},"gitHead":"ade9b3c7c43a9491d76de8a727402e0864cad00f","bugs":{"url":"https://github.com/jquense/uncontrollable/issues"},"homepage":"https://github.com/jquense/uncontrollable","_id":"uncontrollable@1.1.2","_shasum":"1bef5db6af766a4b3b660f761b4f5f727a4cb29a","_from":".","_npmVersion":"1.4.27","_npmUser":{"name":"monastic.panic","email":"monastic.panic@gmail.com"},"maintainers":[{"name":"monastic.panic","email":"monastic.panic@gmail.com"}],"dist":{"shasum":"1bef5db6af766a4b3b660f761b4f5f727a4cb29a","tarball":"https://registry.npmjs.org/uncontrollable/-/uncontrollable-1.1.2.tgz"},"directories":{}},"1.1.3":{"name":"uncontrollable","version":"1.1.3","description":"Wrap a controlled react component, to allow spcific prop/handler pairs to be uncontrolled","author":{"name":"Jason Quense","email":"monastic.panic@gmail.com"},"repository":{"type":"git","url":"https://github.com/jquense/uncontrollable"},"license":"MIT","main":"lib/uncontrollable.js","keywords":["uncontrolled-component","react-component","input","controlled","uncontrolled","form"],"scripts":{"test":"karma start --single-run"},"peerDependencies":{"react":">=0.11.0"},"devDependencies":{"babel":"^4.7.2","babel-loader":"^4.0.0","chai":"^1.10.0","chai-as-promised":"^4.1.1","css-loader":"^0.9.1","gulp":"^3.8.10","gulp-babel-helpers":"^1.1.2","gulp-less":"^2.0.1","gulp-plumber":"^0.6.6","gulp-rename":"^1.2.0","imports-loader":"^0.6.3","karma":"~0.12.23","karma-mocha":"~0.1.9","karma-mocha-reporter":"^0.3.1","karma-phantomjs-launcher":"~0.1.4","karma-sourcemap-loader":"^0.3.2","karma-webpack":"~1.2.2","less-loader":"^2.0.0","mocha":"~1.21.4","phantomjs":"^1.9.16","react":"^0.12.2","react-hot-loader":"^1.1.7","rimraf":"^2.2.8","sinon-chai":"^2.6.0","style-loader":"^0.8.3","webpack":"^1.4.15","webpack-dev-server":"^1.7.0"},"gitHead":"5477c97d3e0f50793afb50e0ca92f5fe0df08fdb","bugs":{"url":"https://github.com/jquense/uncontrollable/issues"},"homepage":"https://github.com/jquense/uncontrollable","_id":"uncontrollable@1.1.3","_shasum":"1ef3492cfe1ac6555d80c25d47a5d199232f5374","_from":".","_npmVersion":"1.4.27","_npmUser":{"name":"monastic.panic","email":"monastic.panic@gmail.com"},"maintainers":[{"name":"monastic.panic","email":"monastic.panic@gmail.com"}],"dist":{"shasum":"1ef3492cfe1ac6555d80c25d47a5d199232f5374","tarball":"https://registry.npmjs.org/uncontrollable/-/uncontrollable-1.1.3.tgz"},"directories":{}},"1.1.4":{"name":"uncontrollable","version":"1.1.4","description":"Wrap a controlled react component, to allow spcific prop/handler pairs to be uncontrolled","author":{"name":"Jason Quense","email":"monastic.panic@gmail.com"},"repository":{"type":"git","url":"https://github.com/jquense/uncontrollable"},"license":"MIT","main":"lib/uncontrollable.js","keywords":["uncontrolled-component","react-component","input","controlled","uncontrolled","form"],"scripts":{"test":"karma start --single-run"},"peerDependencies":{"react":">=0.11.0"},"devDependencies":{"babel":"^4.7.2","babel-loader":"^4.0.0","chai":"^1.10.0","chai-as-promised":"^4.1.1","css-loader":"^0.9.1","gulp":"^3.8.10","gulp-babel-helpers":"^1.1.2","gulp-less":"^2.0.1","gulp-plumber":"^0.6.6","gulp-rename":"^1.2.0","imports-loader":"^0.6.3","karma":"~0.12.23","karma-mocha":"~0.1.9","karma-mocha-reporter":"^0.3.1","karma-phantomjs-launcher":"~0.1.4","karma-sourcemap-loader":"^0.3.2","karma-webpack":"~1.2.2","less-loader":"^2.0.0","mocha":"~1.21.4","phantomjs":"^1.9.16","react":"^0.12.2","react-hot-loader":"^1.1.7","rimraf":"^2.2.8","sinon-chai":"^2.6.0","style-loader":"^0.8.3","webpack":"^1.4.15","webpack-dev-server":"^1.7.0"},"gitHead":"4608fd6a52a5974856a29cd9ad627d9391326872","bugs":{"url":"https://github.com/jquense/uncontrollable/issues"},"homepage":"https://github.com/jquense/uncontrollable","_id":"uncontrollable@1.1.4","_shasum":"3e60ab27ef718c0a8e6e8e6dea8e25ae577e270c","_from":".","_npmVersion":"2.1.6","_nodeVersion":"0.10.24","_npmUser":{"name":"monastic.panic","email":"monastic.panic@gmail.com"},"maintainers":[{"name":"monastic.panic","email":"monastic.panic@gmail.com"}],"dist":{"shasum":"3e60ab27ef718c0a8e6e8e6dea8e25ae577e270c","tarball":"https://registry.npmjs.org/uncontrollable/-/uncontrollable-1.1.4.tgz"},"directories":{}},"1.2.0":{"name":"uncontrollable","version":"1.2.0","description":"Wrap a controlled react component, to allow spcific prop/handler pairs to be uncontrolled","author":{"name":"Jason Quense","email":"monastic.panic@gmail.com"},"repository":{"type":"git","url":"git+https://github.com/jquense/uncontrollable.git"},"license":"MIT","main":"lib/uncontrollable.js","keywords":["uncontrolled-component","react-component","input","controlled","uncontrolled","form"],"scripts":{"test":"karma start --single-run"},"peerDependencies":{"react":">=0.11.0"},"devDependencies":{"babel":"^4.7.2","babel-loader":"^4.0.0","chai":"^1.10.0","chai-as-promised":"^4.1.1","css-loader":"^0.9.1","gulp":"^3.8.10","gulp-babel-helpers":"^1.1.2","gulp-less":"^2.0.1","gulp-plumber":"^0.6.6","gulp-rename":"^1.2.0","imports-loader":"^0.6.3","jq-release":"^0.6.1","karma":"~0.12.23","karma-mocha":"~0.1.9","karma-mocha-reporter":"^0.3.1","karma-phantomjs-launcher":"~0.1.4","karma-sourcemap-loader":"^0.3.2","karma-webpack":"~1.2.2","less-loader":"^2.0.0","mocha":"~1.21.4","phantomjs":"^1.9.16","react":"^0.12.2","react-hot-loader":"^1.1.7","rimraf":"^2.2.8","sinon-chai":"^2.6.0","style-loader":"^0.8.3","webpack":"^1.4.15","webpack-dev-server":"^1.7.0"},"gitHead":"ec22f4ba52a6e894d2dd24aa14312e91ec5cd57f","bugs":{"url":"https://github.com/jquense/uncontrollable/issues"},"homepage":"https://github.com/jquense/uncontrollable#readme","_id":"uncontrollable@1.2.0","_shasum":"f5b5470532f05b13035ecb8aa31c588ca3986ed0","_from":".","_npmVersion":"2.10.0","_nodeVersion":"0.10.32","_npmUser":{"name":"monastic.panic","email":"monastic.panic@gmail.com"},"maintainers":[{"name":"monastic.panic","email":"monastic.panic@gmail.com"}],"dist":{"shasum":"f5b5470532f05b13035ecb8aa31c588ca3986ed0","tarball":"https://registry.npmjs.org/uncontrollable/-/uncontrollable-1.2.0.tgz"},"directories":{}},"1.3.0":{"name":"uncontrollable","version":"1.3.0","description":"Wrap a controlled react component, to allow spcific prop/handler pairs to be uncontrolled","author":{"name":"Jason Quense","email":"monastic.panic@gmail.com"},"repository":{"type":"git","url":"git+https://github.com/jquense/uncontrollable.git"},"license":"MIT","main":"lib/uncontrollable.js","keywords":["uncontrolled-component","react-component","input","controlled","uncontrolled","form"],"scripts":{"test":"karma start --single-run"},"peerDependencies":{"react":">=0.11.0"},"devDependencies":{"babel":"^4.7.2","babel-loader":"^4.0.0","chai":"^1.10.0","chai-as-promised":"^4.1.1","css-loader":"^0.9.1","gulp":"^3.8.10","gulp-babel-helpers":"^1.1.2","gulp-less":"^2.0.1","gulp-plumber":"^0.6.6","gulp-rename":"^1.2.0","imports-loader":"^0.6.3","jq-release":"^0.6.1","karma":"~0.12.23","karma-mocha":"~0.1.9","karma-mocha-reporter":"^0.3.1","karma-phantomjs-launcher":"~0.1.4","karma-sourcemap-loader":"^0.3.2","karma-webpack":"~1.2.2","less-loader":"^2.0.0","mocha":"~1.21.4","phantomjs":"^1.9.16","react":"^0.12.2","react-hot-loader":"^1.1.7","react-layer":"^1.1.0","rimraf":"^2.2.8","sinon-chai":"^2.6.0","style-loader":"^0.8.3","webpack":"^1.4.15","webpack-dev-server":"^1.7.0"},"gitHead":"3dd2f094ad30f6a73f78e311611f123e25e6310b","bugs":{"url":"https://github.com/jquense/uncontrollable/issues"},"homepage":"https://github.com/jquense/uncontrollable#readme","_id":"uncontrollable@1.3.0","_shasum":"404d453c238ca53078fb7d9e8560194ef42ffbe8","_from":".","_npmVersion":"2.12.1","_nodeVersion":"0.10.32","_npmUser":{"name":"monastic.panic","email":"monastic.panic@gmail.com"},"maintainers":[{"name":"monastic.panic","email":"monastic.panic@gmail.com"}],"dist":{"shasum":"404d453c238ca53078fb7d9e8560194ef42ffbe8","tarball":"https://registry.npmjs.org/uncontrollable/-/uncontrollable-1.3.0.tgz"},"directories":{}},"1.3.1":{"name":"uncontrollable","version":"1.3.1","description":"Wrap a controlled react component, to allow spcific prop/handler pairs to be uncontrolled","author":{"name":"Jason Quense","email":"monastic.panic@gmail.com"},"repository":{"type":"git","url":"git+https://github.com/jquense/uncontrollable.git"},"license":"MIT","main":"lib/uncontrollable.js","keywords":["uncontrolled-component","react-component","input","controlled","uncontrolled","form"],"scripts":{"test":"karma start --single-run"},"peerDependencies":{"react":">=0.11.0"},"devDependencies":{"babel":"^4.7.2","babel-loader":"^4.0.0","chai":"^1.10.0","chai-as-promised":"^4.1.1","css-loader":"^0.9.1","gulp":"^3.8.10","gulp-babel-helpers":"^1.1.2","gulp-less":"^2.0.1","gulp-plumber":"^0.6.6","gulp-rename":"^1.2.0","imports-loader":"^0.6.3","jq-release":"^0.6.1","karma":"~0.12.23","karma-mocha":"~0.1.9","karma-mocha-reporter":"^0.3.1","karma-phantomjs-launcher":"~0.1.4","karma-sourcemap-loader":"^0.3.2","karma-webpack":"~1.2.2","less-loader":"^2.0.0","mocha":"~1.21.4","phantomjs":"^1.9.16","react":"^0.12.2","react-hot-loader":"^1.1.7","react-layer":"^1.1.0","rimraf":"^2.2.8","sinon-chai":"^2.6.0","style-loader":"^0.8.3","webpack":"^1.4.15","webpack-dev-server":"^1.7.0"},"gitHead":"23718eb0c6fcd401d35ab17e9c45f49ec1fe82a2","bugs":{"url":"https://github.com/jquense/uncontrollable/issues"},"homepage":"https://github.com/jquense/uncontrollable#readme","_id":"uncontrollable@1.3.1","_shasum":"07c9c04a13d6204f47f012114e533bc87dec67df","_from":".","_npmVersion":"2.12.1","_nodeVersion":"0.10.32","_npmUser":{"name":"monastic.panic","email":"monastic.panic@gmail.com"},"maintainers":[{"name":"monastic.panic","email":"monastic.panic@gmail.com"}],"dist":{"shasum":"07c9c04a13d6204f47f012114e533bc87dec67df","tarball":"https://registry.npmjs.org/uncontrollable/-/uncontrollable-1.3.1.tgz"},"directories":{}},"1.3.2":{"name":"uncontrollable","version":"1.3.2","description":"Wrap a controlled react component, to allow spcific prop/handler pairs to be uncontrolled","author":{"name":"Jason Quense","email":"monastic.panic@gmail.com"},"repository":{"type":"git","url":"git+https://github.com/jquense/uncontrollable.git"},"license":"MIT","main":"lib/uncontrollable.js","keywords":["uncontrolled-component","react-component","input","controlled","uncontrolled","form"],"scripts":{"test":"karma start --single-run"},"peerDependencies":{"react":">=0.11.0"},"devDependencies":{"babel":"^4.7.2","babel-loader":"^4.0.0","chai":"^1.10.0","chai-as-promised":"^4.1.1","css-loader":"^0.9.1","gulp":"^3.8.10","gulp-babel-helpers":"^1.1.2","gulp-less":"^2.0.1","gulp-plumber":"^0.6.6","gulp-rename":"^1.2.0","imports-loader":"^0.6.3","jq-release":"^0.6.1","karma":"~0.12.23","karma-mocha":"~0.1.9","karma-mocha-reporter":"^0.3.1","karma-phantomjs-launcher":"~0.1.4","karma-sourcemap-loader":"^0.3.2","karma-webpack":"~1.2.2","less-loader":"^2.0.0","mocha":"~1.21.4","phantomjs":"^1.9.16","react":"^0.12.2","react-hot-loader":"^1.1.7","react-layer":"^1.1.0","rimraf":"^2.2.8","sinon-chai":"^2.6.0","style-loader":"^0.8.3","webpack":"^1.4.15","webpack-dev-server":"^1.7.0"},"gitHead":"739634de27bdf0660c3f647e0c01a09d4496a18d","bugs":{"url":"https://github.com/jquense/uncontrollable/issues"},"homepage":"https://github.com/jquense/uncontrollable#readme","_id":"uncontrollable@1.3.2","_shasum":"2a8ee7acfc99cc839d7937c48f7f42cdd86663e8","_from":".","_npmVersion":"2.12.1","_nodeVersion":"0.10.32","_npmUser":{"name":"monastic.panic","email":"monastic.panic@gmail.com"},"maintainers":[{"name":"monastic.panic","email":"monastic.panic@gmail.com"}],"dist":{"shasum":"2a8ee7acfc99cc839d7937c48f7f42cdd86663e8","tarball":"https://registry.npmjs.org/uncontrollable/-/uncontrollable-1.3.2.tgz"},"directories":{}},"1.4.0":{"name":"uncontrollable","version":"1.4.0","description":"Wrap a controlled react component, to allow spcific prop/handler pairs to be uncontrolled","author":{"name":"Jason Quense","email":"monastic.panic@gmail.com"},"repository":{"type":"git","url":"git+https://github.com/jquense/uncontrollable.git"},"license":"MIT","main":"lib/uncontrollable.js","keywords":["uncontrolled-component","react-component","input","controlled","uncontrolled","form"],"scripts":{"test":"karma start --single-run"},"peerDependencies":{"react":">=0.11.0"},"devDependencies":{"babel":"^4.7.2","babel-loader":"^4.0.0","chai":"^1.10.0","chai-as-promised":"^4.1.1","css-loader":"^0.9.1","gulp":"^3.8.10","gulp-babel-helpers":"^1.1.2","gulp-less":"^2.0.1","gulp-plumber":"^0.6.6","gulp-rename":"^1.2.0","imports-loader":"^0.6.3","jq-release":"^0.6.1","karma":"~0.12.23","karma-mocha":"~0.1.9","karma-mocha-reporter":"^0.3.1","karma-phantomjs-launcher":"~0.1.4","karma-sourcemap-loader":"^0.3.2","karma-webpack":"~1.2.2","less-loader":"^2.0.0","mocha":"~1.21.4","phantomjs":"^1.9.16","react":"^0.12.2","react-hot-loader":"^1.1.7","react-layer":"^1.1.0","rimraf":"^2.2.8","sinon-chai":"^2.6.0","style-loader":"^0.8.3","webpack":"^1.4.15","webpack-dev-server":"^1.7.0"},"gitHead":"ba8ea842db8b9a6f9a87fa1e1f6a545e8bf0bcab","bugs":{"url":"https://github.com/jquense/uncontrollable/issues"},"homepage":"https://github.com/jquense/uncontrollable#readme","_id":"uncontrollable@1.4.0","_shasum":"8a80126d8d55beba037ee2b87f25afce3d5b38cc","_from":".","_npmVersion":"2.12.1","_nodeVersion":"0.10.32","_npmUser":{"name":"monastic.panic","email":"monastic.panic@gmail.com"},"maintainers":[{"name":"monastic.panic","email":"monastic.panic@gmail.com"}],"dist":{"shasum":"8a80126d8d55beba037ee2b87f25afce3d5b38cc","tarball":"https://registry.npmjs.org/uncontrollable/-/uncontrollable-1.4.0.tgz"},"directories":{}},"2.0.0":{"name":"uncontrollable","version":"2.0.0","description":"Wrap a controlled react component, to allow spcific prop/handler pairs to be uncontrolled","author":{"name":"Jason Quense","email":"monastic.panic@gmail.com"},"repository":{"type":"git","url":"git+https://github.com/jquense/uncontrollable.git"},"license":"MIT","main":"lib/uncontrollable.js","keywords":["uncontrolled-component","react-component","input","controlled","uncontrolled","form"],"scripts":{"test":"karma start --single-run"},"peerDependencies":{"react":">=0.11.0"},"devDependencies":{"babel":"^4.7.2","babel-loader":"^4.0.0","chai":"^1.10.0","chai-as-promised":"^4.1.1","css-loader":"^0.9.1","gulp":"^3.8.10","gulp-babel-helpers":"^1.1.2","gulp-less":"^2.0.1","gulp-plumber":"^0.6.6","gulp-rename":"^1.2.0","imports-loader":"^0.6.3","jq-release":"^0.6.1","karma":"~0.12.23","karma-mocha":"~0.1.9","karma-mocha-reporter":"^0.3.1","karma-phantomjs-launcher":"~0.1.4","karma-sourcemap-loader":"^0.3.2","karma-webpack":"~1.2.2","less-loader":"^2.0.0","mocha":"~1.21.4","phantomjs":"^1.9.16","react":"^0.12.2","react-hot-loader":"^1.1.7","react-layer":"^1.1.0","rimraf":"^2.2.8","sinon-chai":"^2.6.0","style-loader":"^0.8.3","webpack":"^1.4.15","webpack-dev-server":"^1.7.0"},"gitHead":"f4fd35a5e98ac6216a793b7ab9c7db20125fe8b3","bugs":{"url":"https://github.com/jquense/uncontrollable/issues"},"homepage":"https://github.com/jquense/uncontrollable#readme","_id":"uncontrollable@2.0.0","_shasum":"4316bcf9ba0e026d6ccdeb3cb5bd683d0c202a57","_from":".","_npmVersion":"2.12.1","_nodeVersion":"0.10.32","_npmUser":{"name":"monastic.panic","email":"monastic.panic@gmail.com"},"maintainers":[{"name":"monastic.panic","email":"monastic.panic@gmail.com"}],"dist":{"shasum":"4316bcf9ba0e026d6ccdeb3cb5bd683d0c202a57","tarball":"https://registry.npmjs.org/uncontrollable/-/uncontrollable-2.0.0.tgz"},"directories":{}},"3.0.0":{"name":"uncontrollable","version":"3.0.0","description":"Wrap a controlled react component, to allow spcific prop/handler pairs to be uncontrolled","author":{"name":"Jason Quense","email":"monastic.panic@gmail.com"},"repository":{"type":"git","url":"git+https://github.com/jquense/uncontrollable.git"},"license":"MIT","main":"index.js","keywords":["uncontrolled-component","react-component","input","controlled","uncontrolled","form"],"bugs":{"url":"https://github.com/jquense/uncontrollable/issues"},"homepage":"https://github.com/jquense/uncontrollable#readme","_id":"uncontrollable@3.0.0","scripts":{},"_shasum":"48c191b3c5a6977389909f51fc0747a7ffd8a8f9","_from":".","_npmVersion":"2.13.3","_nodeVersion":"0.12.3","_npmUser":{"name":"monastic.panic","email":"monastic.panic@gmail.com"},"maintainers":[{"name":"monastic.panic","email":"monastic.panic@gmail.com"}],"dist":{"shasum":"48c191b3c5a6977389909f51fc0747a7ffd8a8f9","tarball":"https://registry.npmjs.org/uncontrollable/-/uncontrollable-3.0.0.tgz"},"directories":{}},"3.0.1":{"name":"uncontrollable","version":"3.0.1","description":"Wrap a controlled react component, to allow spcific prop/handler pairs to be uncontrolled","author":{"name":"Jason Quense","email":"monastic.panic@gmail.com"},"repository":{"type":"git","url":"git+https://github.com/jquense/uncontrollable.git"},"license":"MIT","main":"index.js","keywords":["uncontrolled-component","react-component","input","controlled","uncontrolled","form"],"dependencies":{"invariant":"^2.1.0"},"peerDependencies":{"react":">=0.11.0"},"bugs":{"url":"https://github.com/jquense/uncontrollable/issues"},"homepage":"https://github.com/jquense/uncontrollable#readme","_id":"uncontrollable@3.0.1","scripts":{},"_shasum":"646da7449bb2abfeb9043b6eca1473a11bc86089","_from":".","_npmVersion":"2.13.3","_nodeVersion":"0.12.3","_npmUser":{"name":"monastic.panic","email":"monastic.panic@gmail.com"},"maintainers":[{"name":"monastic.panic","email":"monastic.panic@gmail.com"}],"dist":{"shasum":"646da7449bb2abfeb9043b6eca1473a11bc86089","tarball":"https://registry.npmjs.org/uncontrollable/-/uncontrollable-3.0.1.tgz"},"directories":{}},"3.0.2":{"name":"uncontrollable","version":"3.0.2","description":"Wrap a controlled react component, to allow spcific prop/handler pairs to be uncontrolled","author":{"name":"Jason Quense","email":"monastic.panic@gmail.com"},"repository":{"type":"git","url":"git+https://github.com/jquense/uncontrollable.git"},"license":"MIT","main":"index.js","keywords":["uncontrolled-component","react-component","input","controlled","uncontrolled","form"],"dependencies":{"invariant":"^2.1.0"},"peerDependencies":{"react":">=0.11.0 || 0.14.0-beta3"},"bugs":{"url":"https://github.com/jquense/uncontrollable/issues"},"homepage":"https://github.com/jquense/uncontrollable#readme","_id":"uncontrollable@3.0.2","scripts":{},"_shasum":"d334080269db2fc28f48cd3df8a9771ab887b6e4","_from":".","_npmVersion":"2.13.3","_nodeVersion":"0.12.3","_npmUser":{"name":"monastic.panic","email":"monastic.panic@gmail.com"},"maintainers":[{"name":"monastic.panic","email":"monastic.panic@gmail.com"}],"dist":{"shasum":"d334080269db2fc28f48cd3df8a9771ab887b6e4","tarball":"https://registry.npmjs.org/uncontrollable/-/uncontrollable-3.0.2.tgz"},"directories":{}},"3.1.0":{"name":"uncontrollable","version":"3.1.0","description":"Wrap a controlled react component, to allow spcific prop/handler pairs to be uncontrolled","author":{"name":"Jason Quense","email":"monastic.panic@gmail.com"},"repository":{"type":"git","url":"git+https://github.com/jquense/uncontrollable.git"},"license":"MIT","main":"index.js","keywords":["uncontrolled-component","react-component","input","controlled","uncontrolled","form"],"dependencies":{"invariant":"^2.1.0"},"peerDependencies":{"react":">=0.11.0 || 0.14.0-beta3"},"bugs":{"url":"https://github.com/jquense/uncontrollable/issues"},"homepage":"https://github.com/jquense/uncontrollable#readme","_id":"uncontrollable@3.1.0","scripts":{},"_shasum":"5fb24f8e5fc23e27e497bf1a1b2933e6fc65df40","_from":".","_npmVersion":"2.13.3","_nodeVersion":"0.12.3","_npmUser":{"name":"monastic.panic","email":"monastic.panic@gmail.com"},"maintainers":[{"name":"monastic.panic","email":"monastic.panic@gmail.com"}],"dist":{"shasum":"5fb24f8e5fc23e27e497bf1a1b2933e6fc65df40","tarball":"https://registry.npmjs.org/uncontrollable/-/uncontrollable-3.1.0.tgz"},"directories":{}},"3.0.3":{"name":"uncontrollable","version":"3.0.3","description":"Wrap a controlled react component, to allow spcific prop/handler pairs to be uncontrolled","author":{"name":"Jason Quense","email":"monastic.panic@gmail.com"},"repository":{"type":"git","url":"git+https://github.com/jquense/uncontrollable.git"},"license":"MIT","main":"index.js","keywords":["uncontrolled-component","react-component","input","controlled","uncontrolled","form"],"dependencies":{"invariant":"^2.1.0"},"peerDependencies":{"react":">=0.11.0 || ^0.14.0-beta3"},"bugs":{"url":"https://github.com/jquense/uncontrollable/issues"},"homepage":"https://github.com/jquense/uncontrollable#readme","_id":"uncontrollable@3.0.3","scripts":{},"_shasum":"126f5f85dd2da9e2c06b6d6b84401a5c908d2131","_from":".","_npmVersion":"2.13.3","_nodeVersion":"0.10.36","_npmUser":{"name":"monastic.panic","email":"monastic.panic@gmail.com"},"maintainers":[{"name":"monastic.panic","email":"monastic.panic@gmail.com"}],"dist":{"shasum":"126f5f85dd2da9e2c06b6d6b84401a5c908d2131","tarball":"https://registry.npmjs.org/uncontrollable/-/uncontrollable-3.0.3.tgz"},"directories":{}},"3.1.1":{"name":"uncontrollable","version":"3.1.1","description":"Wrap a controlled react component, to allow spcific prop/handler pairs to be uncontrolled","author":{"name":"Jason Quense","email":"monastic.panic@gmail.com"},"repository":{"type":"git","url":"git+https://github.com/jquense/uncontrollable.git"},"license":"MIT","main":"index.js","keywords":["uncontrolled-component","react-component","input","controlled","uncontrolled","form"],"dependencies":{"invariant":"^2.1.0"},"peerDependencies":{"react":">=0.11.0 || ^0.14.0-beta3"},"bugs":{"url":"https://github.com/jquense/uncontrollable/issues"},"homepage":"https://github.com/jquense/uncontrollable#readme","_id":"uncontrollable@3.1.1","scripts":{},"_shasum":"3ab5ba9a77e537fb5431a4d48964758a9bf8aada","_from":".","_npmVersion":"2.13.3","_nodeVersion":"0.10.36","_npmUser":{"name":"monastic.panic","email":"monastic.panic@gmail.com"},"maintainers":[{"name":"monastic.panic","email":"monastic.panic@gmail.com"}],"dist":{"shasum":"3ab5ba9a77e537fb5431a4d48964758a9bf8aada","tarball":"https://registry.npmjs.org/uncontrollable/-/uncontrollable-3.1.1.tgz"},"directories":{}},"3.1.2":{"name":"uncontrollable","version":"3.1.2","description":"Wrap a controlled react component, to allow spcific prop/handler pairs to be uncontrolled","author":{"name":"Jason Quense","email":"monastic.panic@gmail.com"},"repository":{"type":"git","url":"git+https://github.com/jquense/uncontrollable.git"},"license":"MIT","main":"index.js","keywords":["uncontrolled-component","react-component","input","controlled","uncontrolled","form"],"dependencies":{"invariant":"^2.1.0"},"peerDependencies":{"react":">=0.11.0 || ^0.14.0-beta3"},"bugs":{"url":"https://github.com/jquense/uncontrollable/issues"},"homepage":"https://github.com/jquense/uncontrollable#readme","_id":"uncontrollable@3.1.2","scripts":{},"_shasum":"1272f3647d85e85fe359a677835b99d9dcab4719","_from":".","_npmVersion":"2.13.3","_nodeVersion":"0.10.36","_npmUser":{"name":"monastic.panic","email":"monastic.panic@gmail.com"},"maintainers":[{"name":"monastic.panic","email":"monastic.panic@gmail.com"}],"dist":{"shasum":"1272f3647d85e85fe359a677835b99d9dcab4719","tarball":"https://registry.npmjs.org/uncontrollable/-/uncontrollable-3.1.2.tgz"},"directories":{}},"3.1.3":{"name":"uncontrollable","version":"3.1.3","description":"Wrap a controlled react component, to allow spcific prop/handler pairs to be uncontrolled","author":{"name":"Jason Quense","email":"monastic.panic@gmail.com"},"repository":{"type":"git","url":"git+https://github.com/jquense/uncontrollable.git"},"license":"MIT","main":"uncontrollable.js","keywords":["uncontrolled-component","react-component","input","controlled","uncontrolled","form"],"peerDependencies":{"react":">=0.11.0"},"dependencies":{"invariant":"^2.1.0"},"bugs":{"url":"https://github.com/jquense/uncontrollable/issues"},"homepage":"https://github.com/jquense/uncontrollable#readme","_id":"uncontrollable@3.1.3","scripts":{},"_shasum":"4fdddfba42ffcd83e6186d9c12f18b9102b2514e","_from":".","_npmVersion":"2.14.7","_nodeVersion":"0.12.3","_npmUser":{"name":"monastic.panic","email":"monastic.panic@gmail.com"},"maintainers":[{"name":"monastic.panic","email":"monastic.panic@gmail.com"}],"dist":{"shasum":"4fdddfba42ffcd83e6186d9c12f18b9102b2514e","tarball":"https://registry.npmjs.org/uncontrollable/-/uncontrollable-3.1.3.tgz"},"directories":{}},"3.1.4":{"name":"uncontrollable","version":"3.1.4","description":"Wrap a controlled react component, to allow specific prop/handler pairs to be uncontrolled","author":{"name":"Jason Quense","email":"monastic.panic@gmail.com"},"repository":{"type":"git","url":"git+https://github.com/jquense/uncontrollable.git"},"license":"MIT","main":"uncontrollable.js","keywords":["uncontrolled-component","react-component","input","controlled","uncontrolled","form"],"peerDependencies":{"react":">=0.11.0"},"dependencies":{"invariant":"^2.1.0"},"bugs":{"url":"https://github.com/jquense/uncontrollable/issues"},"homepage":"https://github.com/jquense/uncontrollable#readme","_id":"uncontrollable@3.1.4","scripts":{},"_shasum":"7646fae6bfc86ac033e0fe1ada305e4c51098064","_from":".","_npmVersion":"3.3.12","_nodeVersion":"4.1.2","_npmUser":{"name":"monastic.panic","email":"monastic.panic@gmail.com"},"maintainers":[{"name":"monastic.panic","email":"monastic.panic@gmail.com"}],"dist":{"shasum":"7646fae6bfc86ac033e0fe1ada305e4c51098064","tarball":"https://registry.npmjs.org/uncontrollable/-/uncontrollable-3.1.4.tgz"},"directories":{}},"3.2.0":{"name":"uncontrollable","version":"3.2.0","description":"Wrap a controlled react component, to allow specific prop/handler pairs to be uncontrolled","author":{"name":"Jason Quense","email":"monastic.panic@gmail.com"},"repository":{"type":"git","url":"git+https://github.com/jquense/uncontrollable.git"},"license":"MIT","main":"uncontrollable.js","keywords":["uncontrolled-component","react-component","input","controlled","uncontrolled","form"],"peerDependencies":{"react":">=0.11.0"},"dependencies":{"invariant":"^2.1.0"},"bugs":{"url":"https://github.com/jquense/uncontrollable/issues"},"homepage":"https://github.com/jquense/uncontrollable#readme","_id":"uncontrollable@3.2.0","scripts":{},"_shasum":"ed99a1daadfafc6e042815da6c8a75fbb1f2dc28","_from":".","_npmVersion":"3.3.12","_nodeVersion":"4.1.2","_npmUser":{"name":"monastic.panic","email":"monastic.panic@gmail.com"},"maintainers":[{"name":"monastic.panic","email":"monastic.panic@gmail.com"}],"dist":{"shasum":"ed99a1daadfafc6e042815da6c8a75fbb1f2dc28","tarball":"https://registry.npmjs.org/uncontrollable/-/uncontrollable-3.2.0.tgz"},"directories":{}},"3.2.1":{"name":"uncontrollable","version":"3.2.1","description":"Wrap a controlled react component, to allow specific prop/handler pairs to be uncontrolled","author":{"name":"Jason Quense","email":"monastic.panic@gmail.com"},"repository":{"type":"git","url":"git+https://github.com/jquense/uncontrollable.git"},"license":"MIT","main":"index.js","keywords":["uncontrolled-component","react-component","input","controlled","uncontrolled","form"],"peerDependencies":{"react":">=0.11.0"},"dependencies":{"invariant":"^2.1.0"},"bugs":{"url":"https://github.com/jquense/uncontrollable/issues"},"homepage":"https://github.com/jquense/uncontrollable#readme","_id":"uncontrollable@3.2.1","scripts":{},"_shasum":"91548ca99d5c414b6c72bfb485952c6816519562","_from":".","_npmVersion":"3.3.12","_nodeVersion":"4.1.2","_npmUser":{"name":"monastic.panic","email":"monastic.panic@gmail.com"},"maintainers":[{"name":"monastic.panic","email":"monastic.panic@gmail.com"}],"dist":{"shasum":"91548ca99d5c414b6c72bfb485952c6816519562","tarball":"https://registry.npmjs.org/uncontrollable/-/uncontrollable-3.2.1.tgz"},"directories":{}},"3.2.3":{"name":"uncontrollable","version":"3.2.3","description":"Wrap a controlled react component, to allow specific prop/handler pairs to be uncontrolled","author":{"name":"Jason Quense","email":"monastic.panic@gmail.com"},"repository":{"type":"git","url":"git+https://github.com/jquense/uncontrollable.git"},"license":"MIT","main":"index.js","keywords":["uncontrolled-component","react-component","input","controlled","uncontrolled","form"],"scripts":{"test":"karma start --single-run","clean":"rimraf lib","copy":"cpy ./README.md ./lib","tdd":"karma start","build":"npm run test && npm run clean && babel src --out-dir lib && npm run copy","release":"release"},"peerDependencies":{"react":">=0.11.0"},"release-script":{"defaultDryRun":"false","altPkgRootFolder":"lib"},"devDependencies":{"babel":"^5.8.21","babel-eslint":"^4.0.5","babel-loader":"^5.3.2","chai":"^1.10.0","chai-as-promised":"^4.1.1","cpy":"^3.4.0","eslint":"^0.24.1","imports-loader":"^0.6.3","karma":"~0.12.23","karma-mocha":"~0.1.9","karma-mocha-reporter":"^0.3.1","karma-phantomjs-launcher":"~0.1.4","karma-sourcemap-loader":"^0.3.2","karma-webpack":"~1.2.2","mocha":"~1.21.4","phantomjs":"^1.9.16","react":">=0.11.0","rimraf":"^2.2.8","sinon-chai":"^2.6.0","style-loader":"^0.8.3","webpack":"^1.4.15","webpack-dev-server":"^1.7.0"},"dependencies":{"invariant":"^2.1.0"},"bugs":{"url":"https://github.com/jquense/uncontrollable/issues"},"homepage":"https://github.com/jquense/uncontrollable#readme","_id":"uncontrollable@3.2.3","_shasum":"8e210c6f80f63085f7705897a2788e9bffbbe2ce","_from":".","_npmVersion":"3.5.3","_nodeVersion":"4.0.0","_npmUser":{"name":"monastic.panic","email":"monastic.panic@gmail.com"},"dist":{"shasum":"8e210c6f80f63085f7705897a2788e9bffbbe2ce","tarball":"https://registry.npmjs.org/uncontrollable/-/uncontrollable-3.2.3.tgz"},"maintainers":[{"name":"monastic.panic","email":"monastic.panic@gmail.com"}],"_npmOperationalInternal":{"host":"packages-12-west.internal.npmjs.com","tmp":"tmp/uncontrollable-3.2.3.tgz_1459062376788_0.44235215871594846"},"directories":{}},"3.3.0":{"name":"uncontrollable","version":"3.3.0","description":"Wrap a controlled react component, to allow specific prop/handler pairs to be uncontrolled","author":{"name":"Jason Quense","email":"monastic.panic@gmail.com"},"repository":{"type":"git","url":"git+https://github.com/jquense/uncontrollable.git"},"license":"MIT","main":"index.js","keywords":["uncontrolled-component","react-component","input","controlled","uncontrolled","form"],"peerDependencies":{"react":">=0.11.0"},"dependencies":{"invariant":"^2.1.0"},"bugs":{"url":"https://github.com/jquense/uncontrollable/issues"},"homepage":"https://github.com/jquense/uncontrollable#readme","_id":"uncontrollable@3.3.0","scripts":{},"_shasum":"c4fc680ae73e8fd1e0386b4ca22f4da29a686d98","_from":".","_npmVersion":"3.8.3","_nodeVersion":"5.10.1","_npmUser":{"name":"monastic.panic","email":"monastic.panic@gmail.com"},"dist":{"shasum":"c4fc680ae73e8fd1e0386b4ca22f4da29a686d98","tarball":"https://registry.npmjs.org/uncontrollable/-/uncontrollable-3.3.0.tgz"},"maintainers":[{"name":"monastic.panic","email":"monastic.panic@gmail.com"}],"_npmOperationalInternal":{"host":"packages-16-east.internal.npmjs.com","tmp":"tmp/uncontrollable-3.3.0.tgz_1461245273089_0.1532977654132992"},"directories":{}},"3.3.1":{"name":"uncontrollable","version":"3.3.1","description":"Wrap a controlled react component, to allow specific prop/handler pairs to be uncontrolled","author":{"name":"Jason Quense","email":"monastic.panic@gmail.com"},"repository":{"type":"git","url":"git+https://github.com/jquense/uncontrollable.git"},"license":"MIT","main":"index.js","keywords":["uncontrolled-component","react-component","input","controlled","uncontrolled","form"],"peerDependencies":{"react":">=0.11.0"},"dependencies":{"invariant":"^2.1.0"},"bugs":{"url":"https://github.com/jquense/uncontrollable/issues"},"homepage":"https://github.com/jquense/uncontrollable#readme","_id":"uncontrollable@3.3.1","scripts":{},"_shasum":"e23b402e7a4c69b1853fb4b43ce34b6480c65b6f","_from":".","_npmVersion":"3.8.3","_nodeVersion":"5.10.1","_npmUser":{"name":"monastic.panic","email":"monastic.panic@gmail.com"},"dist":{"shasum":"e23b402e7a4c69b1853fb4b43ce34b6480c65b6f","tarball":"https://registry.npmjs.org/uncontrollable/-/uncontrollable-3.3.1.tgz"},"maintainers":[{"name":"monastic.panic","email":"monastic.panic@gmail.com"}],"_npmOperationalInternal":{"host":"packages-12-west.internal.npmjs.com","tmp":"tmp/uncontrollable-3.3.1.tgz_1461245424578_0.7567636938765645"},"directories":{}},"3.2.4":{"name":"uncontrollable","version":"3.2.4","description":"Wrap a controlled react component, to allow specific prop/handler pairs to be uncontrolled","author":{"name":"Jason Quense","email":"monastic.panic@gmail.com"},"repository":{"type":"git","url":"git+https://github.com/jquense/uncontrollable.git"},"license":"MIT","main":"index.js","keywords":["uncontrolled-component","react-component","input","controlled","uncontrolled","form"],"peerDependencies":{"react":">=0.11.0"},"dependencies":{"invariant":"^2.1.0"},"bugs":{"url":"https://github.com/jquense/uncontrollable/issues"},"homepage":"https://github.com/jquense/uncontrollable#readme","_id":"uncontrollable@3.2.4","scripts":{},"_shasum":"9ee00172f98c668c04ca260f73b6b0eacd4f65df","_from":".","_npmVersion":"3.8.3","_nodeVersion":"5.10.1","_npmUser":{"name":"monastic.panic","email":"monastic.panic@gmail.com"},"dist":{"shasum":"9ee00172f98c668c04ca260f73b6b0eacd4f65df","tarball":"https://registry.npmjs.org/uncontrollable/-/uncontrollable-3.2.4.tgz"},"maintainers":[{"name":"monastic.panic","email":"monastic.panic@gmail.com"}],"_npmOperationalInternal":{"host":"packages-16-east.internal.npmjs.com","tmp":"tmp/uncontrollable-3.2.4.tgz_1461245501021_0.6799112288281322"},"directories":{}}},"readme":"# uncontrollable\n\nWrap a controlled react component, to allow specific prop/handler pairs to be omited by Component consumers. Uncontrollable allows you to write React components, with minimal state, and then wrap them in a component that will manage state for prop/handlers if they are excluded.\n\n## Install\n\n```sh\nnpm i -S uncontrollable\n```\n\n### Usage\n\nuncontrollable `3.0.0` comes with two versions of the utility, the \"classic\" one and a version that uses `batchedUpdates`, which solves some bugs related to update order, when used across multiple react roots, or \"Portals\". The batched version is the recommended version but it has one __major caveat__, since it uses an stateful addon, it _does not_ play well with global builds that rely on an externalized react file, such as from a CDN. If you are having problems with the batching version just use the normal one, it almost certainly will work for you.\n\n```js\nimport classic from 'uncontrollable';\nimport batching from 'uncontrollable/batching';\n```\n\nBoth versions have the same API.\n\n### API\n\nIf you are a bit unsure on the _why_ of this module read the next section first. If you just want to see some real-world example, check out [React Widgets](https://github.com/jquense/react-widgets) which makes [heavy use of this strategy](https://github.com/jquense/react-widgets/blob/5d1b530cb094cdc72f577fe01abe4a02dd265400/src/Multiselect.jsx#L521).\n\n\n#### `uncontrollable(Component, propHandlerHash, [methods])`\n\n- `Component`: is a valid react component, such as the result of `createClass`\n- `propHandlerHash`: define the pairs of prop/handlers you want to be uncontrollable eg. `{ value: 'onChange'}`\n- `methods`: since uncontrollable wraps your component in another component, methods are not immediately assessible. you can proxy them through by providing the names of the methods you want to continue to expose.\n\nFor every prop you indicate as uncontrollable, the returned component will also accept an initial, `default` value for that prop. For example, `open` can be left uncontrolled but the initial value can be set via `defaultOpen={true}` if we want it to start open.\n\n```js\n    var uncontrollable =  require('uncontrollable');\n\n    var UncontrolledCombobox = uncontrollable(\n        Combobox,\n        {\n          value: 'onChange',\n          open: 'onToggle',\n          searchTerm: 'onSearch' //the current typed value (maybe it filters the dropdown list)\n        })\n```\n\nSince uncontrollable creates a new component that wraps your existing one, methods on your underlying component\nwon't be immediately accessible. In general this sort of access is not idomatic React, but it does have its place.\nThe third argument of `uncontrollable()` is an optional array of method names you want uncontrollable to \"pass through\"\nto the original component.\n\n```js\nlet UncontrolledForm = uncontrollable(Form, { value: 'onChange'}, ['submit'])\n\n//when you use a ref this will work\nthis.refs.myForm.submit()\n```\n\n### Use Case\n\nOne of the strengths of React is its extensibility model, enabled by a common practice of pushing component state as high up the tree as possible. While great for enabling extermely flexible and easy to reason about components, this can produce a lot of boilerplate to wire components up with every use. For simple components (like an input) this is usually a matter of tying the input `value` prop to a parent state property via its `onChange` handler. here is an extremely common pattern:\n\n```jsx\n  render: function() {\n    return (\n        <input type='text'\n          value={this.state.value}\n          onChange={ e => this.setState({ value: e.target.value })}/>\n    )\n  }\n```\nThis pattern moves the responsibility of managing the `value` from the input to its parent and mimics \"two-way\" databinding. Sometimes, however, there is no need for the parent to manage the input's state directly. In that case, all we want to do is set the initial `value` of the input and let the input manage it from then on. React deals with this through \"uncontrolled\" inputs, where if you don't indicate that you want to control the state of the input externally via a `value` prop it will just do the book-keeping for you.\n\nThis is a great pattern which we can make use of in our own Components. It is often best to build each component to be as stateless as possible, assuming that the parent will want to control everything that makes sense. Take a simple Dropdown component as an example\n\n```js\nvar SimpleDropdown = React.createClass({\n\n  propTypes: {\n    value: React.PropTypes.string,\n    onChange: React.PropTypes.func,\n    open: React.PropTypes.bool,\n    onToggle: React.PropTypes.func,\n  },\n\n  render: function() {\n    return (\n      <div>\n        <input\n          value={this.props.value}\n          onChange={ e => this.props.onChange(e.target.value)}\n        />\n        <button onClick={ e => this.props.onToggle(!this.props.open)}>\n          open\n        </button>\n        { this.props.open &&\n          <ul className='open'>\n            <li>option 1</li>\n            <li>option 2</li>\n          </ul>\n        }\n      </div>\n    )\n  }\n});\n```\n\nNotice how we don't track any state in our simple dropdown? This is great because a consumer of our module will have the all the flexibility to decide what the behavior of the dropdown should be. Also notice our public API (propTypes), it consists of common pattern: a property we want set (`value`, `open`), and a set of handlers that indicate _when_ we want them set (`onChange`, `onToggle`). It is up to the parent component to change the `value` and `open` props in response to the handlers.\n\nWhile this pattern offers a excellent amount of flexibility to consumers it also requires them to write a bunch of boilerplate code that probably won't change much from use to use. In all likelihood they will always want to set `open` in response to `onToggle`, and only in rare cases, want to override that behavior. This is where the controlled/uncontrolled pattern comes in.\n\nWe want to just handle the open/onToggle case ourselves if the consumer doesn't provide a `open` prop (indicating that they want to control it). Rather than complicating our dropdown component with all that logic obscuring the business logic of our dropdown, we can add it later, by taking our dropdown and wrapping it inside another component that handles that for us.\n\n`uncontrollable` allows you separate out the logic necessary to create controlled/uncontrolled inputs letting you focus on creating a completely controlled input and wrapping it later. This tends to be a lot simplier to reason about as well.\n\n```js\n    var uncontrollable =  require('uncontrollable');\n\n    var UncontrollableDropdown = uncontrollable(SimpleDropdown, { \n          value: 'onChange', \n          open: 'onToggle'\n        })\n\n    <UncontrollableDropdown\n      value={this.state.val} // we can still control these props if we want\n      onChange={val => this.setState({ val })}\n      defaultOpen={true} /> // or just let the UncontrollableDropdown handle it\n                            // and we just set an initial value (or leave it out completely)!\n```\n\nNow we don't need to worry about the open onToggle! The returned component will track `open` for us by assuming that it should just set `open` to whatever `onToggle` returns. If we _do_ want to worry about it we can just provide `open` and `onToggle` props and the uncontrolled input will just pass them through.\n\nThe above is a contrived example but it allows you to wrap even more complex Components, giving you a lot of flexibiltity in the API you can offer a consumer of your Component. For every pair of prop/handlers you also get a defaultProp of the form \"default[PropName]\" so `value` -> `defaultValue`, and `open` -> `defaultOpen`, etc. [React Widgets](https://github.com/jquense/react-widgets) makes heavy use of this strategy, you can see it in action here: https://github.com/jquense/react-widgets/blob/5d1b530cb094cdc72f577fe01abe4a02dd265400/src/Multiselect.jsx#L521\n","maintainers":[{"name":"monastic.panic","email":"monastic.panic@gmail.com"}],"time":{"modified":"2016-04-21T13:31:42.423Z","created":"2015-03-09T21:45:06.990Z","1.0.0":"2015-03-09T21:45:06.990Z","1.1.0":"2015-03-09T21:52:13.254Z","1.1.1":"2015-03-09T21:57:36.707Z","1.1.2":"2015-03-12T21:41:01.334Z","1.1.3":"2015-03-20T20:44:34.635Z","1.1.4":"2015-04-23T18:23:21.413Z","1.2.0":"2015-06-08T18:41:34.546Z","1.3.0":"2015-07-03T16:48:31.268Z","1.3.1":"2015-07-06T13:56:05.075Z","1.3.2":"2015-07-06T19:58:06.959Z","1.4.0":"2015-07-10T12:14:21.468Z","2.0.0":"2015-07-21T20:17:39.748Z","3.0.0":"2015-08-12T18:40:35.265Z","3.0.1":"2015-08-14T21:46:12.975Z","3.0.2":"2015-08-14T21:54:27.546Z","3.1.0":"2015-08-19T16:29:49.171Z","3.0.3":"2015-09-11T10:52:24.719Z","3.1.1":"2015-09-11T10:56:28.151Z","3.1.2":"2015-09-13T07:51:23.269Z","3.1.3":"2015-10-07T20:02:12.298Z","3.1.4":"2015-11-23T18:32:59.715Z","3.2.0":"2015-12-08T17:23:23.440Z","3.2.1":"2015-12-19T17:20:52.584Z","3.2.2":"2016-03-25T22:34:52.264Z","3.2.3":"2016-03-27T07:06:19.255Z","3.3.0":"2016-04-21T13:27:54.501Z","3.3.1":"2016-04-21T13:30:26.845Z","3.2.4":"2016-04-21T13:31:42.423Z"},"homepage":"https://github.com/jquense/uncontrollable#readme","keywords":["uncontrolled-component","react-component","input","controlled","uncontrolled","form"],"repository":{"type":"git","url":"git+https://github.com/jquense/uncontrollable.git"},"author":{"name":"Jason Quense","email":"monastic.panic@gmail.com"},"bugs":{"url":"https://github.com/jquense/uncontrollable/issues"},"license":"MIT","readmeFilename":"README.md","_attachments":{},"_etag":"\"8B9TEFEFNTSR7LQ98KKODMWFG\""}