{"_id":"react-overlays","_rev":"30-8f0ed5a7c2eb4fd19a2c5f5243e6cf2a","name":"react-overlays","description":"Utilities for creating robust overlay components","dist-tags":{"latest":"0.6.3","react-0.14":"0.50.0-alpha4"},"versions":{"0.3.0":{"name":"react-overlays","version":"0.3.0","description":"Utilities for creating robust overlay components","author":{"name":"Jason Quense","email":"monastic.panic@gmail.com"},"repository":{"type":"git","url":"git+https://github.com/react-bootstrap/react-overlays.git"},"license":"MIT","main":"lib/index.js","keywords":["react-overlays","react-component","react","overlay","react-component","tooltip","bootstrap","popover","modal"],"scripts":{"prepublish":"npm run test && npm run build","clean":"rimraf lib","clean:examples":"rimraf examples/static","build":"npm run clean && babel src --out-dir lib","build:examples":"npm run clean:examples && babel-node ./webpack/run-webpack --config docs.config.js","examples":"npm run clean:examples && babel-node ./examples/server.js","lint":"eslint src test","test":"npm run lint && karma start --single-run","tdd":"karma start","coverage":"COVERAGE=true karma start --single-run","patch":"release patch","minor":"release minor","major":"release major"},"peerDependencies":{"react":">=0.13.0"},"devDependencies":{"babel":"5.6.14","babel-core":"5.6.15","babel-eslint":"^3.1.20","babel-loader":"^5.3.0","babel-plugin-object-assign":"^1.2.1","chai":"^3.2.0","component-playground":"github:jquense/component-playground","css-loader":"^0.15.6","es5-shim":"^4.1.7","eslint":"^0.24.0","eslint-plugin-babel":"^1.0.0","eslint-plugin-mocha":"^0.4.0","eslint-plugin-react":"^3.1.0","isparta-loader":"^0.2.0","jquery":"^2.1.4","karma":"^0.12.37","karma-chai":"^0.1.0","karma-chrome-launcher":"^0.2.0","karma-cli":"^0.1.0","karma-coverage":"^0.4.2","karma-coveralls":"^1.1.0","karma-mocha":"^0.2.0","karma-mocha-reporter":"^1.0.4","karma-sinon":"^1.0.4","karma-sinon-chai":"^1.0.0","karma-sourcemap-loader":"^0.3.5","karma-webpack":"^1.5.1","less":"^2.5.1","less-loader":"^2.2.0","lodash":"^3.10.0","marked":"^0.3.5","mocha":"^2.2.5","mt-changelog":"^0.6.1","node-libs-browser":"^0.5.2","raw-loader":"^0.5.1","react":"^0.13.3","react-bootstrap":"^0.24.2","react-component-metadata":"^1.2.2","react-hot-loader":"^1.2.7","release-script":"^0.2.1","rimraf":"^2.4.2","simulant":"^0.1.5","sinon":"^1.15.4","sinon-chai":"^2.8.0","style-loader":"^0.12.3","webpack":"^1.9.11","webpack-dev-server":"^1.9.0","yargs":"^3.14.0"},"dependencies":{"classnames":"^2.1.3","dom-helpers":"^2.2.2","react-prop-types":"^0.2.1"},"gitHead":"3c14cf656273b79e120b69c7374f41f12700e13e","bugs":{"url":"https://github.com/react-bootstrap/react-overlays/issues"},"homepage":"https://github.com/react-bootstrap/react-overlays#readme","_id":"react-overlays@0.3.0","_shasum":"f196231d1930b2fd4aafe2b2b86f7c7bb6cbfccf","_from":".","_npmVersion":"2.13.3","_nodeVersion":"0.12.3","_npmUser":{"name":"monastic.panic","email":"monastic.panic@gmail.com"},"maintainers":[{"name":"monastic.panic","email":"monastic.panic@gmail.com"}],"dist":{"shasum":"f196231d1930b2fd4aafe2b2b86f7c7bb6cbfccf","tarball":"https://registry.npmjs.org/react-overlays/-/react-overlays-0.3.0.tgz"},"directories":{}},"0.4.1":{"name":"react-overlays","version":"0.4.1","description":"Utilities for creating robust overlay components","author":{"name":"Jason Quense","email":"monastic.panic@gmail.com"},"repository":{"type":"git","url":"git+https://github.com/react-bootstrap/react-overlays.git"},"license":"MIT","main":"lib/index.js","files":["lib/","LICENSE","README.md","CHANGELOG.md"],"keywords":["react-overlays","react-component","react","overlay","react-component","tooltip","bootstrap","popover","modal"],"scripts":{"prepublish":"npm run test && npm run build","clean":"rimraf lib","clean:examples":"rimraf examples/static","build":"npm run clean && babel src --out-dir lib","build:examples":"npm run clean:examples && babel-node ./webpack/run-webpack --config docs.config.js","examples":"npm run clean:examples && babel-node ./examples/server.js","lint":"eslint src test","test":"npm run lint && karma start --single-run","tdd":"karma start","coverage":"COVERAGE=true karma start --single-run","patch":"release patch","minor":"release minor","major":"release major"},"peerDependencies":{"react":">=0.13.0"},"devDependencies":{"babel":"5.6.14","babel-core":"5.6.15","babel-eslint":"^3.1.20","babel-loader":"^5.3.0","babel-plugin-object-assign":"^1.2.1","chai":"^3.2.0","component-playground":"github:jquense/component-playground","css-loader":"^0.15.6","es5-shim":"^4.1.7","eslint":"^0.24.0","eslint-plugin-babel":"^1.0.0","eslint-plugin-mocha":"^0.4.0","eslint-plugin-react":"^3.1.0","isparta-loader":"^0.2.0","jquery":"^2.1.4","karma":"^0.13.3","karma-chai":"^0.1.0","karma-chrome-launcher":"^0.2.0","karma-cli":"^0.1.0","karma-coverage":"^0.4.2","karma-coveralls":"^1.1.0","karma-mocha":"^0.2.0","karma-mocha-reporter":"^1.0.4","karma-sinon":"^1.0.4","karma-sinon-chai":"^1.0.0","karma-sourcemap-loader":"^0.3.5","karma-webpack":"^1.7.0","less":"^2.5.1","less-loader":"^2.2.0","lodash":"^3.10.0","marked":"^0.3.5","mocha":"^2.2.5","mt-changelog":"^0.6.1","node-libs-browser":"^0.5.2","raw-loader":"^0.5.1","react":"^0.13.3","react-bootstrap":"^0.24.2","react-component-metadata":"^1.2.2","react-hot-loader":"^1.2.7","release-script":"^0.2.1","rimraf":"^2.4.2","simulant":"^0.1.5","sinon":"^1.15.4","sinon-chai":"^2.8.0","style-loader":"^0.12.3","webpack":"^1.9.11","webpack-dev-server":"^1.9.0","yargs":"^3.14.0"},"dependencies":{"classnames":"^2.1.3","dom-helpers":"^2.2.4","react-prop-types":"^0.2.1"},"gitHead":"98baad2360d2ac927f7a5eb0b07e3a512dd89fd7","bugs":{"url":"https://github.com/react-bootstrap/react-overlays/issues"},"homepage":"https://github.com/react-bootstrap/react-overlays#readme","_id":"react-overlays@0.4.1","_shasum":"07c5b16070c8f944b995fc6db8ffd7e3005bbc28","_from":".","_npmVersion":"2.13.3","_nodeVersion":"0.12.3","_npmUser":{"name":"monastic.panic","email":"monastic.panic@gmail.com"},"maintainers":[{"name":"monastic.panic","email":"monastic.panic@gmail.com"}],"dist":{"shasum":"07c5b16070c8f944b995fc6db8ffd7e3005bbc28","tarball":"https://registry.npmjs.org/react-overlays/-/react-overlays-0.4.1.tgz"},"directories":{}},"0.4.2":{"name":"react-overlays","version":"0.4.2","description":"Utilities for creating robust overlay components","author":{"name":"Jason Quense","email":"monastic.panic@gmail.com"},"repository":{"type":"git","url":"git+https://github.com/react-bootstrap/react-overlays.git"},"license":"MIT","main":"lib/index.js","files":["lib/","LICENSE","README.md","CHANGELOG.md"],"keywords":["react-overlays","react-component","react","overlay","react-component","tooltip","bootstrap","popover","modal"],"scripts":{"prepublish":"npm run test && npm run build","clean":"rimraf lib","clean:examples":"rimraf examples/static","build":"npm run clean && babel src --out-dir lib","build:examples":"npm run clean:examples && babel-node ./webpack/run-webpack --config docs.config.js","examples":"npm run clean:examples && babel-node ./examples/server.js","lint":"eslint src test","test":"npm run lint && karma start --single-run","tdd":"karma start","coverage":"COVERAGE=true karma start --single-run","patch":"release patch","minor":"release minor","major":"release major"},"peerDependencies":{"react":">=0.13.0"},"devDependencies":{"babel":"5.6.14","babel-core":"5.6.15","babel-eslint":"^3.1.20","babel-loader":"^5.3.0","babel-plugin-object-assign":"^1.2.1","chai":"^3.2.0","component-playground":"github:jquense/component-playground","css-loader":"^0.15.6","es5-shim":"^4.1.7","eslint":"^0.24.0","eslint-plugin-babel":"^1.0.0","eslint-plugin-mocha":"^0.4.0","eslint-plugin-react":"^3.1.0","isparta-loader":"^0.2.0","jquery":"^2.1.4","karma":"^0.13.3","karma-chrome-launcher":"^0.2.0","karma-cli":"^0.1.0","karma-coverage":"^0.4.2","karma-coveralls":"^1.1.0","karma-mocha":"^0.2.0","karma-mocha-reporter":"^1.0.4","karma-sinon-chai":"^1.0.0","karma-sourcemap-loader":"^0.3.5","karma-webpack":"^1.7.0","less":"^2.5.1","less-loader":"^2.2.0","lodash":"^3.10.0","marked":"^0.3.5","mocha":"^2.2.5","mt-changelog":"^0.6.1","node-libs-browser":"^0.5.2","raw-loader":"^0.5.1","react":"^0.13.3","react-bootstrap":"^0.24.2","react-component-metadata":"^1.2.2","react-hot-loader":"^1.2.7","release-script":"^0.2.1","rimraf":"^2.4.2","simulant":"^0.1.5","sinon":"^1.15.4","sinon-chai":"^2.8.0","style-loader":"^0.12.3","webpack":"^1.9.11","webpack-dev-server":"^1.9.0","yargs":"^3.14.0"},"dependencies":{"classnames":"^2.1.3","dom-helpers":"^2.2.4","react-prop-types":"^0.2.1"},"gitHead":"281b54673e9f9146b494384df591fa1495a1ce42","bugs":{"url":"https://github.com/react-bootstrap/react-overlays/issues"},"homepage":"https://github.com/react-bootstrap/react-overlays#readme","_id":"react-overlays@0.4.2","_shasum":"d70f77d03a6342316e77ab91f7f5dc740453af48","_from":".","_npmVersion":"2.13.3","_nodeVersion":"0.12.3","_npmUser":{"name":"monastic.panic","email":"monastic.panic@gmail.com"},"maintainers":[{"name":"monastic.panic","email":"monastic.panic@gmail.com"}],"dist":{"shasum":"d70f77d03a6342316e77ab91f7f5dc740453af48","tarball":"https://registry.npmjs.org/react-overlays/-/react-overlays-0.4.2.tgz"},"directories":{}},"0.50.0-alpha1":{"name":"react-overlays","version":"0.50.0-alpha1","description":"Utilities for creating robust overlay components","author":{"name":"Jason Quense","email":"monastic.panic@gmail.com"},"repository":{"type":"git","url":"git+https://github.com/react-bootstrap/react-overlays.git"},"license":"MIT","main":"lib/index.js","files":["lib/","LICENSE","README.md","CHANGELOG.md"],"keywords":["react-overlays","react-component","react","overlay","react-component","tooltip","bootstrap","popover","modal"],"scripts":{"prepublish":"npm run test && npm run build","clean":"rimraf lib","clean:examples":"rimraf examples/static","build":"npm run clean && babel src --out-dir lib","build:examples":"npm run clean:examples && babel-node ./webpack/run-webpack --config docs.config.js","examples":"npm run clean:examples && babel-node ./examples/server.js","lint":"eslint src test","test":"npm run lint && karma start --single-run","tdd":"karma start","coverage":"COVERAGE=true karma start --single-run","patch":"release patch","minor":"release minor","major":"release major"},"peerDependencies":{"react":"^0.14.0-beta1"},"devDependencies":{"babel":"5.6.14","babel-core":"5.6.15","babel-eslint":"^3.1.20","babel-loader":"^5.3.0","babel-plugin-object-assign":"^1.2.1","chai":"^3.2.0","css-loader":"^0.15.6","es5-shim":"^4.1.7","eslint":"^0.24.0","eslint-plugin-babel":"^1.0.0","eslint-plugin-mocha":"^0.4.0","eslint-plugin-react":"^3.1.0","isparta-loader":"^0.2.0","jquery":"^2.1.4","karma":"^0.13.3","karma-chrome-launcher":"^0.2.0","karma-cli":"^0.1.0","karma-coverage":"^0.4.2","karma-coveralls":"^1.1.0","karma-mocha":"^0.2.0","karma-mocha-reporter":"^1.0.4","karma-sinon-chai":"^1.0.0","karma-sourcemap-loader":"^0.3.5","karma-webpack":"^1.7.0","less":"^2.5.1","less-loader":"^2.2.0","lodash":"^3.10.0","marked":"^0.3.5","mocha":"^2.2.5","mt-changelog":"^0.6.1","node-libs-browser":"^0.5.2","raw-loader":"^0.5.1","react":"^0.14.0-beta3","react-bootstrap":"0.24.5-react-pre.0","react-component-metadata":"^1.2.2","react-dom":"^0.14.0-beta3","release-script":"^0.2.1","rimraf":"^2.4.2","simulant":"^0.1.5","sinon":"^1.15.4","sinon-chai":"^2.8.0","style-loader":"^0.12.3","webpack":"^1.9.11","webpack-dev-server":"^1.9.0","yargs":"^3.14.0"},"dependencies":{"classnames":"^2.1.3","dom-helpers":"^2.2.4","react-prop-types":"^0.2.1","warning":"^2.0.0"},"gitHead":"a9009f566e928a4e5a925d231ca40477bda97ac2","bugs":{"url":"https://github.com/react-bootstrap/react-overlays/issues"},"homepage":"https://github.com/react-bootstrap/react-overlays#readme","_id":"react-overlays@0.50.0-alpha1","_shasum":"f1547f7af63ea2f21eb647405465d8d6680df638","_from":".","_npmVersion":"2.13.3","_nodeVersion":"0.12.3","_npmUser":{"name":"monastic.panic","email":"monastic.panic@gmail.com"},"maintainers":[{"name":"monastic.panic","email":"monastic.panic@gmail.com"}],"dist":{"shasum":"f1547f7af63ea2f21eb647405465d8d6680df638","tarball":"https://registry.npmjs.org/react-overlays/-/react-overlays-0.50.0-alpha1.tgz"},"directories":{}},"0.4.3":{"name":"react-overlays","version":"0.4.3","description":"Utilities for creating robust overlay components","author":{"name":"Jason Quense","email":"monastic.panic@gmail.com"},"repository":{"type":"git","url":"git+https://github.com/react-bootstrap/react-overlays.git"},"license":"MIT","main":"lib/index.js","files":["lib/","LICENSE","README.md","CHANGELOG.md"],"keywords":["react-overlays","react-component","react","overlay","react-component","tooltip","bootstrap","popover","modal"],"scripts":{"prepublish":"npm run test && npm run build","clean":"rimraf lib","clean:examples":"rimraf examples/static","build":"npm run clean && babel src --out-dir lib","build:examples":"npm run clean:examples && babel-node ./webpack/run-webpack --config docs.config.js","examples":"npm run clean:examples && babel-node ./examples/server.js","lint":"eslint src test","test":"npm run lint && karma start --single-run","tdd":"karma start","coverage":"COVERAGE=true karma start --single-run","patch":"release patch","minor":"release minor","major":"release major"},"peerDependencies":{"react":">=0.13.0"},"devDependencies":{"babel":"5.6.14","babel-core":"5.6.15","babel-eslint":"^3.1.20","babel-loader":"^5.3.0","babel-plugin-object-assign":"^1.2.1","chai":"^3.2.0","component-playground":"github:jquense/component-playground","css-loader":"^0.15.6","es5-shim":"^4.1.7","eslint":"^0.24.0","eslint-plugin-babel":"^1.0.0","eslint-plugin-mocha":"^0.4.0","eslint-plugin-react":"^3.1.0","isparta-loader":"^0.2.0","jquery":"^2.1.4","karma":"^0.13.3","karma-chrome-launcher":"^0.2.0","karma-cli":"^0.1.0","karma-coverage":"^0.4.2","karma-coveralls":"^1.1.0","karma-mocha":"^0.2.0","karma-mocha-reporter":"^1.0.4","karma-sinon-chai":"^1.0.0","karma-sourcemap-loader":"^0.3.5","karma-webpack":"^1.7.0","less":"^2.5.1","less-loader":"^2.2.0","lodash":"^3.10.0","marked":"^0.3.5","mocha":"^2.2.5","mt-changelog":"^0.6.1","node-libs-browser":"^0.5.2","raw-loader":"^0.5.1","react":"^0.13.3","react-bootstrap":"^0.24.2","react-component-metadata":"^1.2.2","react-hot-loader":"^1.2.7","release-script":"^0.2.1","rimraf":"^2.4.2","simulant":"^0.1.5","sinon":"^1.15.4","sinon-chai":"^2.8.0","style-loader":"^0.12.3","webpack":"^1.9.11","webpack-dev-server":"^1.9.0","yargs":"^3.14.0"},"dependencies":{"classnames":"^2.1.3","dom-helpers":"^2.2.4","react-prop-types":"^0.2.1","warning":"^2.0.0"},"gitHead":"74ee9a60fc026fa5f421f21b1c203e27845fa831","bugs":{"url":"https://github.com/react-bootstrap/react-overlays/issues"},"homepage":"https://github.com/react-bootstrap/react-overlays#readme","_id":"react-overlays@0.4.3","_shasum":"c012248a3149786398f9b742de377016ac1a99ed","_from":".","_npmVersion":"2.13.3","_nodeVersion":"0.12.3","_npmUser":{"name":"monastic.panic","email":"monastic.panic@gmail.com"},"maintainers":[{"name":"monastic.panic","email":"monastic.panic@gmail.com"}],"dist":{"shasum":"c012248a3149786398f9b742de377016ac1a99ed","tarball":"https://registry.npmjs.org/react-overlays/-/react-overlays-0.4.3.tgz"},"directories":{}},"0.4.4":{"name":"react-overlays","version":"0.4.4","description":"Utilities for creating robust overlay components","author":{"name":"Jason Quense","email":"monastic.panic@gmail.com"},"repository":{"type":"git","url":"git+https://github.com/react-bootstrap/react-overlays.git"},"license":"MIT","main":"lib/index.js","files":["lib/","LICENSE","README.md","CHANGELOG.md"],"keywords":["react-overlays","react-component","react","overlay","react-component","tooltip","bootstrap","popover","modal"],"scripts":{"prepublish":"npm run test && npm run build","clean":"rimraf lib","clean:examples":"rimraf examples/static","build":"npm run clean && babel src --out-dir lib","build:examples":"npm run clean:examples && babel-node ./webpack/run-webpack --config docs.config.js","examples":"npm run clean:examples && babel-node ./examples/server.js","lint":"eslint src test","test":"npm run lint && karma start --single-run","tdd":"karma start","coverage":"COVERAGE=true karma start --single-run","patch":"release patch","minor":"release minor","major":"release major"},"peerDependencies":{"react":">=0.13.0"},"devDependencies":{"babel":"5.6.14","babel-core":"5.6.15","babel-eslint":"^3.1.20","babel-loader":"^5.3.0","babel-plugin-object-assign":"^1.2.1","chai":"^3.2.0","component-playground":"github:jquense/component-playground","css-loader":"^0.15.6","es5-shim":"^4.1.7","eslint":"^0.24.0","eslint-plugin-babel":"^1.0.0","eslint-plugin-mocha":"^0.4.0","eslint-plugin-react":"^3.1.0","isparta-loader":"^0.2.0","jquery":"^2.1.4","karma":"^0.13.3","karma-chrome-launcher":"^0.2.0","karma-cli":"^0.1.0","karma-coverage":"^0.4.2","karma-coveralls":"^1.1.0","karma-mocha":"^0.2.0","karma-mocha-reporter":"^1.0.4","karma-sinon-chai":"^1.0.0","karma-sourcemap-loader":"^0.3.5","karma-webpack":"^1.7.0","less":"^2.5.1","less-loader":"^2.2.0","lodash":"^3.10.0","marked":"^0.3.5","mocha":"^2.2.5","mt-changelog":"^0.6.1","node-libs-browser":"^0.5.2","raw-loader":"^0.5.1","react":"^0.13.3","react-bootstrap":"^0.24.2","react-component-metadata":"^1.2.2","react-hot-loader":"^1.2.7","release-script":"^0.2.1","rimraf":"^2.4.2","simulant":"^0.1.5","sinon":"^1.15.4","sinon-chai":"^2.8.0","style-loader":"^0.12.3","webpack":"^1.9.11","webpack-dev-server":"^1.9.0","yargs":"^3.14.0"},"dependencies":{"classnames":"^2.1.3","dom-helpers":"^2.3.0","react-prop-types":"^0.2.1","warning":"^2.0.0"},"gitHead":"b87c10b9541aa9a83165f3138905221a01f52fb8","bugs":{"url":"https://github.com/react-bootstrap/react-overlays/issues"},"homepage":"https://github.com/react-bootstrap/react-overlays#readme","_id":"react-overlays@0.4.4","_shasum":"1b25fc01dd027dd9347213147ff96f5fa12127c3","_from":".","_npmVersion":"2.13.3","_nodeVersion":"0.12.3","_npmUser":{"name":"monastic.panic","email":"monastic.panic@gmail.com"},"maintainers":[{"name":"monastic.panic","email":"monastic.panic@gmail.com"}],"dist":{"shasum":"1b25fc01dd027dd9347213147ff96f5fa12127c3","tarball":"https://registry.npmjs.org/react-overlays/-/react-overlays-0.4.4.tgz"},"directories":{}},"0.50.0-alpha2":{"name":"react-overlays","version":"0.50.0-alpha2","description":"Utilities for creating robust overlay components","author":{"name":"Jason Quense","email":"monastic.panic@gmail.com"},"repository":{"type":"git","url":"git+https://github.com/react-bootstrap/react-overlays.git"},"license":"MIT","main":"lib/index.js","files":["lib/","LICENSE","README.md","CHANGELOG.md"],"keywords":["react-overlays","react-component","react","overlay","react-component","tooltip","bootstrap","popover","modal"],"scripts":{"prepublish":"npm run test && npm run build","clean":"rimraf lib","clean:examples":"rimraf examples/static","build":"npm run clean && babel src --out-dir lib","build:examples":"npm run clean:examples && babel-node ./webpack/run-webpack --config docs.config.js","examples":"npm run clean:examples && babel-node ./examples/server.js","lint":"eslint src test","test":"npm run lint && karma start --single-run","tdd":"karma start","coverage":"COVERAGE=true karma start --single-run","patch":"release patch","minor":"release minor","major":"release major"},"peerDependencies":{"react":"^0.14.0-alpha"},"devDependencies":{"babel":"5.6.14","babel-core":"5.6.15","babel-eslint":"^3.1.20","babel-loader":"^5.3.0","babel-plugin-object-assign":"^1.2.1","chai":"^3.2.0","css-loader":"^0.15.6","es5-shim":"^4.1.7","eslint":"^0.24.0","eslint-plugin-babel":"^1.0.0","eslint-plugin-mocha":"^0.4.0","eslint-plugin-react":"^3.1.0","isparta-loader":"^0.2.0","jquery":"^2.1.4","karma":"^0.13.3","karma-chrome-launcher":"^0.2.0","karma-cli":"^0.1.0","karma-coverage":"^0.4.2","karma-coveralls":"^1.1.0","karma-mocha":"^0.2.0","karma-mocha-reporter":"^1.0.4","karma-sinon-chai":"^1.0.0","karma-sourcemap-loader":"^0.3.5","karma-webpack":"^1.7.0","less":"^2.5.1","less-loader":"^2.2.0","lodash":"^3.10.0","marked":"^0.3.5","mocha":"^2.2.5","mt-changelog":"^0.6.1","node-libs-browser":"^0.5.2","raw-loader":"^0.5.1","react":"^0.14.0-beta3","react-bootstrap":"^0.24.5-react-pre.0","react-component-metadata":"^1.2.2","react-dom":"^0.14.0-beta3","react-hot-loader":"^1.2.7","release-script":"^0.2.1","rimraf":"^2.4.2","simulant":"^0.1.5","sinon":"^1.15.4","sinon-chai":"^2.8.0","style-loader":"^0.12.3","webpack":"^1.9.11","webpack-dev-server":"^1.9.0","yargs":"^3.14.0"},"dependencies":{"classnames":"^2.1.3","dom-helpers":"^2.3.0","react-prop-types":"^0.2.1","warning":"^2.0.0"},"gitHead":"9918e199a3a1650bbdfc15766aef87037a174e45","bugs":{"url":"https://github.com/react-bootstrap/react-overlays/issues"},"homepage":"https://github.com/react-bootstrap/react-overlays#readme","_id":"react-overlays@0.50.0-alpha2","_shasum":"3bfa023a7cdf57a9a11792023d0f99c487567c2a","_from":".","_npmVersion":"2.13.3","_nodeVersion":"0.12.3","_npmUser":{"name":"monastic.panic","email":"monastic.panic@gmail.com"},"maintainers":[{"name":"monastic.panic","email":"monastic.panic@gmail.com"}],"dist":{"shasum":"3bfa023a7cdf57a9a11792023d0f99c487567c2a","tarball":"https://registry.npmjs.org/react-overlays/-/react-overlays-0.50.0-alpha2.tgz"},"directories":{}},"0.50.0-alpha3":{"name":"react-overlays","version":"0.50.0-alpha3","description":"Utilities for creating robust overlay components","author":{"name":"Jason Quense","email":"monastic.panic@gmail.com"},"repository":{"type":"git","url":"git+https://github.com/react-bootstrap/react-overlays.git"},"license":"MIT","main":"lib/index.js","files":["lib/","LICENSE","README.md","CHANGELOG.md"],"keywords":["react-overlays","react-component","react","overlay","react-component","tooltip","bootstrap","popover","modal"],"scripts":{"prepublish":"npm run test && npm run build","clean":"rimraf lib","clean:examples":"rimraf examples/static","build":"npm run clean && babel src --out-dir lib","build:examples":"npm run clean:examples && babel-node ./webpack/run-webpack --config docs.config.js","examples":"npm run clean:examples && babel-node ./examples/server.js","lint":"eslint src test","test":"npm run lint && karma start --single-run","tdd":"karma start","coverage":"COVERAGE=true karma start --single-run","patch":"release patch","minor":"release minor","major":"release major"},"peerDependencies":{"react":"^0.14.0-alpha"},"devDependencies":{"babel":"5.6.14","babel-core":"5.6.15","babel-eslint":"^3.1.20","babel-loader":"^5.3.0","babel-plugin-object-assign":"^1.2.1","chai":"^3.2.0","css-loader":"^0.15.6","es5-shim":"^4.1.7","eslint":"^0.24.0","eslint-plugin-babel":"^1.0.0","eslint-plugin-mocha":"^0.4.0","eslint-plugin-react":"^3.1.0","isparta-loader":"^0.2.0","jquery":"^2.1.4","karma":"^0.13.3","karma-chrome-launcher":"^0.2.0","karma-cli":"^0.1.0","karma-coverage":"^0.4.2","karma-coveralls":"^1.1.0","karma-mocha":"^0.2.0","karma-mocha-reporter":"^1.0.4","karma-sinon-chai":"^1.0.0","karma-sourcemap-loader":"^0.3.5","karma-webpack":"^1.7.0","less":"^2.5.1","less-loader":"^2.2.0","lodash":"^3.10.0","marked":"^0.3.5","mocha":"^2.2.5","mt-changelog":"^0.6.1","node-libs-browser":"^0.5.2","raw-loader":"^0.5.1","react":"^0.14.0-beta3","react-bootstrap":"^0.24.5-react-pre.0","react-component-metadata":"^1.2.2","react-dom":"^0.14.0-beta3","react-hot-loader":"^1.2.7","release-script":"^0.2.1","rimraf":"^2.4.2","simulant":"^0.1.5","sinon":"^1.15.4","sinon-chai":"^2.8.0","style-loader":"^0.12.3","webpack":"^1.9.11","webpack-dev-server":"^1.9.0","yargs":"^3.14.0"},"dependencies":{"classnames":"^2.1.3","dom-helpers":"^2.3.0","react-prop-types":"^0.2.1","warning":"^2.0.0"},"gitHead":"bfedd6c97fe6783b2900ee57323eb6b2130428a9","bugs":{"url":"https://github.com/react-bootstrap/react-overlays/issues"},"homepage":"https://github.com/react-bootstrap/react-overlays#readme","_id":"react-overlays@0.50.0-alpha3","_shasum":"0fd7c99058f682a97b618687268cdb20490d1ba0","_from":".","_npmVersion":"2.13.3","_nodeVersion":"0.12.3","_npmUser":{"name":"monastic.panic","email":"monastic.panic@gmail.com"},"maintainers":[{"name":"monastic.panic","email":"monastic.panic@gmail.com"}],"dist":{"shasum":"0fd7c99058f682a97b618687268cdb20490d1ba0","tarball":"https://registry.npmjs.org/react-overlays/-/react-overlays-0.50.0-alpha3.tgz"},"directories":{}},"0.50.0-alpha4":{"name":"react-overlays","version":"0.50.0-alpha4","description":"Utilities for creating robust overlay components","author":{"name":"Jason Quense","email":"monastic.panic@gmail.com"},"repository":{"type":"git","url":"git+https://github.com/react-bootstrap/react-overlays.git"},"license":"MIT","main":"lib/index.js","files":["lib/","LICENSE","README.md","CHANGELOG.md"],"keywords":["react-overlays","react-component","react","overlay","react-component","tooltip","bootstrap","popover","modal"],"scripts":{"prepublish":"npm run test && npm run build","clean":"rimraf lib","clean:examples":"rimraf examples/static","build":"npm run clean && babel src --out-dir lib","build:examples":"npm run clean:examples && babel-node ./webpack/run-webpack --config docs.config.js","examples":"npm run clean:examples && babel-node ./examples/server.js","lint":"eslint src test","test":"npm run lint && karma start --single-run","tdd":"karma start","coverage":"COVERAGE=true karma start --single-run","patch":"release patch","minor":"release minor","major":"release major"},"peerDependencies":{"react":"^0.14.0-alpha"},"devDependencies":{"babel":"5.6.14","babel-core":"5.6.15","babel-eslint":"^3.1.20","babel-loader":"^5.3.0","babel-plugin-object-assign":"^1.2.1","chai":"^3.2.0","css-loader":"^0.15.6","es5-shim":"^4.1.7","eslint":"^0.24.0","eslint-plugin-babel":"^1.0.0","eslint-plugin-mocha":"^0.4.0","eslint-plugin-react":"^3.1.0","isparta-loader":"^0.2.0","jquery":"^2.1.4","karma":"^0.13.3","karma-chrome-launcher":"^0.2.0","karma-cli":"^0.1.0","karma-coverage":"^0.4.2","karma-coveralls":"^1.1.0","karma-mocha":"^0.2.0","karma-mocha-reporter":"^1.0.4","karma-sinon-chai":"^1.0.0","karma-sourcemap-loader":"^0.3.5","karma-webpack":"^1.7.0","less":"^2.5.1","less-loader":"^2.2.0","lodash":"^3.10.0","marked":"^0.3.5","mocha":"^2.2.5","mt-changelog":"^0.6.1","node-libs-browser":"^0.5.2","raw-loader":"^0.5.1","react":"^0.14.0-beta3","react-bootstrap":"0.24.5-react-pre.0","react-component-metadata":"^1.2.2","react-dom":"^0.14.0-beta3","react-hot-loader":"^1.2.7","release-script":"^0.2.1","rimraf":"^2.4.2","simulant":"^0.1.5","sinon":"^1.15.4","sinon-chai":"^2.8.0","style-loader":"^0.12.3","webpack":"^1.9.11","webpack-dev-server":"^1.9.0","yargs":"^3.14.0"},"dependencies":{"classnames":"^2.1.3","dom-helpers":"^2.3.0","react-prop-types":"^0.2.1","warning":"^2.0.0"},"gitHead":"678108f62b2830599cf3b0c3cf8c9030de366058","bugs":{"url":"https://github.com/react-bootstrap/react-overlays/issues"},"homepage":"https://github.com/react-bootstrap/react-overlays#readme","_id":"react-overlays@0.50.0-alpha4","_shasum":"02d812526be4168cc192a4541488551ccc81cd3a","_from":".","_npmVersion":"2.13.3","_nodeVersion":"0.12.3","_npmUser":{"name":"monastic.panic","email":"monastic.panic@gmail.com"},"maintainers":[{"name":"monastic.panic","email":"monastic.panic@gmail.com"}],"dist":{"shasum":"02d812526be4168cc192a4541488551ccc81cd3a","tarball":"https://registry.npmjs.org/react-overlays/-/react-overlays-0.50.0-alpha4.tgz"},"directories":{}},"0.5.0":{"name":"react-overlays","version":"0.5.0","description":"Utilities for creating robust overlay components","author":{"name":"Jason Quense","email":"monastic.panic@gmail.com"},"repository":{"type":"git","url":"git+https://github.com/react-bootstrap/react-overlays.git"},"license":"MIT","main":"lib/index.js","files":["lib/","LICENSE","README.md","CHANGELOG.md"],"keywords":["react-overlays","react-component","react","overlay","react-component","tooltip","bootstrap","popover","modal"],"scripts":{"clean":"rimraf lib","clean:examples":"rimraf examples/static","build":"npm run clean && babel src --out-dir lib","build:examples":"npm run clean:examples && babel-node ./webpack/run-webpack --config docs.config.js","examples":"npm run clean:examples && babel-node ./examples/server.js","lint":"eslint src test","test":"npm run lint && karma start --single-run","tdd":"karma start","coverage":"COVERAGE=true karma start --single-run","patch":"release patch","minor":"release minor","major":"release major"},"peerDependencies":{"react":">=0.14.0","react-dom":"^0.14.0"},"devDependencies":{"babel":"5.6.14","babel-core":"5.6.15","babel-eslint":"^3.1.20","babel-loader":"^5.3.0","babel-plugin-object-assign":"^1.2.1","chai":"^3.2.0","component-playground":"github:jquense/component-playground","css-loader":"^0.15.6","es5-shim":"^4.1.7","eslint":"^0.24.0","eslint-plugin-babel":"^1.0.0","eslint-plugin-mocha":"^0.4.0","eslint-plugin-react":"^3.1.0","isparta-loader":"^0.2.0","jquery":"^2.1.4","karma":"^0.13.3","karma-chrome-launcher":"^0.2.0","karma-cli":"^0.1.0","karma-coverage":"^0.4.2","karma-coveralls":"^1.1.0","karma-mocha":"^0.2.0","karma-mocha-reporter":"^1.0.4","karma-sinon-chai":"^1.0.0","karma-sourcemap-loader":"^0.3.5","karma-webpack":"^1.7.0","less":"^2.5.1","less-loader":"^2.2.0","lodash":"^3.10.0","marked":"^0.3.5","mocha":"^2.2.5","mt-changelog":"^0.6.1","node-libs-browser":"^0.5.2","raw-loader":"^0.5.1","react":"0.14.0","react-addons-test-utils":"^0.14.0","react-bootstrap":"0.24.5-react-pre.0","react-component-metadata":"^1.2.2","react-dom":"^0.14.0","react-hot-loader":"^1.2.7","release-script":"^0.2.1","rimraf":"^2.4.2","simulant":"^0.1.5","sinon":"^1.15.4","sinon-chai":"^2.8.0","style-loader":"^0.12.3","webpack":"^1.12.2","webpack-dev-server":"^1.12.0","yargs":"^3.14.0"},"dependencies":{"classnames":"^2.1.3","dom-helpers":"^2.3.0","react-prop-types":"^0.2.1","warning":"^2.0.0"},"gitHead":"87fad3385be8b4b5cb0862d7b69224826961287b","bugs":{"url":"https://github.com/react-bootstrap/react-overlays/issues"},"homepage":"https://github.com/react-bootstrap/react-overlays#readme","_id":"react-overlays@0.5.0","_shasum":"e4de925d339531b486ac215c04dbc4cd65810635","_from":".","_npmVersion":"2.14.7","_nodeVersion":"0.12.3","_npmUser":{"name":"monastic.panic","email":"monastic.panic@gmail.com"},"maintainers":[{"name":"monastic.panic","email":"monastic.panic@gmail.com"}],"dist":{"shasum":"e4de925d339531b486ac215c04dbc4cd65810635","tarball":"https://registry.npmjs.org/react-overlays/-/react-overlays-0.5.0.tgz"},"directories":{}},"0.5.1":{"name":"react-overlays","version":"0.5.1","description":"Utilities for creating robust overlay components","author":{"name":"Jason Quense","email":"monastic.panic@gmail.com"},"repository":{"type":"git","url":"git+https://github.com/react-bootstrap/react-overlays.git"},"license":"MIT","main":"lib/index.js","files":["lib/","LICENSE","README.md","CHANGELOG.md"],"keywords":["react-overlays","react-component","react","overlay","react-component","tooltip","bootstrap","popover","modal"],"scripts":{"clean":"rimraf lib","clean:examples":"rimraf examples/static","build":"npm run clean && babel src --out-dir lib","build:examples":"npm run clean:examples && babel-node ./webpack/run-webpack --config docs.config.js","examples":"npm run clean:examples && babel-node ./examples/server.js","lint":"eslint src test","test":"npm run lint && karma start --single-run","tdd":"karma start","coverage":"COVERAGE=true karma start --single-run","patch":"release patch","minor":"release minor","major":"release major"},"peerDependencies":{"react":">=0.14.0","react-dom":"^0.14.0"},"devDependencies":{"babel":"5.6.14","babel-core":"5.6.15","babel-eslint":"^3.1.20","babel-loader":"^5.3.0","babel-plugin-object-assign":"^1.2.1","chai":"^3.2.0","component-playground":"github:jquense/component-playground","css-loader":"^0.15.6","es5-shim":"^4.1.7","eslint":"^0.24.0","eslint-plugin-babel":"^1.0.0","eslint-plugin-mocha":"^0.4.0","eslint-plugin-react":"^3.1.0","isparta-loader":"^0.2.0","jquery":"^2.1.4","karma":"^0.13.3","karma-chrome-launcher":"^0.2.0","karma-cli":"^0.1.0","karma-coverage":"^0.4.2","karma-coveralls":"^1.1.0","karma-mocha":"^0.2.0","karma-mocha-reporter":"^1.0.4","karma-sinon-chai":"^1.0.0","karma-sourcemap-loader":"^0.3.5","karma-webpack":"^1.7.0","less":"^2.5.1","less-loader":"^2.2.0","lodash":"^3.10.0","marked":"^0.3.5","mocha":"^2.2.5","mt-changelog":"^0.6.1","node-libs-browser":"^0.5.2","raw-loader":"^0.5.1","react":"^0.14.0","react-addons-test-utils":"^0.14.0","react-bootstrap":"^0.27.3","react-component-metadata":"^1.2.2","react-dom":"^0.14.0","react-hot-loader":"^1.2.7","release-script":"^0.2.1","rimraf":"^2.4.2","simulant":"^0.1.5","sinon":"^1.15.4","sinon-chai":"^2.8.0","style-loader":"^0.12.3","webpack":"^1.12.2","webpack-dev-server":"^1.12.0","yargs":"^3.14.0"},"dependencies":{"classnames":"^2.1.3","dom-helpers":"^2.3.0","react-prop-types":"^0.2.1","warning":"^2.0.0"},"gitHead":"be0eea63c69b3033f066b5e852b1e35ffa1558a6","bugs":{"url":"https://github.com/react-bootstrap/react-overlays/issues"},"homepage":"https://github.com/react-bootstrap/react-overlays#readme","_id":"react-overlays@0.5.1","_shasum":"20f03761996f77cce12f882dd4062e6a2645583a","_from":".","_npmVersion":"2.14.7","_nodeVersion":"4.1.2","_npmUser":{"name":"monastic.panic","email":"monastic.panic@gmail.com"},"maintainers":[{"name":"monastic.panic","email":"monastic.panic@gmail.com"}],"dist":{"shasum":"20f03761996f77cce12f882dd4062e6a2645583a","tarball":"https://registry.npmjs.org/react-overlays/-/react-overlays-0.5.1.tgz"},"directories":{}},"0.5.2":{"name":"react-overlays","version":"0.5.2","description":"Utilities for creating robust overlay components","author":{"name":"Jason Quense","email":"monastic.panic@gmail.com"},"repository":{"type":"git","url":"git+https://github.com/react-bootstrap/react-overlays.git"},"license":"MIT","main":"lib/index.js","files":["lib/","LICENSE","README.md","CHANGELOG.md"],"keywords":["react-overlays","react-component","react","overlay","react-component","tooltip","bootstrap","popover","modal"],"scripts":{"clean":"rimraf lib","clean:examples":"rimraf examples/static","build":"npm run clean && babel src --out-dir lib","build:examples":"npm run clean:examples && babel-node ./webpack/run-webpack --config docs.config.js","examples":"npm run clean:examples && babel-node ./examples/server.js","lint":"eslint src test","test":"npm run lint && karma start --single-run","tdd":"karma start","coverage":"COVERAGE=true karma start --single-run","patch":"release patch","minor":"release minor","major":"release major"},"peerDependencies":{"react":">=0.14.0","react-dom":"^0.14.0"},"devDependencies":{"babel":"5.6.14","babel-core":"5.6.15","babel-eslint":"^3.1.20","babel-loader":"^5.3.0","babel-plugin-object-assign":"^1.2.1","chai":"^3.2.0","component-playground":"github:jquense/component-playground","css-loader":"^0.15.6","es5-shim":"^4.1.7","eslint":"^0.24.0","eslint-plugin-babel":"^1.0.0","eslint-plugin-mocha":"^0.4.0","eslint-plugin-react":"^3.1.0","isparta-loader":"^0.2.0","jquery":"^2.1.4","karma":"^0.13.3","karma-chrome-launcher":"^0.2.0","karma-cli":"^0.1.0","karma-coverage":"^0.4.2","karma-coveralls":"^1.1.0","karma-mocha":"^0.2.0","karma-mocha-reporter":"^1.0.4","karma-sinon-chai":"^1.0.0","karma-sourcemap-loader":"^0.3.5","karma-webpack":"^1.7.0","less":"^2.5.1","less-loader":"^2.2.0","lodash":"^3.10.0","marked":"^0.3.5","mocha":"^2.2.5","mt-changelog":"^0.6.1","node-libs-browser":"^0.5.2","raw-loader":"^0.5.1","react":"^0.14.0","react-addons-test-utils":"^0.14.0","react-bootstrap":"^0.27.3","react-component-metadata":"^1.2.2","react-dom":"^0.14.0","react-hot-loader":"^1.2.7","release-script":"^0.2.1","rimraf":"^2.4.2","simulant":"^0.1.5","sinon":"^1.15.4","sinon-chai":"^2.8.0","style-loader":"^0.12.3","webpack":"^1.12.2","webpack-dev-server":"^1.12.0","yargs":"^3.14.0"},"dependencies":{"classnames":"^2.1.3","dom-helpers":"^2.3.0","react-prop-types":"^0.2.1","warning":"^2.1.0"},"gitHead":"0248233c9df6986e2ca82e7494e1b7d9f6556ca7","bugs":{"url":"https://github.com/react-bootstrap/react-overlays/issues"},"homepage":"https://github.com/react-bootstrap/react-overlays#readme","_id":"react-overlays@0.5.2","_shasum":"419a1f8cdf9c729e460788fad877b3126c45e46a","_from":".","_npmVersion":"3.3.12","_nodeVersion":"4.1.2","_npmUser":{"name":"monastic.panic","email":"monastic.panic@gmail.com"},"maintainers":[{"name":"monastic.panic","email":"monastic.panic@gmail.com"}],"dist":{"shasum":"419a1f8cdf9c729e460788fad877b3126c45e46a","tarball":"https://registry.npmjs.org/react-overlays/-/react-overlays-0.5.2.tgz"},"directories":{}},"0.5.3":{"name":"react-overlays","version":"0.5.3","description":"Utilities for creating robust overlay components","author":{"name":"Jason Quense","email":"monastic.panic@gmail.com"},"repository":{"type":"git","url":"git+https://github.com/react-bootstrap/react-overlays.git"},"license":"MIT","main":"lib/index.js","files":["lib/","LICENSE","README.md","CHANGELOG.md"],"keywords":["react-overlays","react-component","react","overlay","react-component","tooltip","bootstrap","popover","modal"],"scripts":{"clean":"rimraf lib","clean:examples":"rimraf examples/static","build":"npm run clean && babel src --out-dir lib","build:examples":"npm run clean:examples && babel-node ./webpack/run-webpack --config docs.config.js","examples":"npm run clean:examples && babel-node ./examples/server.js","lint":"eslint src test","test":"npm run lint && karma start --single-run","tdd":"karma start","coverage":"COVERAGE=true karma start --single-run","patch":"release patch","minor":"release minor","major":"release major"},"peerDependencies":{"react":">=0.14.0","react-dom":"^0.14.0"},"devDependencies":{"babel":"5.6.14","babel-core":"5.6.15","babel-eslint":"^3.1.20","babel-loader":"^5.3.0","babel-plugin-object-assign":"^1.2.1","chai":"^3.2.0","component-playground":"github:jquense/component-playground","css-loader":"^0.15.6","es5-shim":"^4.1.7","eslint":"^0.24.0","eslint-plugin-babel":"^1.0.0","eslint-plugin-mocha":"^0.4.0","eslint-plugin-react":"^3.1.0","isparta-loader":"^0.2.0","jquery":"^2.1.4","karma":"^0.13.3","karma-chrome-launcher":"^0.2.0","karma-cli":"^0.1.0","karma-coverage":"^0.4.2","karma-coveralls":"^1.1.0","karma-mocha":"^0.2.0","karma-mocha-reporter":"^1.0.4","karma-sinon-chai":"^1.0.0","karma-sourcemap-loader":"^0.3.5","karma-webpack":"^1.7.0","less":"^2.5.1","less-loader":"^2.2.0","lodash":"^3.10.0","marked":"^0.3.5","mocha":"^2.2.5","mt-changelog":"^0.6.1","node-libs-browser":"^0.5.2","raw-loader":"^0.5.1","react":"^0.14.0","react-addons-test-utils":"^0.14.0","react-bootstrap":"^0.27.3","react-component-metadata":"^1.2.2","react-dom":"^0.14.0","react-hot-loader":"^1.2.7","release-script":"^0.2.1","rimraf":"^2.4.2","simulant":"^0.1.5","sinon":"^1.15.4","sinon-chai":"^2.8.0","style-loader":"^0.12.3","webpack":"^1.12.2","webpack-dev-server":"^1.12.0","yargs":"^3.14.0"},"dependencies":{"classnames":"^2.1.3","dom-helpers":"^2.3.0","react-prop-types":"^0.2.1","warning":"^2.1.0"},"gitHead":"72a351a98252a1a1b7dae02ace997eb87c22a44b","bugs":{"url":"https://github.com/react-bootstrap/react-overlays/issues"},"homepage":"https://github.com/react-bootstrap/react-overlays#readme","_id":"react-overlays@0.5.3","_shasum":"7e507599ff4c57a0348c02cac7261c2e53883883","_from":".","_npmVersion":"3.3.12","_nodeVersion":"4.1.2","_npmUser":{"name":"monastic.panic","email":"monastic.panic@gmail.com"},"maintainers":[{"name":"monastic.panic","email":"monastic.panic@gmail.com"}],"dist":{"shasum":"7e507599ff4c57a0348c02cac7261c2e53883883","tarball":"https://registry.npmjs.org/react-overlays/-/react-overlays-0.5.3.tgz"},"directories":{}},"0.5.4":{"name":"react-overlays","version":"0.5.4","description":"Utilities for creating robust overlay components","author":{"name":"Jason Quense","email":"monastic.panic@gmail.com"},"repository":{"type":"git","url":"git+https://github.com/react-bootstrap/react-overlays.git"},"license":"MIT","main":"lib/index.js","files":["lib/","LICENSE","README.md","CHANGELOG.md"],"keywords":["react-overlays","react-component","react","overlay","react-component","tooltip","bootstrap","popover","modal"],"scripts":{"clean":"rimraf lib","clean:examples":"rimraf examples/static","build":"npm run clean && babel src --out-dir lib","build:examples":"npm run clean:examples && babel-node ./webpack/run-webpack --config docs.config.js","examples":"npm run clean:examples && babel-node ./examples/server.js","lint":"eslint src test","test":"npm run lint && karma start --single-run","tdd":"karma start","coverage":"COVERAGE=true karma start --single-run","patch":"release patch","minor":"release minor","major":"release major"},"peerDependencies":{"react":">=0.14.0","react-dom":"^0.14.0"},"devDependencies":{"babel":"5.6.14","babel-core":"5.6.15","babel-eslint":"^3.1.20","babel-loader":"^5.3.0","babel-plugin-object-assign":"^1.2.1","chai":"^3.2.0","component-playground":"github:jquense/component-playground","css-loader":"^0.15.6","es5-shim":"^4.1.7","eslint":"^0.24.0","eslint-plugin-babel":"^1.0.0","eslint-plugin-mocha":"^0.4.0","eslint-plugin-react":"^3.1.0","isparta-loader":"^0.2.0","jquery":"^2.1.4","karma":"^0.13.3","karma-chrome-launcher":"^0.2.0","karma-cli":"^0.1.0","karma-coverage":"^0.4.2","karma-coveralls":"^1.1.0","karma-mocha":"^0.2.0","karma-mocha-reporter":"^1.0.4","karma-sinon-chai":"^1.0.0","karma-sourcemap-loader":"^0.3.5","karma-webpack":"^1.7.0","less":"^2.5.1","less-loader":"^2.2.0","lodash":"^3.10.0","marked":"^0.3.5","mocha":"^2.2.5","mt-changelog":"^0.6.1","node-libs-browser":"^0.5.2","raw-loader":"^0.5.1","react":"^0.14.0","react-addons-test-utils":"^0.14.0","react-bootstrap":"^0.27.3","react-component-metadata":"^1.2.2","react-dom":"^0.14.0","react-hot-loader":"^1.2.7","release-script":"^0.2.1","rimraf":"^2.4.2","simulant":"^0.1.5","sinon":"^1.15.4","sinon-chai":"^2.8.0","style-loader":"^0.12.3","webpack":"^1.12.2","webpack-dev-server":"^1.12.0","yargs":"^3.14.0"},"dependencies":{"classnames":"^2.1.3","dom-helpers":"^2.3.0","react-prop-types":"^0.2.1","warning":"^2.1.0"},"gitHead":"676a7782db38c18545ebdef2490037d4e6e37b9c","bugs":{"url":"https://github.com/react-bootstrap/react-overlays/issues"},"homepage":"https://github.com/react-bootstrap/react-overlays#readme","_id":"react-overlays@0.5.4","_shasum":"f5d72a9a1963e91e759b834e91d350024dfbcad0","_from":".","_npmVersion":"3.3.12","_nodeVersion":"4.1.2","_npmUser":{"name":"monastic.panic","email":"monastic.panic@gmail.com"},"maintainers":[{"name":"monastic.panic","email":"monastic.panic@gmail.com"}],"dist":{"shasum":"f5d72a9a1963e91e759b834e91d350024dfbcad0","tarball":"https://registry.npmjs.org/react-overlays/-/react-overlays-0.5.4.tgz"},"directories":{}},"0.6.0":{"name":"react-overlays","version":"0.6.0","description":"Utilities for creating robust overlay components","author":{"name":"Jason Quense","email":"monastic.panic@gmail.com"},"repository":{"type":"git","url":"git+https://github.com/react-bootstrap/react-overlays.git"},"license":"MIT","main":"lib/index.js","files":["lib/","LICENSE","README.md","CHANGELOG.md"],"keywords":["react-overlays","react-component","react","overlay","react-component","tooltip","bootstrap","popover","modal"],"scripts":{"clean":"rimraf lib","clean:examples":"rimraf examples/static","build":"npm run clean && babel src --out-dir lib","build:examples":"npm run clean:examples && babel-node ./webpack/run-webpack --config docs.config.js","examples":"npm run clean:examples && babel-node ./examples/server.js","lint":"eslint src test","test":"npm run lint && karma start --single-run","tdd":"karma start","coverage":"COVERAGE=true karma start --single-run","release":"release"},"peerDependencies":{"react":">=0.14.0","react-dom":"^0.14.0"},"devDependencies":{"@jquense/component-playground":"github:jquense/component-playground","babel":"5.6.14","babel-core":"^5.8.34","babel-eslint":"^4.1.6","babel-loader":"^5.3.0","babel-plugin-object-assign":"^1.2.1","chai":"^3.2.0","component-metadata-loader":"^2.0.0","css-loader":"^0.15.6","es5-shim":"^4.1.7","eslint":"^1.10.1","eslint-plugin-babel":"^3.0.0","eslint-plugin-mocha":"^1.1.0","eslint-plugin-react":"^3.1.0","isparta-loader":"^0.2.0","jquery":"^2.1.4","karma":"^0.13.3","karma-chrome-launcher":"^0.2.0","karma-cli":"^0.1.0","karma-coverage":"^0.4.2","karma-coveralls":"^1.1.0","karma-mocha":"^0.2.0","karma-mocha-reporter":"^1.0.4","karma-sinon-chai":"^1.0.0","karma-sourcemap-loader":"^0.3.5","karma-webpack":"^1.7.0","less":"^2.5.1","less-loader":"^2.2.0","lodash":"^3.10.0","marked":"^0.3.5","mocha":"^2.2.5","mt-changelog":"^0.6.1","node-libs-browser":"^0.5.2","raw-loader":"^0.5.1","react":"^0.14.0","react-addons-test-utils":"^0.14.0","react-bootstrap":"^0.27.3","react-component-metadata":"^1.2.2","react-dom":"^0.14.0","react-hot-loader":"^1.2.7","release-script":"^0.2.1","rimraf":"^2.4.2","simulant":"^0.1.5","sinon":"^1.15.4","sinon-chai":"^2.8.0","style-loader":"^0.12.3","webpack":"^1.12.2","webpack-dev-server":"^1.12.0","yargs":"^3.14.0"},"dependencies":{"classnames":"^2.1.3","dom-helpers":"^2.3.0","react-prop-types":"^0.2.1","warning":"^2.1.0"},"gitHead":"4382bea56693f5eab484b84f9b3ba5ae2eee6913","bugs":{"url":"https://github.com/react-bootstrap/react-overlays/issues"},"homepage":"https://github.com/react-bootstrap/react-overlays#readme","_id":"react-overlays@0.6.0","_shasum":"a22223419620dadd23fe3f854d8c2fba2fa6709d","_from":".","_npmVersion":"3.5.3","_nodeVersion":"4.0.0","_npmUser":{"name":"monastic.panic","email":"monastic.panic@gmail.com"},"dist":{"shasum":"a22223419620dadd23fe3f854d8c2fba2fa6709d","tarball":"https://registry.npmjs.org/react-overlays/-/react-overlays-0.6.0.tgz"},"maintainers":[{"name":"monastic.panic","email":"monastic.panic@gmail.com"}],"directories":{}},"0.6.1":{"name":"react-overlays","version":"0.6.1","description":"Utilities for creating robust overlay components","author":{"name":"Jason Quense","email":"monastic.panic@gmail.com"},"repository":{"type":"git","url":"git+https://github.com/react-bootstrap/react-overlays.git"},"license":"MIT","main":"lib/index.js","files":["lib/","CHANGELOG.md"],"keywords":["react-overlays","react-component","react","overlay","react-component","tooltip","bootstrap","popover","modal"],"scripts":{"clean":"rimraf lib","clean:examples":"rimraf examples/static","build":"npm run clean && babel src --out-dir lib","build:examples":"npm run clean:examples && babel-node ./webpack/run-webpack --config docs.config.js","examples":"npm run clean:examples && babel-node ./examples/server.js","lint":"eslint src test","test":"npm run lint && karma start --single-run","tdd":"karma start","coverage":"COVERAGE=true karma start --single-run","release":"release"},"peerDependencies":{"react":">=0.14.0","react-dom":"^0.14.0"},"devDependencies":{"@jquense/component-playground":"github:jquense/component-playground","babel":"5.6.14","babel-core":"^5.8.34","babel-eslint":"^4.1.6","babel-loader":"^5.3.0","babel-plugin-object-assign":"^1.2.1","chai":"^3.2.0","component-metadata-loader":"^2.0.0","css-loader":"^0.15.6","es5-shim":"^4.1.7","eslint":"^1.10.1","eslint-plugin-babel":"^3.0.0","eslint-plugin-mocha":"^1.1.0","eslint-plugin-react":"^3.1.0","isparta-loader":"^0.2.0","jquery":"^2.1.4","karma":"^0.13.3","karma-chrome-launcher":"^0.2.0","karma-cli":"^0.1.0","karma-coverage":"^0.4.2","karma-coveralls":"^1.1.0","karma-mocha":"^0.2.0","karma-mocha-reporter":"^1.0.4","karma-sinon-chai":"^1.0.0","karma-sourcemap-loader":"^0.3.5","karma-webpack":"^1.7.0","less":"^2.5.1","less-loader":"^2.2.0","lodash":"^3.10.0","lolex":"^1.4.0","marked":"^0.3.5","mocha":"^2.2.5","node-libs-browser":"^0.5.2","raw-loader":"^0.5.1","react":"^0.14.0","react-addons-test-utils":"^0.14.0","react-bootstrap":"^0.27.3","react-component-metadata":"^1.2.2","react-dom":"^0.14.0","react-hot-loader":"^1.2.7","release-script":"^0.2.1","rimraf":"^2.4.2","simulant":"^0.1.5","sinon":"^1.15.4","sinon-chai":"^2.8.0","style-loader":"^0.12.3","teaspoon":"^6.1.1","webpack":"^1.12.2","webpack-dev-server":"^1.12.0","yargs":"^3.14.0"},"dependencies":{"classnames":"^2.1.3","dom-helpers":"^2.3.0","react-prop-types":"^0.2.1","warning":"^2.1.0"},"gitHead":"99db85dd17ed5a2244c1f26b2650ab5292ac07c9","bugs":{"url":"https://github.com/react-bootstrap/react-overlays/issues"},"homepage":"https://github.com/react-bootstrap/react-overlays#readme","_id":"react-overlays@0.6.1","_shasum":"cbba78ee1e23ae19fb6e1ed40e010f24bc46245e","_from":".","_npmVersion":"3.8.2","_nodeVersion":"5.7.1","_npmUser":{"name":"taion","email":"tesrin@gmail.com"},"dist":{"shasum":"cbba78ee1e23ae19fb6e1ed40e010f24bc46245e","tarball":"https://registry.npmjs.org/react-overlays/-/react-overlays-0.6.1.tgz"},"maintainers":[{"name":"monastic.panic","email":"monastic.panic@gmail.com"},{"name":"taion","email":"tesrin@gmail.com"}],"_npmOperationalInternal":{"host":"packages-12-west.internal.npmjs.com","tmp":"tmp/react-overlays-0.6.1.tgz_1459197701559_0.40940408408641815"},"directories":{}},"0.6.2":{"name":"react-overlays","version":"0.6.2","description":"Utilities for creating robust overlay components","author":{"name":"Jason Quense","email":"monastic.panic@gmail.com"},"repository":{"type":"git","url":"git+https://github.com/react-bootstrap/react-overlays.git"},"license":"MIT","main":"lib/index.js","files":["lib/","CHANGELOG.md"],"keywords":["react-overlays","react-component","react","overlay","react-component","tooltip","bootstrap","popover","modal"],"scripts":{"clean":"rimraf lib","clean:examples":"rimraf examples/static","build":"npm run clean && babel src --out-dir lib","build:examples":"npm run clean:examples && babel-node ./webpack/run-webpack --config docs.config.js","examples":"npm run clean:examples && babel-node ./examples/server.js","lint":"eslint src test","test":"npm run lint && karma start --single-run","tdd":"karma start","coverage":"COVERAGE=true karma start --single-run","release":"release"},"peerDependencies":{"react":">=0.14.0","react-dom":"^0.14.0"},"devDependencies":{"@jquense/component-playground":"github:jquense/component-playground","babel":"5.6.14","babel-core":"^5.8.34","babel-eslint":"^4.1.6","babel-loader":"^5.3.0","babel-plugin-object-assign":"^1.2.1","chai":"^3.2.0","component-metadata-loader":"^2.0.0","css-loader":"^0.15.6","es5-shim":"^4.1.7","eslint":"^1.10.1","eslint-plugin-babel":"^3.0.0","eslint-plugin-mocha":"^1.1.0","eslint-plugin-react":"^3.1.0","isparta-loader":"^0.2.0","jquery":"^2.1.4","karma":"^0.13.3","karma-chrome-launcher":"^0.2.0","karma-cli":"^0.1.0","karma-coverage":"^0.4.2","karma-coveralls":"^1.1.0","karma-mocha":"^0.2.0","karma-mocha-reporter":"^1.0.4","karma-sinon-chai":"^1.0.0","karma-sourcemap-loader":"^0.3.5","karma-webpack":"^1.7.0","less":"^2.5.1","less-loader":"^2.2.0","lodash":"^3.10.0","lolex":"^1.4.0","marked":"^0.3.5","mocha":"^2.2.5","node-libs-browser":"^0.5.2","raw-loader":"^0.5.1","react":"^0.14.0","react-addons-test-utils":"^0.14.0","react-bootstrap":"^0.27.3","react-component-metadata":"^1.2.2","react-dom":"^0.14.0","react-hot-loader":"^1.2.7","release-script":"^0.2.1","rimraf":"^2.4.2","simulant":"^0.1.5","sinon":"^1.15.4","sinon-chai":"^2.8.0","style-loader":"^0.12.3","teaspoon":"^6.1.1","webpack":"^1.12.2","webpack-dev-server":"^1.12.0","yargs":"^3.14.0"},"dependencies":{"classnames":"^2.1.3","dom-helpers":"^2.3.0","react-prop-types":"^0.2.1","warning":"^2.1.0"},"gitHead":"d71ef2e0b361ef9a18e2647b677d7b00e4b48513","bugs":{"url":"https://github.com/react-bootstrap/react-overlays/issues"},"homepage":"https://github.com/react-bootstrap/react-overlays#readme","_id":"react-overlays@0.6.2","_shasum":"72e3c44f8fd36bd9a8de52c30031fe6d29264087","_from":".","_npmVersion":"3.8.6","_nodeVersion":"5.9.1","_npmUser":{"name":"taion","email":"tesrin@gmail.com"},"dist":{"shasum":"72e3c44f8fd36bd9a8de52c30031fe6d29264087","tarball":"https://registry.npmjs.org/react-overlays/-/react-overlays-0.6.2.tgz"},"maintainers":[{"name":"monastic.panic","email":"monastic.panic@gmail.com"},{"name":"taion","email":"tesrin@gmail.com"}],"_npmOperationalInternal":{"host":"packages-12-west.internal.npmjs.com","tmp":"tmp/react-overlays-0.6.2.tgz_1459709367780_0.48466869024559855"},"directories":{}},"0.6.3":{"name":"react-overlays","version":"0.6.3","description":"Utilities for creating robust overlay components","author":{"name":"Jason Quense","email":"monastic.panic@gmail.com"},"repository":{"type":"git","url":"git+https://github.com/react-bootstrap/react-overlays.git"},"license":"MIT","main":"lib/index.js","files":["lib/","CHANGELOG.md"],"keywords":["react-overlays","react-component","react","overlay","react-component","tooltip","bootstrap","popover","modal"],"scripts":{"clean":"rimraf lib","clean:examples":"rimraf examples/static","build":"npm run clean && babel src --out-dir lib","build:examples":"npm run clean:examples && babel-node ./webpack/run-webpack --config docs.config.js","examples":"npm run clean:examples && babel-node ./examples/server.js","lint":"eslint src test","test":"npm run lint && karma start --single-run","tdd":"karma start","coverage":"COVERAGE=true karma start --single-run","release":"release"},"peerDependencies":{"react":">=0.14.0","react-dom":">=0.14.0"},"devDependencies":{"@jquense/component-playground":"github:jquense/component-playground","babel":"5.6.14","babel-core":"^5.8.34","babel-eslint":"^4.1.6","babel-loader":"^5.3.0","babel-plugin-object-assign":"^1.2.1","chai":"^3.2.0","component-metadata-loader":"^2.0.0","css-loader":"^0.15.6","es5-shim":"^4.1.7","eslint":"^1.10.1","eslint-plugin-babel":"^3.0.0","eslint-plugin-mocha":"^1.1.0","eslint-plugin-react":"^3.1.0","isparta-loader":"^0.2.0","jquery":"^2.1.4","karma":"^0.13.3","karma-chrome-launcher":"^0.2.0","karma-cli":"^0.1.0","karma-coverage":"^0.4.2","karma-coveralls":"^1.1.0","karma-mocha":"^0.2.0","karma-mocha-reporter":"^1.0.4","karma-sinon-chai":"^1.0.0","karma-sourcemap-loader":"^0.3.5","karma-webpack":"^1.7.0","less":"^2.5.1","less-loader":"^2.2.0","lodash":"^3.10.0","lolex":"^1.4.0","marked":"^0.3.5","mocha":"^2.2.5","node-libs-browser":"^0.5.2","raw-loader":"^0.5.1","react":"^0.14.0","react-addons-test-utils":"^0.14.0","react-bootstrap":"^0.27.3","react-component-metadata":"^1.2.2","react-dom":"^0.14.0","react-hot-loader":"^1.2.7","release-script":"^0.2.1","rimraf":"^2.4.2","simulant":"^0.1.5","sinon":"^1.15.4","sinon-chai":"^2.8.0","style-loader":"^0.12.3","teaspoon":"^6.1.1","webpack":"^1.12.2","webpack-dev-server":"^1.12.0","yargs":"^3.14.0"},"dependencies":{"classnames":"^2.1.3","dom-helpers":"^2.3.0","react-prop-types":"^0.2.1","warning":"^2.1.0"},"gitHead":"92171fb806719aa37f063b46f174508fa254836f","bugs":{"url":"https://github.com/react-bootstrap/react-overlays/issues"},"homepage":"https://github.com/react-bootstrap/react-overlays#readme","_id":"react-overlays@0.6.3","_shasum":"e4e1f5b04b2cc5fc167083b9414ad42e9949b9bd","_from":".","_npmVersion":"2.15.3","_nodeVersion":"5.10.1","_npmUser":{"name":"taion","email":"tesrin@gmail.com"},"dist":{"shasum":"e4e1f5b04b2cc5fc167083b9414ad42e9949b9bd","tarball":"https://registry.npmjs.org/react-overlays/-/react-overlays-0.6.3.tgz"},"maintainers":[{"name":"monastic.panic","email":"monastic.panic@gmail.com"},{"name":"taion","email":"tesrin@gmail.com"}],"_npmOperationalInternal":{"host":"packages-12-west.internal.npmjs.com","tmp":"tmp/react-overlays-0.6.3.tgz_1460069240116_0.5328673478215933"},"directories":{}}},"readme":"# react-overlays\n\n[![Travis Build Status][build-badge]][build]\n\nUtilities for creating robust overlay components\n\ndemos and docs at: http://react-bootstrap.github.io/react-overlays/examples/\n\n## Install\n\n```sh\nnpm install --save react-overlays\n```\n\nAll of these utilities have been abstracted out of [react-bootstrap](https://github.com/react-bootstrap/react-bootstrap) in order to provide better access to the generic implementations of these commonly needed components. The included components are building blocks for creating more polished components. Everything is bring-your-own-styles, css or otherwise.\n\nIf you are looking for more complete overlays, modals, or tooltips--something you can use right out of the box--check out react-boostrap, which is (or soon will be) built on using these components.\n\n**note:** we are still in the process of abstracting out these components so the API's will probably change until we are sure that all of the bootstrap components can cleanly be implemented on top of them.\n\nPre `1.0.0` breaking changes happen on the `minor` bump while feature and patches accompany a `patch` bump.\n\n[build-badge]: https://travis-ci.org/react-bootstrap/react-overlays.svg?branch=master\n[build]: https://travis-ci.org/react-bootstrap/react-overlays\n","maintainers":[{"name":"monastic.panic","email":"monastic.panic@gmail.com"},{"name":"taion","email":"tesrin@gmail.com"}],"time":{"modified":"2016-04-07T22:47:22.769Z","created":"2015-08-02T18:13:05.551Z","0.3.0":"2015-08-02T18:13:05.551Z","0.4.0":"2015-08-04T23:09:19.027Z","0.4.1":"2015-08-04T23:50:22.621Z","0.4.2":"2015-08-10T19:05:14.806Z","0.50.0-alpha1":"2015-08-17T16:05:35.239Z","0.4.3":"2015-08-23T22:55:30.499Z","0.4.4":"2015-08-24T18:34:55.242Z","0.50.0-alpha2":"2015-08-24T18:43:19.879Z","0.50.0-alpha3":"2015-08-26T16:11:55.333Z","0.50.0-alpha4":"2015-08-28T14:37:20.495Z","0.5.0":"2015-10-07T19:40:23.406Z","0.5.1":"2015-11-02T16:07:55.079Z","0.5.2":"2015-11-16T17:32:37.150Z","0.5.3":"2015-11-16T19:52:12.651Z","0.5.4":"2015-11-17T20:03:17.501Z","0.6.0":"2016-01-15T16:16:55.943Z","0.6.1":"2016-03-28T20:41:43.996Z","0.6.2":"2016-04-03T18:49:30.390Z","0.6.3":"2016-04-07T22:47:22.769Z"},"homepage":"https://github.com/react-bootstrap/react-overlays#readme","keywords":["react-overlays","react-component","react","overlay","react-component","tooltip","bootstrap","popover","modal"],"repository":{"type":"git","url":"git+https://github.com/react-bootstrap/react-overlays.git"},"author":{"name":"Jason Quense","email":"monastic.panic@gmail.com"},"bugs":{"url":"https://github.com/react-bootstrap/react-overlays/issues"},"license":"MIT","readmeFilename":"README.md","users":{"fleetlog":true},"_attachments":{},"_etag":"\"5JLBRV6XDWSTK2LRLM2B9YXGG\""}