{"_id":"envify","_rev":"57-d21f25c36532622dfd1761bbf6023151","name":"envify","description":"Selectively replace Node-style environment variables with plain strings.","dist-tags":{"latest":"3.4.0"},"versions":{"0.0.1":{"name":"envify","version":"0.0.1","description":"Selectively replace Node-style environment variables with plain strings.","main":"index.js","scripts":{"test":"node test.js"},"bin":{"envify":"bin/envify"},"repository":{"type":"git","url":"git://github.com/hughsk/envify.git"},"author":{"name":"Hugh Kennedy","email":"hughskennedy@gmail.com","url":"http://hughskennedy.com/"},"license":"MIT","devDependencies":{"tape":"~0.3.3"},"dependencies":{"through":"~2.3.4","falafel":"~0.2.1"},"keywords":["environment","variables","browserify","configuration"],"_id":"envify@0.0.1","dist":{"shasum":"d2bdd66ce738b43c4dbf5267e8df0c82ceed6f27","tarball":"https://registry.npmjs.org/envify/-/envify-0.0.1.tgz"},"_npmVersion":"1.1.71","_npmUser":{"name":"hughsk","email":"hughskennedy@gmail.com"},"maintainers":[{"name":"hughsk","email":"hughskennedy@gmail.com"}],"directories":{}},"0.1.0":{"name":"envify","version":"0.1.0","description":"Selectively replace Node-style environment variables with plain strings.","main":"index.js","scripts":{"test":"node test.js"},"bin":{"envify":"bin/envify"},"repository":{"type":"git","url":"git://github.com/hughsk/envify.git"},"author":{"name":"Hugh Kennedy","email":"hughskennedy@gmail.com","url":"http://hughskennedy.com/"},"license":"MIT","devDependencies":{"tape":"~0.3.3"},"dependencies":{"through":"~2.3.4","falafel":"~0.2.1"},"keywords":["environment","variables","browserify","configuration"],"_id":"envify@0.1.0","dist":{"shasum":"d4cdb543ec650467ae5753e3294d6e25e6c90344","tarball":"https://registry.npmjs.org/envify/-/envify-0.1.0.tgz"},"_from":".","_npmVersion":"1.2.18","_npmUser":{"name":"hughsk","email":"hughskennedy@gmail.com"},"maintainers":[{"name":"hughsk","email":"hughskennedy@gmail.com"}],"directories":{}},"0.2.0":{"name":"envify","version":"0.2.0","description":"Selectively replace Node-style environment variables with plain strings.","main":"index.js","scripts":{"test":"node test.js"},"bin":{"envify":"bin/envify"},"repository":{"type":"git","url":"git://github.com/hughsk/envify.git"},"author":{"name":"Hugh Kennedy","email":"hughskennedy@gmail.com","url":"http://hughskennedy.com/"},"license":"MIT","devDependencies":{"tape":"~0.3.3"},"dependencies":{"through":"~2.3.4","falafel":"~0.2.1"},"keywords":["environment","variables","browserify","configuration"],"_id":"envify@0.2.0","dist":{"shasum":"645091cfaf1279f7f8364a893b0cf81c680ecbe0","tarball":"https://registry.npmjs.org/envify/-/envify-0.2.0.tgz"},"_from":".","_npmVersion":"1.2.18","_npmUser":{"name":"hughsk","email":"hughskennedy@gmail.com"},"maintainers":[{"name":"hughsk","email":"hughskennedy@gmail.com"}],"directories":{}},"1.0.0":{"name":"envify","version":"1.0.0","description":"Selectively replace Node-style environment variables with plain strings.","main":"index.js","scripts":{"test":"node test.js"},"bin":{"envify":"bin/envify"},"repository":{"type":"git","url":"git://github.com/hughsk/envify.git"},"author":{"name":"Hugh Kennedy","email":"hughskennedy@gmail.com","url":"http://hughskennedy.com/"},"license":"MIT","devDependencies":{"tape":"~2.3.2"},"dependencies":{"through":"~2.3.4","recast":"~0.5.6"},"keywords":["environment","variables","browserify","configuration"],"bugs":{"url":"https://github.com/hughsk/envify/issues"},"homepage":"https://github.com/hughsk/envify","_id":"envify@1.0.0","dist":{"shasum":"d8cc75d38a81b2bd9662fb573e3fc2c4d12728eb","tarball":"https://registry.npmjs.org/envify/-/envify-1.0.0.tgz"},"_from":".","_npmVersion":"1.3.14","_npmUser":{"name":"hughsk","email":"hughskennedy@gmail.com"},"maintainers":[{"name":"hughsk","email":"hughskennedy@gmail.com"}],"directories":{}},"1.0.1":{"name":"envify","version":"1.0.1","description":"Selectively replace Node-style environment variables with plain strings.","main":"index.js","scripts":{"test":"node test.js"},"bin":{"envify":"bin/envify"},"repository":{"type":"git","url":"git://github.com/hughsk/envify.git"},"author":{"name":"Hugh Kennedy","email":"hughskennedy@gmail.com","url":"http://hughskennedy.com/"},"license":"MIT","devDependencies":{"tape":"~2.3.2"},"dependencies":{"through":"~2.3.4","recast":"~0.5.6"},"keywords":["environment","variables","browserify","configuration"],"bugs":{"url":"https://github.com/hughsk/envify/issues"},"homepage":"https://github.com/hughsk/envify","_id":"envify@1.0.1","dist":{"shasum":"13aa6189c991c55bff2b2c3d504e508ae5a5a4c2","tarball":"https://registry.npmjs.org/envify/-/envify-1.0.1.tgz"},"_from":".","_npmVersion":"1.3.14","_npmUser":{"name":"hughsk","email":"hughskennedy@gmail.com"},"maintainers":[{"name":"hughsk","email":"hughskennedy@gmail.com"}],"directories":{}},"1.1.0":{"name":"envify","version":"1.1.0","description":"Selectively replace Node-style environment variables with plain strings.","main":"index.js","scripts":{"test":"node test.js"},"bin":{"envify":"bin/envify"},"repository":{"type":"git","url":"git://github.com/hughsk/envify.git"},"author":{"name":"Hugh Kennedy","email":"hughskennedy@gmail.com","url":"http://hughskennedy.com/"},"license":"MIT","devDependencies":{"tape":"~2.3.2"},"dependencies":{"xtend":"~2.1.2","through":"~2.3.4","recast":"~0.5.6"},"keywords":["environment","variables","browserify","browserify-transform","transform","source","configuration"],"bugs":{"url":"https://github.com/hughsk/envify/issues"},"homepage":"https://github.com/hughsk/envify","_id":"envify@1.1.0","dist":{"shasum":"5637b76a314a2c18dc688089b20b443c25522b35","tarball":"https://registry.npmjs.org/envify/-/envify-1.1.0.tgz"},"_from":".","_npmVersion":"1.3.25","_npmUser":{"name":"hughsk","email":"hughskennedy@gmail.com"},"maintainers":[{"name":"hughsk","email":"hughskennedy@gmail.com"}],"directories":{}},"1.2.0":{"name":"envify","version":"1.2.0","description":"Selectively replace Node-style environment variables with plain strings.","main":"index.js","scripts":{"test":"node test.js"},"bin":{"envify":"bin/envify"},"repository":{"type":"git","url":"git://github.com/hughsk/envify.git"},"author":{"name":"Hugh Kennedy","email":"hughskennedy@gmail.com","url":"http://hughskennedy.com/"},"license":"MIT","devDependencies":{"tape":"~2.3.2"},"dependencies":{"xtend":"~2.1.2","through":"~2.3.4","esprima-fb":"~3001.1.0-dev-harmony-fb","jstransform":"~3.0.0"},"keywords":["environment","variables","browserify","browserify-transform","transform","source","configuration"],"bugs":{"url":"https://github.com/hughsk/envify/issues"},"homepage":"https://github.com/hughsk/envify","_id":"envify@1.2.0","dist":{"shasum":"b51cb46be16faa59843c5e9777696f689922d4ee","tarball":"https://registry.npmjs.org/envify/-/envify-1.2.0.tgz"},"_from":".","_npmVersion":"1.4.2","_npmUser":{"name":"hughsk","email":"hughskennedy@gmail.com"},"maintainers":[{"name":"hughsk","email":"hughskennedy@gmail.com"}],"directories":{}},"1.2.1":{"name":"envify","version":"1.2.1","description":"Selectively replace Node-style environment variables with plain strings.","main":"index.js","scripts":{"test":"node test.js"},"bin":{"envify":"bin/envify"},"repository":{"type":"git","url":"git://github.com/hughsk/envify.git"},"author":{"name":"Hugh Kennedy","email":"hughskennedy@gmail.com","url":"http://hughskennedy.com/"},"license":"MIT","devDependencies":{"tape":"~2.3.2"},"dependencies":{"xtend":"~2.1.2","through":"~2.3.4","esprima-fb":"~3001.1.0-dev-harmony-fb","jstransform":"~3.0.0"},"keywords":["environment","variables","browserify","browserify-transform","transform","source","configuration"],"bugs":{"url":"https://github.com/hughsk/envify/issues"},"homepage":"https://github.com/hughsk/envify","_id":"envify@1.2.1","dist":{"shasum":"ac34e3676f9035d59518fef57d9914a24a18767a","tarball":"https://registry.npmjs.org/envify/-/envify-1.2.1.tgz"},"_from":".","_npmVersion":"1.4.2","_npmUser":{"name":"hughsk","email":"hughskennedy@gmail.com"},"maintainers":[{"name":"hughsk","email":"hughskennedy@gmail.com"}],"directories":{}},"2.0.0":{"name":"envify","version":"2.0.0","description":"Selectively replace Node-style environment variables with plain strings.","main":"index.js","scripts":{"test":"node test.js"},"bin":{"envify":"bin/envify"},"repository":{"type":"git","url":"git://github.com/hughsk/envify.git"},"author":{"name":"Hugh Kennedy","email":"hughskennedy@gmail.com","url":"http://hughskennedy.com/"},"license":"MIT","devDependencies":{"tape":"~2.3.2"},"dependencies":{"xtend":"~2.1.2","through":"~2.3.4","esprima-fb":"~3001.1.0-dev-harmony-fb","jstransform":"~3.0.0"},"keywords":["environment","variables","browserify","browserify-transform","transform","source","configuration"],"gitHead":"15b3a53303ca7ff4e4a158c2e69ae3e926cf766c","bugs":{"url":"https://github.com/hughsk/envify/issues"},"homepage":"https://github.com/hughsk/envify","_id":"envify@2.0.0","_shasum":"c80eb18f915c11ca6df8aa4df5ea390707fc6c96","_from":".","_npmVersion":"1.4.13","_npmUser":{"name":"hughsk","email":"hughskennedy@gmail.com"},"maintainers":[{"name":"hughsk","email":"hughskennedy@gmail.com"}],"dist":{"shasum":"c80eb18f915c11ca6df8aa4df5ea390707fc6c96","tarball":"https://registry.npmjs.org/envify/-/envify-2.0.0.tgz"},"directories":{}},"2.0.1":{"name":"envify","version":"2.0.1","description":"Selectively replace Node-style environment variables with plain strings.","main":"index.js","scripts":{"test":"node test.js"},"bin":{"envify":"bin/envify"},"repository":{"type":"git","url":"git://github.com/hughsk/envify.git"},"author":{"name":"Hugh Kennedy","email":"hughskennedy@gmail.com","url":"http://hughskennedy.com/"},"license":"MIT","devDependencies":{"tape":"~2.3.2"},"dependencies":{"xtend":"~2.1.2","through":"~2.3.4","esprima-fb":"~3001.1.0-dev-harmony-fb","jstransform":"~3.0.0"},"keywords":["environment","variables","browserify","browserify-transform","transform","source","configuration"],"gitHead":"c9a65a8410f35ee40915fc84cbe7876fbf1df9e7","bugs":{"url":"https://github.com/hughsk/envify/issues"},"homepage":"https://github.com/hughsk/envify","_id":"envify@2.0.1","_shasum":"abab827e063efd8e6f4d485aa82b66688dd056b2","_from":".","_npmVersion":"1.4.13","_npmUser":{"name":"hughsk","email":"hughskennedy@gmail.com"},"maintainers":[{"name":"hughsk","email":"hughskennedy@gmail.com"}],"dist":{"shasum":"abab827e063efd8e6f4d485aa82b66688dd056b2","tarball":"https://registry.npmjs.org/envify/-/envify-2.0.1.tgz"},"directories":{}},"3.0.0":{"name":"envify","version":"3.0.0","description":"Selectively replace Node-style environment variables with plain strings.","main":"index.js","scripts":{"test":"node test.js"},"bin":{"envify":"bin/envify"},"repository":{"type":"git","url":"git://github.com/hughsk/envify.git"},"author":{"name":"Hugh Kennedy","email":"hughskennedy@gmail.com","url":"http://hughskennedy.com/"},"license":"MIT","devDependencies":{"tape":"~2.3.2"},"dependencies":{"xtend":"~2.1.2","through":"~2.3.4","esprima-fb":"^4001.3001.0-dev-harmony-fb","jstransform":"^6.1.0"},"keywords":["environment","variables","browserify","browserify-transform","transform","source","configuration"],"gitHead":"7782e8ba82cd8553d1e214ca93ad48cb8925e48c","bugs":{"url":"https://github.com/hughsk/envify/issues"},"homepage":"https://github.com/hughsk/envify","_id":"envify@3.0.0","_shasum":"af81202306f69df13845d0bfcb25a19abcb5f510","_from":".","_npmVersion":"1.4.23","_npmUser":{"name":"hughsk","email":"hughskennedy@gmail.com"},"maintainers":[{"name":"hughsk","email":"hughskennedy@gmail.com"}],"dist":{"shasum":"af81202306f69df13845d0bfcb25a19abcb5f510","tarball":"https://registry.npmjs.org/envify/-/envify-3.0.0.tgz"},"directories":{}},"3.1.0":{"name":"envify","version":"3.1.0","description":"Selectively replace Node-style environment variables with plain strings.","main":"index.js","scripts":{"test":"node test.js | tap-spec"},"bin":{"envify":"bin/envify"},"repository":{"type":"git","url":"git://github.com/hughsk/envify.git"},"author":{"name":"Hugh Kennedy","email":"hughskennedy@gmail.com","url":"http://hughskennedy.com/"},"license":"MIT","devDependencies":{"tap-spec":"^1.0.1","tape":"~2.3.2"},"dependencies":{"through":"~2.3.4","jstransform":"^7.0.0"},"keywords":["environment","variables","browserify","browserify-transform","transform","source","configuration"],"gitHead":"aab7d25eddda72f8471d4598f5468779f714dd59","bugs":{"url":"https://github.com/hughsk/envify/issues"},"homepage":"https://github.com/hughsk/envify","_id":"envify@3.1.0","_shasum":"623d77fd911c8a4287d31803e9182e256a513735","_from":".","_npmVersion":"1.4.28","_npmUser":{"name":"hughsk","email":"hughskennedy@gmail.com"},"maintainers":[{"name":"hughsk","email":"hughskennedy@gmail.com"}],"dist":{"shasum":"623d77fd911c8a4287d31803e9182e256a513735","tarball":"https://registry.npmjs.org/envify/-/envify-3.1.0.tgz"},"directories":{}},"3.2.0":{"name":"envify","version":"3.2.0","description":"Selectively replace Node-style environment variables with plain strings.","main":"index.js","scripts":{"test":"node test.js | tap-spec"},"bin":{"envify":"bin/envify"},"repository":{"type":"git","url":"git://github.com/hughsk/envify.git"},"author":{"name":"Hugh Kennedy","email":"hughskennedy@gmail.com","url":"http://hughskennedy.com/"},"license":"MIT","devDependencies":{"tap-spec":"^1.0.1","tape":"~2.3.2"},"dependencies":{"through":"~2.3.4","jstransform":"^7.0.0"},"keywords":["environment","variables","browserify","browserify-transform","transform","source","configuration"],"gitHead":"4d9ec383f50c4fe33b07d4d3fedb33768979799c","bugs":{"url":"https://github.com/hughsk/envify/issues"},"homepage":"https://github.com/hughsk/envify","_id":"envify@3.2.0","_shasum":"dda33c49ce4cc20efd1fda60dab9dd317c38ef7c","_from":".","_npmVersion":"2.1.7","_nodeVersion":"0.10.28","_npmUser":{"name":"hughsk","email":"hughskennedy@gmail.com"},"maintainers":[{"name":"hughsk","email":"hughskennedy@gmail.com"}],"dist":{"shasum":"dda33c49ce4cc20efd1fda60dab9dd317c38ef7c","tarball":"https://registry.npmjs.org/envify/-/envify-3.2.0.tgz"},"directories":{}},"3.3.0":{"name":"envify","version":"3.3.0","description":"Selectively replace Node-style environment variables with plain strings.","main":"index.js","scripts":{"test":"node test.js | tap-spec"},"bin":{"envify":"bin/envify"},"repository":{"type":"git","url":"git://github.com/hughsk/envify.git"},"author":{"name":"Hugh Kennedy","email":"hughskennedy@gmail.com","url":"http://hughskennedy.com/"},"license":"MIT","devDependencies":{"tap-spec":"^1.0.1","tape":"~2.3.2"},"dependencies":{"through":"~2.3.4","jstransform":"^10.0.1"},"keywords":["environment","variables","browserify","browserify-transform","transform","source","configuration"],"gitHead":"3d23a1a10d28ca8183412c84af651cc89c1abb14","bugs":{"url":"https://github.com/hughsk/envify/issues"},"homepage":"https://github.com/hughsk/envify","_id":"envify@3.3.0","_shasum":"dce620f1284e7684c404ff416738b5b3e756ecae","_from":".","_npmVersion":"2.5.0","_nodeVersion":"0.10.36","_npmUser":{"name":"hughsk","email":"hughskennedy@gmail.com"},"maintainers":[{"name":"hughsk","email":"hughskennedy@gmail.com"}],"dist":{"shasum":"dce620f1284e7684c404ff416738b5b3e756ecae","tarball":"https://registry.npmjs.org/envify/-/envify-3.3.0.tgz"},"directories":{}},"3.3.1":{"name":"envify","version":"3.3.1","description":"Selectively replace Node-style environment variables with plain strings.","main":"index.js","scripts":{"test":"node test.js | tap-spec"},"bin":{"envify":"bin/envify"},"repository":{"type":"git","url":"git://github.com/hughsk/envify.git"},"author":{"name":"Hugh Kennedy","email":"hughskennedy@gmail.com","url":"http://hughskennedy.com/"},"license":"MIT","devDependencies":{"tap-spec":"^1.0.1","tape":"~2.3.2"},"dependencies":{"through":"~2.3.4","jstransform":"^10.0.1"},"keywords":["environment","variables","browserify","browserify-transform","transform","source","configuration"],"gitHead":"3d748513dcd8da8dfa8db30e2d242dc6997f9756","bugs":{"url":"https://github.com/hughsk/envify/issues"},"homepage":"https://github.com/hughsk/envify","_id":"envify@3.3.1","_shasum":"2fc24698bb7de9367ca0a9bce5f828405fecf43e","_from":".","_npmVersion":"2.5.0","_nodeVersion":"0.10.36","_npmUser":{"name":"hughsk","email":"hughskennedy@gmail.com"},"maintainers":[{"name":"hughsk","email":"hughskennedy@gmail.com"},{"name":"zertosh","email":"zertosh@gmail.com"}],"dist":{"shasum":"2fc24698bb7de9367ca0a9bce5f828405fecf43e","tarball":"https://registry.npmjs.org/envify/-/envify-3.3.1.tgz"},"directories":{}},"3.4.0":{"name":"envify","version":"3.4.0","description":"Selectively replace Node-style environment variables with plain strings.","main":"index.js","scripts":{"test":"node test.js | tap-spec"},"bin":{"envify":"bin/envify"},"repository":{"type":"git","url":"git://github.com/hughsk/envify.git"},"author":{"name":"Hugh Kennedy","email":"hughskennedy@gmail.com","url":"http://hughskennedy.com/"},"license":"MIT","devDependencies":{"tap-spec":"^1.0.1","tape":"~2.3.2"},"dependencies":{"through":"~2.3.4","jstransform":"^10.0.1"},"keywords":["environment","variables","browserify","browserify-transform","transform","source","configuration"],"gitHead":"c42c2052e33f82b651a992686c3578639bf0339b","bugs":{"url":"https://github.com/hughsk/envify/issues"},"homepage":"https://github.com/hughsk/envify","_id":"envify@3.4.0","_shasum":"a0bed52222529076a02fabf6ce00eef42d7b6734","_from":".","_npmVersion":"1.4.28","_npmUser":{"name":"zertosh","email":"zertosh@gmail.com"},"maintainers":[{"name":"hughsk","email":"hughskennedy@gmail.com"},{"name":"zertosh","email":"zertosh@gmail.com"}],"dist":{"shasum":"a0bed52222529076a02fabf6ce00eef42d7b6734","tarball":"https://registry.npmjs.org/envify/-/envify-3.4.0.tgz"},"directories":{}}},"readme":"# envify  [![Build Status](https://secure.travis-ci.org/hughsk/envify.png?branch=master)](http://travis-ci.org/hughsk/envify) [![stable](http://hughsk.github.io/stability-badges/dist/stable.svg)](http://github.com/hughsk/stability-badges) #\n\nSelectively replace Node-style environment variables with plain strings.\nAvailable as a standalone CLI tool and a\n[Browserify](http://browserify.org) v2 transform.\n\nWorks best in combination with [uglifyify](http://github.com/hughsk/uglifyify).\n\n## Installation ##\n\nIf you're using the module with Browserify:\n\n``` bash\nnpm install envify browserify\n```\n\nOr, for the CLI:\n\n``` bash\nsudo npm install -g envify\n```\n\n## Usage ##\n\nenvify will replace your environment variable checks with ordinary strings -\nonly the variables you use will be included, so you don't have to worry about,\nsay, `AWS_SECRET_KEY` leaking through either. Take this example script:\n\n``` javascript\nif (process.env.NODE_ENV === \"development\") {\n  console.log('development only')\n}\n```\n\nAfter running it through envify with `NODE_ENV` set to `production`, you'll\nget this:\n\n``` javascript\nif (\"production\" === \"development\") {\n  console.log('development only')\n}\n```\n\nBy running this through a good minifier (e.g.\n[UglifyJS2](https://github.com/mishoo/UglifyJS)), the above code would be\nstripped out completely.\n\nHowever, if you bundled the same script with `NODE_ENV` set to `development`:\n\n``` javascript\nif (\"development\" === \"development\") {\n  console.log('development only')\n}\n```\n\nThe `if` statement will evaluate to `true`, so the code won't be removed.\n\n## CLI Usage ##\n\nWith browserify:\n\n``` bash\nbrowserify index.js -t envify > bundle.js\n```\n\nOr standalone:\n\n``` bash\nenvify index.js > bundle.js\n```\n\nYou can also specify additional custom environment variables using\nbrowserify's [subarg](http://github.com/substack/subarg) syntax, which is\navailable in versions 3.25.0 and above:\n\n``` bash\nbrowserify index.js -t [ envify --NODE_ENV development ] > bundle.js\nbrowserify index.js -t [ envify --NODE_ENV production  ] > bundle.js\n```\n\n## Module Usage ##\n\n**require('envify')**\n\nReturns a transform stream that updates based on the Node process'\n`process.env` object.\n\n**require('envify/custom')([environment])**\n\nIf you want to stay away from your environment variables, you can supply\nyour own object to use in its place:\n\n``` javascript\nvar browserify = require('browserify')\n  , envify = require('envify/custom')\n  , fs = require('fs')\n\nvar b = browserify('main.js')\n  , output = fs.createWriteStream('bundle.js')\n\nb.transform(envify({\n  NODE_ENV: 'development'\n}))\nb.bundle().pipe(output)\n```\n\n## Purging `process.env` ##\n\nBy default, environment variables that are not defined will be left untouched.\nThis is because in some cases, you might want to run an envify transform over\nyour source more than once, and removing these values would make that\nimpossible.\n\nHowever, if any references to `process.env` are remaining after transforming\nyour source with envify, browserify will automatically insert its shim for\nNode's process object, which will increase the size of your bundle. This weighs\nin at around 2KB, so if you're trying to be conservative with your bundle size\nyou can \"purge\" these remaining variables such that any missing ones are simply\nreplaced with undefined.\n\nTo do so through the command-line, simply use the subarg syntax and include\n`purge` after `envify`, e.g.:\n\n``` bash\nbrowserify index.js -t [ envify purge --NODE_ENV development ]\n```\n\nOr if you're using the module API, you can pass `_: \"purge\"` into your\narguments like so:\n\n``` javascript\nb.transform(envify({\n    _: 'purge'\n  , NODE_ENV: 'development'\n}))\n```\n\n## Contributors ##\n\n* [hughsk](http://github.com/hughsk)\n* [benjamn](http://github.com/benjamn)\n* [zag2art](http://github.com/zag2art)\n* [bjoerge](http://github.com/bjoerge)\n* [andreypopp](http://github.com/andreypopp)\n* [jupl](http://github.com/jupl)\n","maintainers":[{"name":"hughsk","email":"hughskennedy@gmail.com"},{"name":"zertosh","email":"zertosh@gmail.com"}],"time":{"modified":"2015-03-16T19:49:09.622Z","created":"2013-06-12T08:02:30.511Z","0.0.1":"2013-06-12T08:02:33.463Z","0.1.0":"2013-08-09T07:03:26.332Z","0.2.0":"2013-09-01T23:23:40.104Z","1.0.0":"2013-12-18T22:06:04.291Z","1.0.1":"2013-12-18T22:09:51.549Z","1.1.0":"2014-02-09T10:04:29.318Z","1.2.0":"2014-02-17T23:25:40.912Z","1.2.1":"2014-02-22T04:15:11.483Z","2.0.0":"2014-06-13T13:54:33.928Z","2.0.1":"2014-07-16T17:49:24.172Z","3.0.0":"2014-08-09T21:43:47.605Z","3.1.0":"2014-11-08T01:22:08.438Z","3.2.0":"2014-11-12T11:02:01.715Z","3.3.0":"2015-03-06T06:50:17.309Z","3.3.1":"2015-03-12T03:38:11.134Z","3.4.0":"2015-03-16T19:49:09.622Z"},"author":{"name":"Hugh Kennedy","email":"hughskennedy@gmail.com","url":"http://hughskennedy.com/"},"repository":{"type":"git","url":"git://github.com/hughsk/envify.git"},"readmeFilename":"README.md","homepage":"https://github.com/hughsk/envify","keywords":["environment","variables","browserify","browserify-transform","transform","source","configuration"],"bugs":{"url":"https://github.com/hughsk/envify/issues"},"license":"MIT","users":{"substack":true,"zeusdeux":true,"fourq":true,"wenbing":true,"jdpagley":true,"leonardorb":true,"x4devs":true,"sume0805":true,"kontrax":true,"iolo":true,"akiva":true,"jazoom":true,"edloidas":true,"nickleefly":true,"antixrist":true,"oblank":true,"tobiasnickel":true,"jytu":true,"gilini":true,"nickeltobias":true,"xieranmaya":true,"vasz":true},"_attachments":{},"_etag":"\"2CIY89ABERZN7OTW0D4XV5CLW\""}