{"_id":"warning","_rev":"12-dcdd6ae6668d9550af3d526735ea75d1","name":"warning","description":"A mirror of Facebook's Warning","dist-tags":{"latest":"2.1.0"},"versions":{"1.0.0":{"name":"warning","version":"1.0.0","description":"A mirror of Facebook's Warning","main":"warning.js","scripts":{"test":"echo 'you've been warned'"},"repository":{"type":"git","url":"https://github.com/r3dm/warning.git"},"keywords":["warning","facebook","react","invariant"],"author":{"name":"Berkeley Martinez","email":"berkeley@r3dm.com","url":"http://r3dm.com"},"license":"BSD","bugs":{"url":"https://github.com/r3dm/warning/issues"},"homepage":"https://github.com/r3dm/warning","gitHead":"d2785e5680c88143bba459e1db1c85e4ecca5086","_id":"warning@1.0.0","_shasum":"fdb5867eac00ce17214686a4efe6617d5c8e2aa8","_from":".","_npmVersion":"2.7.4","_nodeVersion":"1.6.3","_npmUser":{"name":"berkeleytrue","email":"berkeley@r3dm.com"},"maintainers":[{"name":"berkeleytrue","email":"berkeley@r3dm.com"}],"dist":{"shasum":"fdb5867eac00ce17214686a4efe6617d5c8e2aa8","tarball":"https://registry.npmjs.org/warning/-/warning-1.0.0.tgz"},"directories":{}},"1.0.1":{"name":"warning","version":"1.0.1","description":"A mirror of Facebook's Warning","main":"warning.js","scripts":{"test":"echo 'you've been warned'"},"repository":{"type":"git","url":"https://github.com/r3dm/warning.git"},"keywords":["warning","facebook","react","invariant"],"author":{"name":"Berkeley Martinez","email":"berkeley@r3dm.com","url":"http://r3dm.com"},"license":"BSD","bugs":{"url":"https://github.com/r3dm/warning/issues"},"homepage":"https://github.com/r3dm/warning","gitHead":"2acb7e49b0b9aa1ac52ff0761bbf3ca3db1b7a34","_id":"warning@1.0.1","_shasum":"58e9b758c0c79c10f8b13984a43c9195ec3e6f50","_from":".","_npmVersion":"2.7.5","_nodeVersion":"1.6.4","_npmUser":{"name":"berkeleytrue","email":"berkeley@robotie.com"},"maintainers":[{"name":"berkeleytrue","email":"berkeley@r3dm.com"}],"dist":{"shasum":"58e9b758c0c79c10f8b13984a43c9195ec3e6f50","tarball":"https://registry.npmjs.org/warning/-/warning-1.0.1.tgz"},"directories":{}},"1.0.2":{"name":"warning","version":"1.0.2","description":"A mirror of Facebook's Warning","main":"warning.js","scripts":{"test":"echo 'you've been warned'"},"repository":{"type":"git","url":"git+https://github.com/r3dm/warning.git"},"keywords":["warning","facebook","react","invariant"],"author":{"name":"Berkeley Martinez","email":"berkeley@r3dm.com","url":"http://r3dm.com"},"license":"BSD","bugs":{"url":"https://github.com/r3dm/warning/issues"},"homepage":"https://github.com/r3dm/warning","gitHead":"f6de4ea58115d650d6fda9e59d45063d7ea743ac","_id":"warning@1.0.2","_shasum":"5716cfb37147b4534b3e164480afffa6a255f0d9","_from":".","_npmVersion":"2.9.1","_nodeVersion":"1.6.4","_npmUser":{"name":"berkeleytrue","email":"berkeley@robotie.com"},"maintainers":[{"name":"berkeleytrue","email":"berkeley@r3dm.com"}],"dist":{"shasum":"5716cfb37147b4534b3e164480afffa6a255f0d9","tarball":"https://registry.npmjs.org/warning/-/warning-1.0.2.tgz"},"directories":{}},"2.0.0":{"name":"warning","version":"2.0.0","description":"A mirror of Facebook's Warning","main":"warning.js","browser":"browser.js","browserify":{"transform":["envify"]},"scripts":{"test":"echo 'you've been warned'"},"dependencies":{"envify":"^3.0.0"},"repository":{"type":"git","url":"git+https://github.com/r3dm/warning.git"},"keywords":["warning","facebook","react","invariant"],"author":{"name":"Berkeley Martinez","email":"berkeley@r3dm.com","url":"http://r3dm.com"},"license":"BSD-2-Clause","bugs":{"url":"https://github.com/r3dm/warning/issues"},"homepage":"https://github.com/r3dm/warning","gitHead":"0c3fa99bf47c0cd12b95db2b674c3da2d6115319","_id":"warning@2.0.0","_shasum":"34235ed1061fbe75fff52fd9be23d730d9b4b6e0","_from":".","_npmVersion":"2.11.1","_nodeVersion":"1.6.4","_npmUser":{"name":"berkeleytrue","email":"berkeley@robotie.com"},"maintainers":[{"name":"berkeleytrue","email":"berkeley@r3dm.com"}],"dist":{"shasum":"34235ed1061fbe75fff52fd9be23d730d9b4b6e0","tarball":"https://registry.npmjs.org/warning/-/warning-2.0.0.tgz"},"directories":{}},"2.1.0":{"name":"warning","version":"2.1.0","description":"A mirror of Facebook's Warning","main":"warning.js","browser":"browser.js","browserify":{"transform":["loose-envify"]},"files":["browser.js","warning.js"],"scripts":{"test":"NODE_ENV=production tap test/*.js && NODE_ENV=development tap test/*.js"},"dependencies":{"loose-envify":"^1.0.0"},"devDependencies":{"browserify":"^11.0.1","tap":"^1.4.0"},"repository":{"type":"git","url":"git+https://github.com/r3dm/warning.git"},"keywords":["warning","facebook","react","invariant"],"author":{"name":"Berkeley Martinez","email":"berkeley@r3dm.com","url":"http://r3dm.com"},"license":"BSD-2-Clause","bugs":{"url":"https://github.com/r3dm/warning/issues"},"homepage":"https://github.com/r3dm/warning","gitHead":"b7d56e3f6c21c3ee05af617222d16c7d80118443","_id":"warning@2.1.0","_shasum":"21220d9c63afc77a8c92111e011af705ce0c6901","_from":".","_npmVersion":"2.11.1","_nodeVersion":"1.6.4","_npmUser":{"name":"berkeleytrue","email":"berkeley@robotie.com"},"maintainers":[{"name":"berkeleytrue","email":"berkeley@r3dm.com"}],"dist":{"shasum":"21220d9c63afc77a8c92111e011af705ce0c6901","tarball":"https://registry.npmjs.org/warning/-/warning-2.1.0.tgz"},"directories":{}}},"readme":"# Warning\nA mirror of Facebook's Warning\n\n[![NPM](https://nodei.co/npm/warning.png?downloads=true)](https://npmjs.org/package/warning)\n\n\n## Usage\n```\nnpm install warning\n```\n\n```\n// some script\nvar warning = require('warning');\n\nvar ShouldBeTrue = false;\n\nwarning(ShouldBeTrue, 'This thing should be true but you set to false. No soup\nfor you!');\n//  'This thing should be true but you set to false. No soup for you!'\n```\n\nSimilar to Facebook's invariant but only logs a warning if the condition is not met.\nThis can be used to log issues in development environments in critical\npaths. Removing the logging code for production environments will keep the\nsame logic and follow the same code paths.\n\n## Browserify\n\nWhen using [browserify](http://browserify.org/), the `browser.js` file will be imported instead of `invariant.js` and browserify will be told to transform the file with [envify](https://github.com/hughsk/envify). The only difference between `browser.js` and `invariant.js` is the `process.env.NODE_ENV` variable isn't cached. This, in combination with envify and (optionally) [uglifyjs](https://github.com/mishoo/UglifyJS), will result in a noop in production environments. Otherwise behavior is as expected. \n\n<br>\n<br>\n<br>\n<br>\n<br>\n<br>\n<br>\n<br>\n<br>\n<br>\n<br>\n<br>\n<br>\n<br>\n<br>\n<br>\n<br>\n<small>Don't Forget To Be Awesome</small>\n","maintainers":[{"name":"berkeleytrue","email":"berkeley@r3dm.com"}],"time":{"modified":"2015-10-04T21:26:55.529Z","created":"2015-04-01T00:23:13.847Z","1.0.0":"2015-04-01T00:23:13.847Z","1.0.1":"2015-04-09T14:49:19.325Z","1.0.2":"2015-05-30T07:09:47.232Z","2.0.0":"2015-07-12T00:41:56.055Z","2.1.0":"2015-10-04T21:26:55.529Z"},"homepage":"https://github.com/r3dm/warning","keywords":["warning","facebook","react","invariant"],"repository":{"type":"git","url":"git+https://github.com/r3dm/warning.git"},"author":{"name":"Berkeley Martinez","email":"berkeley@r3dm.com","url":"http://r3dm.com"},"bugs":{"url":"https://github.com/r3dm/warning/issues"},"license":"BSD-2-Clause","readmeFilename":"README.md","users":{"wenbing":true,"nelix":true,"parkerproject":true,"lestad":true,"weifei365":true},"_attachments":{},"_etag":"\"EGNUBABR3XHEPDAHXG5NIUR0S\""}