{"_id":"fbjs","_rev":"52-5fddf08254e50e4a07fa31ce6272ac3d","name":"fbjs","dist-tags":{"latest":"0.8.1","next":"0.8.0-alpha.2"},"versions":{"0.0.0":{"name":"fbjs","version":"0.0.0","description":"","main":"index.js","scripts":{"test":"echo \"Error: no test specified\" && exit 1"},"author":"","_id":"fbjs@0.0.0","_shasum":"dbfc2ac96fbd89d1c660c71cba3f309c42b3d955","_from":".","_npmVersion":"2.11.0","_nodeVersion":"0.10.38","_npmUser":{"name":"zpao","email":"paul@oshannessy.com"},"maintainers":[{"name":"zpao","email":"paul@oshannessy.com"}],"dist":{"shasum":"dbfc2ac96fbd89d1c660c71cba3f309c42b3d955","tarball":"https://registry.npmjs.org/fbjs/-/fbjs-0.0.0.tgz"},"directories":{}},"0.1.0-alpha.0":{"name":"fbjs","version":"0.1.0-alpha.0","description":"## Purpose","main":"index.js","scripts":{"test":"NODE_ENV=test jest","build":"gulp build","prepublish":"npm run build"},"author":"","license":"BSD-3-Clause","devDependencies":{"babel":"^5.4.7","del":"^1.2.0","gulp":"^3.8.11","gulp-babel":"^5.1.0","gulp-flatten":"0.0.4","gulp-util":"^3.0.4","jest-cli":"^0.4.5","object-assign":"^2.0.0","run-sequence":"^1.1.0","through2":"^0.6.5"},"files":["LICENSE","PATENTS","README.md","index.js","lib/","module-map.json","scripts/"],"jest":{"rootDir":"","scriptPreprocessor":"scripts/jest/preprocessor.js","setupEnvScriptFile":"scripts/jest/environment.js","persistModuleRegistryBetweenSpecs":true,"modulePathIgnorePatterns":["/lib/","/node_modules/"],"preprocessorIgnorePatterns":["/node_modules/"],"testPathDirs":["<rootDir>/src"],"unmockedModulePathPatterns":[""]},"gitHead":"e86ba2e159433c08577c0767e0eecf3cd7c62398","_id":"fbjs@0.1.0-alpha.0","_shasum":"6b95163bfc90097ab36740b50927aa3ada560de6","_from":".","_npmVersion":"2.11.0","_nodeVersion":"0.10.38","_npmUser":{"name":"zpao","email":"paul@oshannessy.com"},"maintainers":[{"name":"zpao","email":"paul@oshannessy.com"},{"name":"spicyj","email":"ben@benalpert.com"}],"dist":{"shasum":"6b95163bfc90097ab36740b50927aa3ada560de6","tarball":"https://registry.npmjs.org/fbjs/-/fbjs-0.1.0-alpha.0.tgz"},"directories":{}},"0.1.0-alpha.1":{"name":"fbjs","version":"0.1.0-alpha.1","description":"## Purpose","main":"index.js","scripts":{"test":"NODE_ENV=test jest","build":"gulp build","prepublish":"npm run build"},"author":"","license":"BSD-3-Clause","devDependencies":{"babel":"^5.4.7","del":"^1.2.0","gulp":"^3.8.11","gulp-babel":"^5.1.0","gulp-flatten":"0.0.4","gulp-util":"^3.0.4","jest-cli":"^0.4.5","object-assign":"^2.0.0","run-sequence":"^1.1.0","through2":"^0.6.5"},"files":["LICENSE","PATENTS","README.md","index.js","lib/","module-map.json","scripts/"],"jest":{"rootDir":"","scriptPreprocessor":"scripts/jest/preprocessor.js","setupEnvScriptFile":"scripts/jest/environment.js","persistModuleRegistryBetweenSpecs":true,"modulePathIgnorePatterns":["/lib/","/node_modules/"],"preprocessorIgnorePatterns":["/node_modules/"],"testPathDirs":["<rootDir>/src"],"unmockedModulePathPatterns":[""]},"gitHead":"b527f649ad0b7bd65e3baa8e1778580eb190d5a6","_id":"fbjs@0.1.0-alpha.1","_shasum":"84f040b5af09f9ec6402c444c2dff4825f4339d6","_from":".","_npmVersion":"2.11.0","_nodeVersion":"0.10.38","_npmUser":{"name":"zpao","email":"paul@oshannessy.com"},"maintainers":[{"name":"zpao","email":"paul@oshannessy.com"},{"name":"spicyj","email":"ben@benalpert.com"}],"dist":{"shasum":"84f040b5af09f9ec6402c444c2dff4825f4339d6","tarball":"https://registry.npmjs.org/fbjs/-/fbjs-0.1.0-alpha.1.tgz"},"directories":{}},"0.1.0-alpha.2":{"name":"fbjs","version":"0.1.0-alpha.2","description":"## Purpose","main":"index.js","repository":{"type":"git","url":"git+https://github.com/facebook/fbjs.git"},"scripts":{"build":"gulp build","prepublish":"npm run build","test":"NODE_ENV=test jest"},"author":"","license":"BSD-3-Clause","devDependencies":{"babel":"^5.4.7","babel-plugin-flow-comments":"^1.0.9","del":"^1.2.0","gulp":"^3.8.11","gulp-babel":"^5.1.0","gulp-flatten":"0.0.4","gulp-util":"^3.0.4","jest-cli":"^0.4.5","object-assign":"^2.0.0","run-sequence":"^1.1.0","through2":"^0.6.5"},"files":["LICENSE","PATENTS","README.md","flow/","index.js","lib/","module-map.json","scripts/"],"jest":{"modulePathIgnorePatterns":["/lib/","/node_modules/"],"persistModuleRegistryBetweenSpecs":true,"preprocessorIgnorePatterns":["/node_modules/"],"rootDir":"","scriptPreprocessor":"scripts/jest/preprocessor.js","setupEnvScriptFile":"scripts/jest/environment.js","testPathDirs":["<rootDir>/src"],"unmockedModulePathPatterns":["<rootDir>/node_modules/","<rootDir>/src/(?!(__forks__/fetch.js$|fetch/))"]},"dependencies":{"es6-map":"^0.1.1","promise":"^7.0.3","whatwg-fetch":"^0.9.0"},"gitHead":"6fd79d912225e0b1f4bfb7843c47c2923369f529","bugs":{"url":"https://github.com/facebook/fbjs/issues"},"homepage":"https://github.com/facebook/fbjs#readme","_id":"fbjs@0.1.0-alpha.2","_shasum":"4f013881d078d65f23f79b477fb4e710af6882e3","_from":".","_npmVersion":"2.13.2","_nodeVersion":"0.10.40","_npmUser":{"name":"zpao","email":"paul@oshannessy.com"},"maintainers":[{"name":"zpao","email":"paul@oshannessy.com"},{"name":"spicyj","email":"ben@benalpert.com"}],"dist":{"shasum":"4f013881d078d65f23f79b477fb4e710af6882e3","tarball":"https://registry.npmjs.org/fbjs/-/fbjs-0.1.0-alpha.2.tgz"},"directories":{}},"0.1.0-alpha.3":{"name":"fbjs","version":"0.1.0-alpha.3","description":"## Purpose","main":"index.js","repository":{"type":"git","url":"git+https://github.com/facebook/fbjs.git"},"scripts":{"build":"gulp build","prepublish":"npm run build","test":"NODE_ENV=test jest"},"author":"","license":"BSD-3-Clause","devDependencies":{"babel":"^5.4.7","babel-plugin-flow-comments":"^1.0.9","del":"^1.2.0","gulp":"^3.8.11","gulp-babel":"^5.1.0","gulp-flatten":"0.0.4","gulp-util":"^3.0.4","jest-cli":"^0.4.5","object-assign":"^2.0.0","run-sequence":"^1.1.0","through2":"^0.6.5"},"files":["LICENSE","PATENTS","README.md","flow/","index.js","lib/","module-map.json","scripts/"],"jest":{"modulePathIgnorePatterns":["/lib/","/node_modules/"],"persistModuleRegistryBetweenSpecs":true,"preprocessorIgnorePatterns":["/node_modules/"],"rootDir":"","scriptPreprocessor":"scripts/jest/preprocessor.js","setupEnvScriptFile":"scripts/jest/environment.js","testPathDirs":["<rootDir>/src"],"unmockedModulePathPatterns":["<rootDir>/node_modules/","<rootDir>/src/(?!(__forks__/fetch.js$|fetch/))"]},"dependencies":{"core-js":"^1.0.0","promise":"^7.0.3","whatwg-fetch":"^0.9.0"},"gitHead":"f906eda26c8599054feb9ce38d2189cf7f3231b3","bugs":{"url":"https://github.com/facebook/fbjs/issues"},"homepage":"https://github.com/facebook/fbjs#readme","_id":"fbjs@0.1.0-alpha.3","_shasum":"2b1aa9f74e812402ee3333a0e2d166edecf98052","_from":".","_npmVersion":"2.13.2","_nodeVersion":"0.10.40","_npmUser":{"name":"zpao","email":"paul@oshannessy.com"},"maintainers":[{"name":"zpao","email":"paul@oshannessy.com"},{"name":"spicyj","email":"ben@benalpert.com"}],"dist":{"shasum":"2b1aa9f74e812402ee3333a0e2d166edecf98052","tarball":"https://registry.npmjs.org/fbjs/-/fbjs-0.1.0-alpha.3.tgz"},"directories":{}},"0.1.0-alpha.4":{"name":"fbjs","version":"0.1.0-alpha.4","description":"## Purpose","main":"index.js","repository":{"type":"git","url":"git+https://github.com/facebook/fbjs.git"},"scripts":{"build":"gulp build","prepublish":"npm run build","test":"NODE_ENV=test jest"},"author":"","license":"BSD-3-Clause","devDependencies":{"babel":"^5.4.7","del":"^1.2.0","gulp":"^3.8.11","gulp-babel":"^5.1.0","gulp-flatten":"0.0.4","gulp-util":"^3.0.4","jest-cli":"^0.4.5","object-assign":"^2.0.0","run-sequence":"^1.1.0","through2":"^0.6.5"},"files":["LICENSE","PATENTS","README.md","flow/","index.js","lib/","module-map.json","scripts/"],"jest":{"modulePathIgnorePatterns":["/lib/","/node_modules/"],"persistModuleRegistryBetweenSpecs":true,"preprocessorIgnorePatterns":["/node_modules/"],"rootDir":"","scriptPreprocessor":"scripts/jest/preprocessor.js","setupEnvScriptFile":"scripts/jest/environment.js","testPathDirs":["<rootDir>/src"],"unmockedModulePathPatterns":["<rootDir>/node_modules/","<rootDir>/src/(?!(__forks__/fetch.js$|fetch/))"]},"dependencies":{"core-js":"^1.0.0","promise":"^7.0.3","whatwg-fetch":"^0.9.0"},"gitHead":"3e71cf6dbad84dc333d12785ba55ad46af160662","bugs":{"url":"https://github.com/facebook/fbjs/issues"},"homepage":"https://github.com/facebook/fbjs#readme","_id":"fbjs@0.1.0-alpha.4","_shasum":"4d23b21a409379d506f35f71b179dc646eb5248c","_from":".","_npmVersion":"2.13.2","_nodeVersion":"0.10.40","_npmUser":{"name":"zpao","email":"paul@oshannessy.com"},"maintainers":[{"name":"zpao","email":"paul@oshannessy.com"},{"name":"spicyj","email":"ben@benalpert.com"}],"dist":{"shasum":"4d23b21a409379d506f35f71b179dc646eb5248c","tarball":"https://registry.npmjs.org/fbjs/-/fbjs-0.1.0-alpha.4.tgz"},"directories":{}},"0.1.0-alpha.5":{"name":"fbjs","version":"0.1.0-alpha.5","description":"## Purpose","main":"index.js","repository":{"type":"git","url":"git+https://github.com/facebook/fbjs.git"},"scripts":{"build":"gulp build","prepublish":"npm run build","test":"NODE_ENV=test jest"},"author":"","license":"BSD-3-Clause","devDependencies":{"babel":"^5.4.7","del":"^1.2.0","gulp":"^3.8.11","gulp-babel":"^5.1.0","gulp-flatten":"^0.1.1","gulp-util":"^3.0.4","jest-cli":"^0.4.5","object-assign":"^3.0.0","run-sequence":"^1.1.0","through2":"^2.0.0"},"files":["LICENSE","PATENTS","README.md","flow/","index.js","lib/","module-map.json","scripts/"],"jest":{"modulePathIgnorePatterns":["/lib/","/node_modules/"],"persistModuleRegistryBetweenSpecs":true,"preprocessorIgnorePatterns":["/node_modules/"],"rootDir":"","scriptPreprocessor":"scripts/jest/preprocessor.js","setupEnvScriptFile":"scripts/jest/environment.js","testPathDirs":["<rootDir>/src"],"unmockedModulePathPatterns":["<rootDir>/node_modules/","<rootDir>/src/(?!(__forks__/fetch.js$|fetch/))"]},"dependencies":{"core-js":"^1.0.0","promise":"^7.0.3","whatwg-fetch":"^0.9.0"},"gitHead":"c2cb8143ca70cbcde0ee4ae2785f7e28b7d833b6","bugs":{"url":"https://github.com/facebook/fbjs/issues"},"homepage":"https://github.com/facebook/fbjs#readme","_id":"fbjs@0.1.0-alpha.5","_shasum":"8d9e26e9ba1786b4b9c912f5f8031f003f33ae10","_from":".","_npmVersion":"2.13.2","_nodeVersion":"0.10.40","_npmUser":{"name":"zpao","email":"paul@oshannessy.com"},"maintainers":[{"name":"zpao","email":"paul@oshannessy.com"},{"name":"spicyj","email":"ben@benalpert.com"}],"dist":{"shasum":"8d9e26e9ba1786b4b9c912f5f8031f003f33ae10","tarball":"https://registry.npmjs.org/fbjs/-/fbjs-0.1.0-alpha.5.tgz"},"directories":{}},"0.1.0-alpha.6":{"name":"fbjs","version":"0.1.0-alpha.6","description":"## Purpose","main":"index.js","repository":{"type":"git","url":"git+https://github.com/facebook/fbjs.git"},"scripts":{"build":"gulp build","prepublish":"npm run build","test":"NODE_ENV=test jest"},"author":"","license":"BSD-3-Clause","devDependencies":{"babel":"^5.4.7","del":"^1.2.0","gulp":"^3.9.0","gulp-babel":"^5.1.0","gulp-flatten":"^0.1.1","gulp-util":"^3.0.4","jest-cli":"^0.4.5","merge-stream":"^0.1.8","object-assign":"^3.0.0","run-sequence":"^1.1.0","through2":"^2.0.0"},"files":["LICENSE","PATENTS","README.md","flow/","index.js","lib/","module-map.json","scripts/"],"jest":{"modulePathIgnorePatterns":["/lib/","/node_modules/"],"persistModuleRegistryBetweenSpecs":true,"preprocessorIgnorePatterns":["/node_modules/"],"rootDir":"","scriptPreprocessor":"scripts/jest/preprocessor.js","setupEnvScriptFile":"scripts/jest/environment.js","testPathDirs":["<rootDir>/src"],"unmockedModulePathPatterns":["<rootDir>/node_modules/","<rootDir>/src/(?!(__forks__/fetch.js$|fetch/))"]},"dependencies":{"core-js":"^1.0.0","promise":"^7.0.3","whatwg-fetch":"^0.9.0"},"gitHead":"a7e5e6e283778036950ac93cb7eb12ebd9723587","bugs":{"url":"https://github.com/facebook/fbjs/issues"},"homepage":"https://github.com/facebook/fbjs#readme","_id":"fbjs@0.1.0-alpha.6","_shasum":"b0d55a342223b1a2b13ed2caa721bbce13316b88","_from":".","_npmVersion":"2.13.2","_nodeVersion":"0.10.36","_npmUser":{"name":"yungsters","email":"yungsters@gmail.com"},"dist":{"shasum":"b0d55a342223b1a2b13ed2caa721bbce13316b88","tarball":"https://registry.npmjs.org/fbjs/-/fbjs-0.1.0-alpha.6.tgz"},"maintainers":[{"name":"zpao","email":"paul@oshannessy.com"},{"name":"spicyj","email":"ben@benalpert.com"},{"name":"yungsters","email":"yungsters@gmail.com"}],"directories":{}},"0.1.0-alpha.7":{"name":"fbjs","version":"0.1.0-alpha.7","description":"## Purpose","main":"index.js","repository":{"type":"git","url":"git+https://github.com/facebook/fbjs.git"},"scripts":{"build":"gulp build","prepublish":"npm run build","test":"NODE_ENV=test jest"},"author":"","license":"BSD-3-Clause","devDependencies":{"babel":"^5.4.7","del":"^1.2.0","gulp":"^3.9.0","gulp-babel":"^5.1.0","gulp-flatten":"^0.1.1","gulp-util":"^3.0.4","jest-cli":"^0.4.5","merge-stream":"^0.1.8","object-assign":"^3.0.0","run-sequence":"^1.1.0","through2":"^2.0.0"},"files":["LICENSE","PATENTS","README.md","flow/","index.js","lib/","module-map.json","scripts/"],"jest":{"modulePathIgnorePatterns":["/lib/","/node_modules/"],"persistModuleRegistryBetweenSpecs":true,"preprocessorIgnorePatterns":["/node_modules/"],"rootDir":"","scriptPreprocessor":"scripts/jest/preprocessor.js","setupEnvScriptFile":"scripts/jest/environment.js","testPathDirs":["<rootDir>/src"],"unmockedModulePathPatterns":["<rootDir>/node_modules/","<rootDir>/src/(?!(__forks__/fetch.js$|fetch/))"]},"dependencies":{"core-js":"^1.0.0","promise":"^7.0.3","whatwg-fetch":"^0.9.0"},"gitHead":"b4178abeb3c114acd1d4253557959121d59a18dd","bugs":{"url":"https://github.com/facebook/fbjs/issues"},"homepage":"https://github.com/facebook/fbjs#readme","_id":"fbjs@0.1.0-alpha.7","_shasum":"ad4308b8f232fb3c73603349ea725d1e9c39323c","_from":".","_npmVersion":"2.13.2","_nodeVersion":"0.10.36","_npmUser":{"name":"yungsters","email":"yungsters@gmail.com"},"dist":{"shasum":"ad4308b8f232fb3c73603349ea725d1e9c39323c","tarball":"https://registry.npmjs.org/fbjs/-/fbjs-0.1.0-alpha.7.tgz"},"maintainers":[{"name":"zpao","email":"paul@oshannessy.com"},{"name":"spicyj","email":"ben@benalpert.com"},{"name":"yungsters","email":"yungsters@gmail.com"}],"directories":{}},"0.1.0-alpha.8":{"name":"fbjs","version":"0.1.0-alpha.8","description":"## Purpose","main":"index.js","repository":{"type":"git","url":"git+https://github.com/facebook/fbjs.git"},"scripts":{"build":"gulp build","prepublish":"npm run build","test":"NODE_ENV=test jest"},"author":"","license":"BSD-3-Clause","devDependencies":{"babel":"^5.4.7","del":"^1.2.0","gulp":"^3.9.0","gulp-babel":"^5.1.0","gulp-flatten":"^0.1.1","gulp-util":"^3.0.4","jest-cli":"^0.5.0","merge-stream":"^0.1.8","object-assign":"^3.0.0","run-sequence":"^1.1.0","through2":"^2.0.0"},"files":["LICENSE","PATENTS","README.md","flow/","index.js","lib/","module-map.json","scripts/"],"jest":{"modulePathIgnorePatterns":["/lib/","/node_modules/"],"persistModuleRegistryBetweenSpecs":true,"preprocessorIgnorePatterns":["/node_modules/"],"rootDir":"","scriptPreprocessor":"scripts/jest/preprocessor.js","setupEnvScriptFile":"scripts/jest/environment.js","testPathDirs":["<rootDir>/src"],"unmockedModulePathPatterns":["<rootDir>/node_modules/","<rootDir>/src/(?!(__forks__/fetch.js$|fetch/))"]},"dependencies":{"core-js":"^1.0.0","promise":"^7.0.3","whatwg-fetch":"^0.9.0"},"gitHead":"8b7a2bc37c73e1b991a18730c3e934b2bc00f581","bugs":{"url":"https://github.com/facebook/fbjs/issues"},"homepage":"https://github.com/facebook/fbjs#readme","_id":"fbjs@0.1.0-alpha.8","_shasum":"52d62cf1c2333f4f286cdd3bbf3c220e1b112007","_from":".","_npmVersion":"2.13.3","_nodeVersion":"3.0.0","_npmUser":{"name":"yungsters","email":"yungsters@gmail.com"},"dist":{"shasum":"52d62cf1c2333f4f286cdd3bbf3c220e1b112007","tarball":"https://registry.npmjs.org/fbjs/-/fbjs-0.1.0-alpha.8.tgz"},"maintainers":[{"name":"zpao","email":"paul@oshannessy.com"},{"name":"spicyj","email":"ben@benalpert.com"},{"name":"yungsters","email":"yungsters@gmail.com"}],"directories":{}},"0.1.0-alpha.9":{"name":"fbjs","version":"0.1.0-alpha.9","description":"## Purpose","main":"index.js","repository":{"type":"git","url":"git+https://github.com/facebook/fbjs.git"},"scripts":{"build":"gulp build","prepublish":"npm run build","test":"NODE_ENV=test jest"},"author":"","license":"BSD-3-Clause","devDependencies":{"babel":"^5.4.7","del":"^1.2.0","gulp":"^3.9.0","gulp-babel":"^5.1.0","gulp-flatten":"^0.1.1","gulp-util":"^3.0.4","jest-cli":"^0.5.0","merge-stream":"^0.1.8","object-assign":"^3.0.0","run-sequence":"^1.1.0","through2":"^2.0.0"},"files":["LICENSE","PATENTS","README.md","flow/","index.js","lib/","module-map.json","scripts/"],"jest":{"modulePathIgnorePatterns":["/lib/","/node_modules/"],"persistModuleRegistryBetweenSpecs":true,"preprocessorIgnorePatterns":["/node_modules/"],"rootDir":"","scriptPreprocessor":"scripts/jest/preprocessor.js","setupEnvScriptFile":"scripts/jest/environment.js","testPathDirs":["<rootDir>/src"],"unmockedModulePathPatterns":["<rootDir>/node_modules/","<rootDir>/src/(?!(__forks__/fetch.js$|fetch/))"]},"dependencies":{"core-js":"^1.0.0","promise":"^7.0.3","whatwg-fetch":"^0.9.0"},"gitHead":"a05a49b5306f08fbb625bdd30bb086474af53488","bugs":{"url":"https://github.com/facebook/fbjs/issues"},"homepage":"https://github.com/facebook/fbjs#readme","_id":"fbjs@0.1.0-alpha.9","_shasum":"d1a291c98c10790ee2fc6dac2fb40f74c045571a","_from":".","_npmVersion":"2.13.3","_nodeVersion":"3.0.0","_npmUser":{"name":"yungsters","email":"yungsters@gmail.com"},"dist":{"shasum":"d1a291c98c10790ee2fc6dac2fb40f74c045571a","tarball":"https://registry.npmjs.org/fbjs/-/fbjs-0.1.0-alpha.9.tgz"},"maintainers":[{"name":"zpao","email":"paul@oshannessy.com"},{"name":"spicyj","email":"ben@benalpert.com"},{"name":"yungsters","email":"yungsters@gmail.com"}],"directories":{}},"0.1.0-alpha.10":{"name":"fbjs","version":"0.1.0-alpha.10","description":"## Purpose","main":"index.js","repository":{"type":"git","url":"git+https://github.com/facebook/fbjs.git"},"scripts":{"build":"gulp build","prepublish":"npm run build","test":"NODE_ENV=test jest","typecheck":"flow check src"},"author":"","license":"BSD-3-Clause","devDependencies":{"babel":"^5.4.7","del":"^1.2.0","flow-bin":"^0.14.0","gulp":"^3.9.0","gulp-babel":"^5.1.0","gulp-flatten":"^0.1.1","gulp-util":"^3.0.4","jest-cli":"^0.5.0","merge-stream":"^0.1.8","object-assign":"^3.0.0","run-sequence":"^1.1.0","through2":"^2.0.0"},"files":["LICENSE","PATENTS","README.md","flow/","index.js","lib/","module-map.json","scripts/"],"jest":{"modulePathIgnorePatterns":["/lib/","/node_modules/"],"persistModuleRegistryBetweenSpecs":true,"preprocessorIgnorePatterns":["/node_modules/"],"rootDir":"","scriptPreprocessor":"scripts/jest/preprocessor.js","setupEnvScriptFile":"scripts/jest/environment.js","testPathDirs":["<rootDir>/src"],"unmockedModulePathPatterns":["<rootDir>/node_modules/","<rootDir>/src/(?!(__forks__/fetch.js$|fetch/))"]},"dependencies":{"core-js":"^1.0.0","promise":"^7.0.3","whatwg-fetch":"^0.9.0"},"gitHead":"60cbf56fc5a794991e7b13beebc9559c8041cfc6","bugs":{"url":"https://github.com/facebook/fbjs/issues"},"homepage":"https://github.com/facebook/fbjs#readme","_id":"fbjs@0.1.0-alpha.10","_shasum":"46e457c09cbefb51fc752a3e030e7b67fcc384c8","_from":".","_npmVersion":"2.13.3","_nodeVersion":"3.0.0","_npmUser":{"name":"yungsters","email":"yungsters@gmail.com"},"dist":{"shasum":"46e457c09cbefb51fc752a3e030e7b67fcc384c8","tarball":"https://registry.npmjs.org/fbjs/-/fbjs-0.1.0-alpha.10.tgz"},"maintainers":[{"name":"zpao","email":"paul@oshannessy.com"},{"name":"spicyj","email":"ben@benalpert.com"},{"name":"yungsters","email":"yungsters@gmail.com"}],"directories":{}},"0.1.0-alpha.11":{"name":"fbjs","version":"0.1.0-alpha.11","description":"## Purpose","main":"index.js","repository":{"type":"git","url":"git+https://github.com/facebook/fbjs.git"},"scripts":{"build":"gulp build","prepublish":"npm run build","test":"NODE_ENV=test jest","typecheck":"flow check src"},"author":"","license":"BSD-3-Clause","devDependencies":{"babel":"^5.4.7","del":"^1.2.0","flow-bin":"^0.14.0","gulp":"^3.9.0","gulp-babel":"^5.1.0","gulp-flatten":"^0.1.1","gulp-util":"^3.0.4","jest-cli":"^0.5.0","merge-stream":"^0.1.8","object-assign":"^3.0.0","run-sequence":"^1.1.0","through2":"^2.0.0"},"files":["LICENSE","PATENTS","README.md","flow/","index.js","lib/","module-map.json","scripts/"],"jest":{"modulePathIgnorePatterns":["/lib/","/node_modules/"],"persistModuleRegistryBetweenSpecs":true,"preprocessorIgnorePatterns":["/node_modules/"],"rootDir":"","scriptPreprocessor":"scripts/jest/preprocessor.js","setupEnvScriptFile":"scripts/jest/environment.js","testPathDirs":["<rootDir>/src"],"unmockedModulePathPatterns":["<rootDir>/node_modules/","<rootDir>/src/(?!(__forks__/fetch.js$|fetch/))"]},"dependencies":{"core-js":"^1.0.0","promise":"^7.0.3","whatwg-fetch":"^0.9.0"},"gitHead":"f7c138e86e3f1338ab92cf5fff68ec26ffddb3ca","bugs":{"url":"https://github.com/facebook/fbjs/issues"},"homepage":"https://github.com/facebook/fbjs#readme","_id":"fbjs@0.1.0-alpha.11","_shasum":"71cd612e09e244d013b691ea04a8c77a1d07f6e1","_from":".","_npmVersion":"2.14.0","_nodeVersion":"3.0.0","_npmUser":{"name":"zpao","email":"paul@oshannessy.com"},"maintainers":[{"name":"fb","email":"opensource+npm@fb.com"},{"name":"spicyj","email":"ben@benalpert.com"},{"name":"yungsters","email":"yungsters@gmail.com"},{"name":"zpao","email":"paul@oshannessy.com"}],"dist":{"shasum":"71cd612e09e244d013b691ea04a8c77a1d07f6e1","tarball":"https://registry.npmjs.org/fbjs/-/fbjs-0.1.0-alpha.11.tgz"},"directories":{}},"0.1.0-alpha.12":{"name":"fbjs","version":"0.1.0-alpha.12","description":"## Purpose","main":"index.js","repository":{"type":"git","url":"git+https://github.com/facebook/fbjs.git"},"scripts":{"build":"gulp build","prepublish":"npm run build","test":"NODE_ENV=test jest","typecheck":"flow check src"},"author":"","license":"BSD-3-Clause","devDependencies":{"babel":"^5.4.7","del":"^1.2.0","flow-bin":"^0.14.0","gulp":"^3.9.0","gulp-babel":"^5.1.0","gulp-flatten":"^0.1.1","gulp-util":"^3.0.4","jest-cli":"^0.5.0","merge-stream":"^0.1.8","object-assign":"^3.0.0","run-sequence":"^1.1.0","through2":"^2.0.0"},"files":["LICENSE","PATENTS","README.md","flow/","index.js","lib/","module-map.json","scripts/"],"jest":{"modulePathIgnorePatterns":["/lib/","/node_modules/"],"persistModuleRegistryBetweenSpecs":true,"preprocessorIgnorePatterns":["/node_modules/"],"rootDir":"","scriptPreprocessor":"scripts/jest/preprocessor.js","setupEnvScriptFile":"scripts/jest/environment.js","testPathDirs":["<rootDir>/src"],"unmockedModulePathPatterns":["<rootDir>/node_modules/","<rootDir>/src/(?!(__forks__/fetch.js$|fetch/))"]},"dependencies":{"core-js":"^1.0.0","promise":"^7.0.3","whatwg-fetch":"^0.9.0"},"gitHead":"41cd335d5afb17eb7b188f3ecba76ee595ad92f5","bugs":{"url":"https://github.com/facebook/fbjs/issues"},"homepage":"https://github.com/facebook/fbjs#readme","_id":"fbjs@0.1.0-alpha.12","_shasum":"105fa2a15afbb47eb10e092e501a9e6daf6c87d2","_from":".","_npmVersion":"2.14.0","_nodeVersion":"3.0.0","_npmUser":{"name":"zpao","email":"paul@oshannessy.com"},"maintainers":[{"name":"fb","email":"opensource+npm@fb.com"},{"name":"spicyj","email":"ben@benalpert.com"},{"name":"yungsters","email":"yungsters@gmail.com"},{"name":"zpao","email":"paul@oshannessy.com"}],"dist":{"shasum":"105fa2a15afbb47eb10e092e501a9e6daf6c87d2","tarball":"https://registry.npmjs.org/fbjs/-/fbjs-0.1.0-alpha.12.tgz"},"directories":{}},"0.2.0":{"name":"fbjs","version":"0.2.0","description":"## Purpose","main":"index.js","repository":{"type":"git","url":"git+https://github.com/facebook/fbjs.git"},"scripts":{"build":"gulp build","prepublish":"npm run build","pretest":"node node_modules/fbjs-scripts/node/check-dev-engines.js package.json","test":"NODE_ENV=test jest","typecheck":"flow check src"},"author":"","license":"BSD-3-Clause","devDependencies":{"babel":"^5.4.7","del":"^1.2.0","fbjs-scripts":"file:scripts","flow-bin":"^0.14.0","gulp":"^3.9.0","gulp-babel":"^5.1.0","gulp-flatten":"^0.1.1","jest-cli":"^0.5.0","merge-stream":"^0.1.8","object-assign":"^3.0.0","run-sequence":"^1.1.0"},"files":["LICENSE","PATENTS","README.md","flow/","index.js","lib/","module-map.json"],"jest":{"modulePathIgnorePatterns":["/lib/","/node_modules/"],"persistModuleRegistryBetweenSpecs":true,"preprocessorIgnorePatterns":["/node_modules/"],"rootDir":"","scriptPreprocessor":"scripts/jest/preprocessor.js","setupEnvScriptFile":"scripts/jest/environment.js","testPathDirs":["<rootDir>/src"],"unmockedModulePathPatterns":["<rootDir>/node_modules/","<rootDir>/src/(?!(__forks__/fetch.js$|fetch/))"]},"dependencies":{"core-js":"^1.0.0","promise":"^7.0.3","whatwg-fetch":"^0.9.0"},"devEngines":{"node":"3.x","npm":"2.x"},"gitHead":"cb1f3026bcc3852616fad85b8aa12dca554fb093","bugs":{"url":"https://github.com/facebook/fbjs/issues"},"homepage":"https://github.com/facebook/fbjs#readme","_id":"fbjs@0.2.0","_shasum":"1a3cb400e4525dcc9a46793fab2226c43dd1e959","_from":".","_npmVersion":"2.14.0","_nodeVersion":"3.0.0","_npmUser":{"name":"zpao","email":"paul@oshannessy.com"},"maintainers":[{"name":"fb","email":"opensource+npm@fb.com"},{"name":"spicyj","email":"ben@benalpert.com"},{"name":"yungsters","email":"yungsters@gmail.com"},{"name":"zpao","email":"paul@oshannessy.com"}],"dist":{"shasum":"1a3cb400e4525dcc9a46793fab2226c43dd1e959","tarball":"https://registry.npmjs.org/fbjs/-/fbjs-0.2.0.tgz"},"directories":{}},"0.2.1":{"name":"fbjs","version":"0.2.1","description":"## Purpose","main":"index.js","repository":{"type":"git","url":"git+https://github.com/facebook/fbjs.git"},"scripts":{"build":"gulp build","prepublish":"npm run build","pretest":"node node_modules/fbjs-scripts/node/check-dev-engines.js package.json","test":"NODE_ENV=test jest","typecheck":"flow check src"},"author":"","license":"BSD-3-Clause","devDependencies":{"babel":"^5.4.7","del":"^1.2.0","fbjs-scripts":"file:scripts","flow-bin":"^0.14.0","gulp":"^3.9.0","gulp-babel":"^5.1.0","gulp-flatten":"^0.1.1","jest-cli":"^0.5.0","merge-stream":"^0.1.8","object-assign":"^3.0.0","run-sequence":"^1.1.0"},"files":["LICENSE","PATENTS","README.md","flow/","index.js","lib/","module-map.json"],"jest":{"modulePathIgnorePatterns":["/lib/","/node_modules/"],"persistModuleRegistryBetweenSpecs":true,"preprocessorIgnorePatterns":["/node_modules/"],"rootDir":"","scriptPreprocessor":"scripts/jest/preprocessor.js","setupEnvScriptFile":"scripts/jest/environment.js","testPathDirs":["<rootDir>/src"],"unmockedModulePathPatterns":["<rootDir>/node_modules/","<rootDir>/src/(?!(__forks__/fetch.js$|fetch/))"]},"dependencies":{"core-js":"^1.0.0","promise":"^7.0.3","whatwg-fetch":"^0.9.0"},"devEngines":{"node":"3.x","npm":"2.x"},"gitHead":"8467daf6a66b51f43590775854cfa53b4dad0f40","bugs":{"url":"https://github.com/facebook/fbjs/issues"},"homepage":"https://github.com/facebook/fbjs#readme","_id":"fbjs@0.2.1","_shasum":"622061630a43e11f845017b9044aaa648ed3f731","_from":".","_npmVersion":"2.13.3","_nodeVersion":"3.0.0","_npmUser":{"name":"yungsters","email":"yungsters@gmail.com"},"dist":{"shasum":"622061630a43e11f845017b9044aaa648ed3f731","tarball":"https://registry.npmjs.org/fbjs/-/fbjs-0.2.1.tgz"},"maintainers":[{"name":"fb","email":"opensource+npm@fb.com"},{"name":"spicyj","email":"ben@benalpert.com"},{"name":"yungsters","email":"yungsters@gmail.com"},{"name":"zpao","email":"paul@oshannessy.com"}],"directories":{}},"0.3.1":{"name":"fbjs","version":"0.3.1","description":"## Purpose","main":"index.js","repository":{"type":"git","url":"git+https://github.com/facebook/fbjs.git"},"scripts":{"build":"gulp build","lint":"eslint .","prepublish":"npm run build","pretest":"node node_modules/fbjs-scripts/node/check-dev-engines.js package.json","test":"NODE_ENV=test jest","typecheck":"flow check src"},"author":"","license":"BSD-3-Clause","devDependencies":{"babel":"^5.4.7","babel-eslint":"^4.1.3","del":"^1.2.1","eslint":"^1.5.0","fbjs-scripts":"file:scripts","flow-bin":"^0.16.0","gulp":"^3.9.0","gulp-babel":"^5.1.0","gulp-flatten":"^0.2.0","jest-cli":"^0.5.0","merge-stream":"^1.0.0","object-assign":"^4.0.1","run-sequence":"^1.1.0"},"files":["LICENSE","PATENTS","README.md","flow/","index.js","lib/","module-map.json"],"jest":{"modulePathIgnorePatterns":["/lib/","/node_modules/"],"persistModuleRegistryBetweenSpecs":true,"preprocessorIgnorePatterns":["/node_modules/"],"rootDir":"","scriptPreprocessor":"node_modules/fbjs-scripts/jest/preprocessor.js","setupEnvScriptFile":"node_modules/fbjs-scripts/jest/environment.js","testPathDirs":["<rootDir>/src"],"unmockedModulePathPatterns":["<rootDir>/node_modules/","<rootDir>/src/(?!(__forks__/fetch.js$|fetch/))"]},"dependencies":{"core-js":"^1.0.0","promise":"^7.0.3","ua-parser-js":"^0.7.9","whatwg-fetch":"^0.9.0"},"devEngines":{"node":">=3","npm":"2.x"},"gitHead":"5d56f661425fba36ec4b68f89f9d2546c8651201","bugs":{"url":"https://github.com/facebook/fbjs/issues"},"homepage":"https://github.com/facebook/fbjs#readme","_id":"fbjs@0.3.1","_shasum":"8851a5a85cbdfdd777057a282c3494d7f1507323","_from":".","_npmVersion":"2.14.3","_nodeVersion":"4.1.0","_npmUser":{"name":"zpao","email":"paul@oshannessy.com"},"maintainers":[{"name":"fb","email":"opensource+npm@fb.com"},{"name":"josephsavona","email":"joesavona@fb.com"},{"name":"spicyj","email":"ben@benalpert.com"},{"name":"steveluscher","email":"steveluscher@fb.com"},{"name":"wincent","email":"greg@hurrell.net"},{"name":"yungsters","email":"yungsters@gmail.com"},{"name":"yuzhi","email":"yuzhi.z@gmail.com"},{"name":"zpao","email":"paul@oshannessy.com"}],"dist":{"shasum":"8851a5a85cbdfdd777057a282c3494d7f1507323","tarball":"https://registry.npmjs.org/fbjs/-/fbjs-0.3.1.tgz"},"directories":{}},"0.3.2":{"name":"fbjs","version":"0.3.2","description":"## Purpose","main":"index.js","repository":{"type":"git","url":"git+https://github.com/facebook/fbjs.git"},"scripts":{"build":"gulp build","lint":"eslint .","prepublish":"npm run build","pretest":"node node_modules/fbjs-scripts/node/check-dev-engines.js package.json","test":"NODE_ENV=test jest","typecheck":"flow check src"},"author":"","license":"BSD-3-Clause","devDependencies":{"babel":"^5.4.7","babel-eslint":"^4.1.3","del":"^1.2.1","eslint":"^1.5.0","fbjs-scripts":"file:scripts","flow-bin":"^0.16.0","gulp":"^3.9.0","gulp-babel":"^5.1.0","gulp-flatten":"^0.2.0","jest-cli":"^0.5.0","merge-stream":"^1.0.0","object-assign":"^4.0.1","run-sequence":"^1.1.0"},"files":["LICENSE","PATENTS","README.md","flow/","index.js","lib/","module-map.json"],"jest":{"modulePathIgnorePatterns":["/lib/","/node_modules/"],"persistModuleRegistryBetweenSpecs":true,"preprocessorIgnorePatterns":["/node_modules/"],"rootDir":"","scriptPreprocessor":"node_modules/fbjs-scripts/jest/preprocessor.js","setupEnvScriptFile":"node_modules/fbjs-scripts/jest/environment.js","testPathDirs":["<rootDir>/src"],"unmockedModulePathPatterns":["<rootDir>/node_modules/","<rootDir>/src/(?!(__forks__/fetch.js$|fetch/))"]},"dependencies":{"core-js":"^1.0.0","loose-envify":"^1.0.0","promise":"^7.0.3","ua-parser-js":"^0.7.9","whatwg-fetch":"^0.9.0"},"devEngines":{"node":">=3","npm":"2.x"},"browserify":{"transform":["loose-envify"]},"gitHead":"c9fe8a39884f3adfb38bbf47f1e2b03a1806d056","bugs":{"url":"https://github.com/facebook/fbjs/issues"},"homepage":"https://github.com/facebook/fbjs#readme","_id":"fbjs@0.3.2","_shasum":"033a540595084b5de3509a405d06f1a2a8e5b9fb","_from":".","_npmVersion":"2.14.3","_nodeVersion":"4.1.0","_npmUser":{"name":"zpao","email":"paul@oshannessy.com"},"maintainers":[{"name":"fb","email":"opensource+npm@fb.com"},{"name":"josephsavona","email":"joesavona@fb.com"},{"name":"spicyj","email":"ben@benalpert.com"},{"name":"steveluscher","email":"steveluscher@fb.com"},{"name":"wincent","email":"greg@hurrell.net"},{"name":"yungsters","email":"yungsters@gmail.com"},{"name":"yuzhi","email":"yuzhi.z@gmail.com"},{"name":"zpao","email":"paul@oshannessy.com"}],"dist":{"shasum":"033a540595084b5de3509a405d06f1a2a8e5b9fb","tarball":"https://registry.npmjs.org/fbjs/-/fbjs-0.3.2.tgz"},"directories":{}},"0.4.0":{"name":"fbjs","version":"0.4.0","description":"A collection of utility libraries used by other Facebook JS projects","main":"index.js","repository":{"type":"git","url":"git+https://github.com/facebook/fbjs.git"},"scripts":{"build":"gulp build","lint":"eslint .","prepublish":"npm run build","pretest":"node node_modules/fbjs-scripts/node/check-dev-engines.js package.json","test":"NODE_ENV=test jest","typecheck":"flow check src"},"author":"","license":"BSD-3-Clause","devDependencies":{"babel":"^5.4.7","babel-eslint":"^4.1.3","del":"^1.2.1","eslint":"^1.5.0","fbjs-scripts":"file:scripts","flow-bin":"^0.16.0","gulp":"^3.9.0","gulp-babel":"^5.1.0","gulp-flatten":"^0.2.0","jest-cli":"^0.5.0","merge-stream":"^1.0.0","object-assign":"^4.0.1","run-sequence":"^1.1.0"},"files":["LICENSE","PATENTS","README.md","flow/","index.js","lib/","module-map.json"],"jest":{"modulePathIgnorePatterns":["/lib/","/node_modules/"],"persistModuleRegistryBetweenSpecs":true,"preprocessorIgnorePatterns":["/node_modules/"],"rootDir":"","scriptPreprocessor":"node_modules/fbjs-scripts/jest/preprocessor.js","setupEnvScriptFile":"node_modules/fbjs-scripts/jest/environment.js","testPathDirs":["<rootDir>/src"],"unmockedModulePathPatterns":["<rootDir>/node_modules/","<rootDir>/src/(?!(__forks__/fetch.js$|fetch/))"]},"dependencies":{"core-js":"^1.0.0","loose-envify":"^1.0.0","promise":"^7.0.3","ua-parser-js":"^0.7.9","whatwg-fetch":"^0.9.0"},"devEngines":{"node":">=3","npm":"2.x"},"browserify":{"transform":["loose-envify"]},"gitHead":"82fdc0140cc91f62560a864b9aaf8da1aa8d8418","bugs":{"url":"https://github.com/facebook/fbjs/issues"},"homepage":"https://github.com/facebook/fbjs#readme","_id":"fbjs@0.4.0","_shasum":"c57686100a40d450ec244ed0c44a3093f72af71c","_from":".","_npmVersion":"2.14.2","_nodeVersion":"4.0.0","_npmUser":{"name":"yungsters","email":"yungsters@gmail.com"},"dist":{"shasum":"c57686100a40d450ec244ed0c44a3093f72af71c","tarball":"https://registry.npmjs.org/fbjs/-/fbjs-0.4.0.tgz"},"maintainers":[{"name":"fb","email":"opensource+npm@fb.com"},{"name":"josephsavona","email":"joesavona@fb.com"},{"name":"spicyj","email":"ben@benalpert.com"},{"name":"steveluscher","email":"steveluscher@fb.com"},{"name":"wincent","email":"greg@hurrell.net"},{"name":"yungsters","email":"yungsters@gmail.com"},{"name":"yuzhi","email":"yuzhi.z@gmail.com"},{"name":"zpao","email":"paul@oshannessy.com"}],"directories":{}},"0.5.0":{"name":"fbjs","version":"0.5.0","description":"A collection of utility libraries used by other Facebook JS projects","main":"index.js","repository":{"type":"git","url":"git+https://github.com/facebook/fbjs.git"},"scripts":{"build":"gulp build","lint":"eslint .","prepublish":"npm run build","pretest":"node node_modules/fbjs-scripts/node/check-dev-engines.js package.json","test":"NODE_ENV=test jest","typecheck":"flow check src"},"author":"","license":"BSD-3-Clause","devDependencies":{"babel":"^5.4.7","babel-eslint":"^4.1.3","del":"^1.2.1","eslint":"^1.5.0","fbjs-scripts":"file:scripts","flow-bin":"^0.18.1","gulp":"^3.9.0","gulp-babel":"^5.1.0","gulp-flatten":"^0.2.0","jest-cli":"^0.7.1","merge-stream":"^1.0.0","object-assign":"^4.0.1","run-sequence":"^1.1.0"},"files":["LICENSE","PATENTS","README.md","flow/","index.js","lib/","module-map.json"],"jest":{"modulePathIgnorePatterns":["/lib/","/node_modules/"],"persistModuleRegistryBetweenSpecs":true,"preprocessorIgnorePatterns":["/node_modules/"],"rootDir":"","scriptPreprocessor":"node_modules/fbjs-scripts/jest/preprocessor.js","setupEnvScriptFile":"node_modules/fbjs-scripts/jest/environment.js","testPathDirs":["<rootDir>/src"],"unmockedModulePathPatterns":["<rootDir>/node_modules/","<rootDir>/src/(?!(__forks__/fetch.js$|fetch/))"]},"dependencies":{"core-js":"^1.0.0","loose-envify":"^1.0.0","promise":"^7.0.3","ua-parser-js":"^0.7.9","whatwg-fetch":"^0.9.0"},"devEngines":{"node":">=3","npm":"2.x"},"browserify":{"transform":["loose-envify"]},"gitHead":"cef5eeaa0960630e37a4b61b856c2b965b38df46","bugs":{"url":"https://github.com/facebook/fbjs/issues"},"homepage":"https://github.com/facebook/fbjs#readme","_id":"fbjs@0.5.0","_shasum":"a7d8cde2ee149f18c098a3f06edbd772731ca27a","_from":".","_npmVersion":"2.14.4","_nodeVersion":"4.1.1","_npmUser":{"name":"steveluscher","email":"steveluscher@fb.com"},"dist":{"shasum":"a7d8cde2ee149f18c098a3f06edbd772731ca27a","tarball":"https://registry.npmjs.org/fbjs/-/fbjs-0.5.0.tgz"},"maintainers":[{"name":"fb","email":"opensource+npm@fb.com"},{"name":"josephsavona","email":"joesavona@fb.com"},{"name":"spicyj","email":"ben@benalpert.com"},{"name":"steveluscher","email":"steveluscher@fb.com"},{"name":"wincent","email":"greg@hurrell.net"},{"name":"yungsters","email":"yungsters@gmail.com"},{"name":"yuzhi","email":"yuzhi.z@gmail.com"},{"name":"zpao","email":"paul@oshannessy.com"}],"directories":{}},"0.5.1":{"name":"fbjs","version":"0.5.1","description":"A collection of utility libraries used by other Facebook JS projects","main":"index.js","repository":{"type":"git","url":"git+https://github.com/facebook/fbjs.git"},"scripts":{"build":"gulp build","lint":"eslint .","prepublish":"npm run build","pretest":"node node_modules/fbjs-scripts/node/check-dev-engines.js package.json","test":"NODE_ENV=test jest","typecheck":"flow check src"},"author":"","license":"BSD-3-Clause","devDependencies":{"babel":"^5.4.7","babel-eslint":"^4.1.3","del":"^1.2.1","eslint":"^1.5.0","fbjs-scripts":"file:scripts","flow-bin":"^0.18.1","gulp":"^3.9.0","gulp-babel":"^5.1.0","gulp-flatten":"^0.2.0","jest-cli":"^0.7.1","merge-stream":"^1.0.0","object-assign":"^4.0.1","run-sequence":"^1.1.0"},"files":["LICENSE","PATENTS","README.md","flow/","index.js","lib/","module-map.json"],"jest":{"modulePathIgnorePatterns":["/lib/","/node_modules/"],"persistModuleRegistryBetweenSpecs":true,"preprocessorIgnorePatterns":["/node_modules/"],"rootDir":"","scriptPreprocessor":"node_modules/fbjs-scripts/jest/preprocessor.js","setupEnvScriptFile":"node_modules/fbjs-scripts/jest/environment.js","testPathDirs":["<rootDir>/src"],"unmockedModulePathPatterns":["<rootDir>/node_modules/","<rootDir>/src/(?!(__forks__/fetch.js$|fetch/))"]},"dependencies":{"core-js":"^1.0.0","loose-envify":"^1.0.0","promise":"^7.0.3","ua-parser-js":"^0.7.9","whatwg-fetch":"^0.9.0"},"devEngines":{"node":">=3","npm":"2.x"},"browserify":{"transform":["loose-envify"]},"gitHead":"8c32ee0bba99be772e7263568a0a7f20e3b75ef4","bugs":{"url":"https://github.com/facebook/fbjs/issues"},"homepage":"https://github.com/facebook/fbjs#readme","_id":"fbjs@0.5.1","_shasum":"db17fe609777a17a25b6c8b045303adad3339203","_from":".","_npmVersion":"3.3.6","_nodeVersion":"5.0.0","_npmUser":{"name":"yungsters","email":"yungsters@gmail.com"},"dist":{"shasum":"db17fe609777a17a25b6c8b045303adad3339203","tarball":"https://registry.npmjs.org/fbjs/-/fbjs-0.5.1.tgz"},"maintainers":[{"name":"fb","email":"opensource+npm@fb.com"},{"name":"josephsavona","email":"joesavona@fb.com"},{"name":"spicyj","email":"ben@benalpert.com"},{"name":"steveluscher","email":"steveluscher@fb.com"},{"name":"wincent","email":"greg@hurrell.net"},{"name":"yungsters","email":"yungsters@gmail.com"},{"name":"yuzhi","email":"yuzhi.z@gmail.com"},{"name":"zpao","email":"paul@oshannessy.com"}],"directories":{}},"0.6.0":{"name":"fbjs","version":"0.6.0","description":"A collection of utility libraries used by other Facebook JS projects","main":"index.js","repository":{"type":"git","url":"git+https://github.com/facebook/fbjs.git"},"scripts":{"build":"gulp build","lint":"eslint .","prepublish":"npm run build","pretest":"node node_modules/fbjs-scripts/node/check-dev-engines.js package.json","test":"NODE_ENV=test jest","typecheck":"flow check src"},"author":"","license":"BSD-3-Clause","devDependencies":{"babel":"^5.4.7","babel-eslint":"4.1.5","del":"^1.2.1","eslint":"1.10.3","fbjs-scripts":"file:scripts","flow-bin":"^0.18.1","gulp":"^3.9.0","gulp-babel":"^5.1.0","gulp-flatten":"^0.2.0","gulp-rename":"^1.2.2","jest-cli":"^0.7.1","merge-stream":"^1.0.0","object-assign":"^4.0.1","run-sequence":"^1.1.0"},"files":["LICENSE","PATENTS","README.md","flow/","index.js","lib/","module-map.json"],"jest":{"modulePathIgnorePatterns":["/lib/","/node_modules/"],"persistModuleRegistryBetweenSpecs":true,"preprocessorIgnorePatterns":["/node_modules/"],"rootDir":"","scriptPreprocessor":"node_modules/fbjs-scripts/jest/preprocessor.js","setupEnvScriptFile":"node_modules/fbjs-scripts/jest/environment.js","testPathDirs":["<rootDir>/src"],"unmockedModulePathPatterns":["<rootDir>/node_modules/","<rootDir>/src/(?!(__forks__/fetch.js$|fetch/))"]},"dependencies":{"core-js":"^1.0.0","loose-envify":"^1.0.0","promise":"^7.0.3","ua-parser-js":"^0.7.9","whatwg-fetch":"^0.9.0"},"devEngines":{"node":">=3","npm":"2.x"},"browserify":{"transform":["loose-envify"]},"gitHead":"e8b9c03f720370ac5ef465e3e2bd919cae53da34","bugs":{"url":"https://github.com/facebook/fbjs/issues"},"homepage":"https://github.com/facebook/fbjs#readme","_id":"fbjs@0.6.0","_shasum":"c761addd240e08c1a6154919d1ecc6fe8a2a53fe","_from":".","_npmVersion":"2.14.15","_nodeVersion":"4.2.2","_npmUser":{"name":"zpao","email":"paul@oshannessy.com"},"maintainers":[{"name":"fb","email":"opensource+npm@fb.com"},{"name":"josephsavona","email":"joesavona@fb.com"},{"name":"spicyj","email":"ben@benalpert.com"},{"name":"steveluscher","email":"steveluscher@fb.com"},{"name":"wincent","email":"greg@hurrell.net"},{"name":"yungsters","email":"yungsters@gmail.com"},{"name":"yuzhi","email":"yuzhi.z@gmail.com"},{"name":"zpao","email":"paul@oshannessy.com"}],"dist":{"shasum":"c761addd240e08c1a6154919d1ecc6fe8a2a53fe","tarball":"https://registry.npmjs.org/fbjs/-/fbjs-0.6.0.tgz"},"directories":{}},"0.6.1":{"name":"fbjs","version":"0.6.1","description":"A collection of utility libraries used by other Facebook JS projects","main":"index.js","repository":{"type":"git","url":"git+https://github.com/facebook/fbjs.git"},"scripts":{"build":"gulp build","lint":"eslint .","prepublish":"npm run build","pretest":"node node_modules/fbjs-scripts/node/check-dev-engines.js package.json","test":"NODE_ENV=test jest","typecheck":"flow check src"},"author":"","license":"BSD-3-Clause","devDependencies":{"babel":"^5.4.7","babel-eslint":"4.1.5","del":"^1.2.1","eslint":"1.10.3","fbjs-scripts":"file:scripts","flow-bin":"^0.18.1","gulp":"^3.9.0","gulp-babel":"^5.1.0","gulp-flatten":"^0.2.0","gulp-rename":"^1.2.2","jest-cli":"^0.7.1","merge-stream":"^1.0.0","object-assign":"^4.0.1","run-sequence":"^1.1.0"},"files":["LICENSE","PATENTS","README.md","flow/","index.js","lib/","module-map.json"],"jest":{"modulePathIgnorePatterns":["/lib/","/node_modules/"],"persistModuleRegistryBetweenSpecs":true,"preprocessorIgnorePatterns":["/node_modules/"],"rootDir":"","scriptPreprocessor":"node_modules/fbjs-scripts/jest/preprocessor.js","setupEnvScriptFile":"node_modules/fbjs-scripts/jest/environment.js","testPathDirs":["<rootDir>/src"],"unmockedModulePathPatterns":["<rootDir>/node_modules/","<rootDir>/src/(?!(__forks__/fetch.js$|fetch/))"]},"dependencies":{"core-js":"^1.0.0","loose-envify":"^1.0.0","promise":"^7.0.3","ua-parser-js":"^0.7.9","whatwg-fetch":"^0.9.0"},"devEngines":{"node":">=3","npm":"2.x"},"browserify":{"transform":["loose-envify"]},"gitHead":"931049ef91e4b67fac7e7fb945c2c2c6d8680d74","bugs":{"url":"https://github.com/facebook/fbjs/issues"},"homepage":"https://github.com/facebook/fbjs#readme","_id":"fbjs@0.6.1","_shasum":"9636b7705f5ba9684d44b72f78321254afc860f7","_from":".","_npmVersion":"2.14.15","_nodeVersion":"4.2.2","_npmUser":{"name":"zpao","email":"paul@oshannessy.com"},"maintainers":[{"name":"fb","email":"opensource+npm@fb.com"},{"name":"josephsavona","email":"joesavona@fb.com"},{"name":"spicyj","email":"ben@benalpert.com"},{"name":"steveluscher","email":"steveluscher@fb.com"},{"name":"wincent","email":"greg@hurrell.net"},{"name":"yungsters","email":"yungsters@gmail.com"},{"name":"yuzhi","email":"yuzhi.z@gmail.com"},{"name":"zpao","email":"paul@oshannessy.com"}],"dist":{"shasum":"9636b7705f5ba9684d44b72f78321254afc860f7","tarball":"https://registry.npmjs.org/fbjs/-/fbjs-0.6.1.tgz"},"directories":{}},"0.7.0":{"name":"fbjs","version":"0.7.0","description":"A collection of utility libraries used by other Facebook JS projects","main":"index.js","repository":{"type":"git","url":"git+https://github.com/facebook/fbjs.git"},"scripts":{"build":"gulp build","lint":"eslint .","prepublish":"npm run build","pretest":"node node_modules/fbjs-scripts/node/check-dev-engines.js package.json","test":"NODE_ENV=test jest","test-scripts":"cd scripts && npm install && npm test","typecheck":"flow check src"},"author":"","license":"BSD-3-Clause","devDependencies":{"babel":"^5.4.7","babel-eslint":"4.1.5","del":"^1.2.1","eslint":"1.10.3","fbjs-scripts":"file:scripts","flow-bin":"^0.20.1","gulp":"^3.9.0","gulp-babel":"^5.1.0","gulp-flatten":"^0.2.0","gulp-rename":"^1.2.2","jest-cli":"^0.8.2","merge-stream":"^1.0.0","object-assign":"^4.0.1","run-sequence":"^1.1.0"},"files":["LICENSE","PATENTS","README.md","flow/","index.js","lib/","module-map.json"],"jest":{"modulePathIgnorePatterns":["/lib/","/node_modules/"],"persistModuleRegistryBetweenSpecs":true,"preprocessorIgnorePatterns":["/node_modules/"],"rootDir":"","scriptPreprocessor":"node_modules/fbjs-scripts/jest/preprocessor.js","setupEnvScriptFile":"node_modules/fbjs-scripts/jest/environment.js","testPathDirs":["<rootDir>/src"],"testRunner":"node_modules/jest-cli/src/testRunners/jasmine/jasmine2.js","unmockedModulePathPatterns":["<rootDir>/node_modules/","<rootDir>/src/(?!(__forks__/fetch.js$|fetch/))"]},"dependencies":{"core-js":"^1.0.0","loose-envify":"^1.0.0","isomorphic-fetch":"^2.1.1","promise":"^7.1.1","ua-parser-js":"^0.7.9"},"devEngines":{"node":">=3","npm":">=2.x"},"browserify":{"transform":["loose-envify"]},"gitHead":"27e325d475fbcc6358b4a1305231a869af179cb7","bugs":{"url":"https://github.com/facebook/fbjs/issues"},"homepage":"https://github.com/facebook/fbjs#readme","_id":"fbjs@0.7.0","_shasum":"e9163b397d0bccc97e684434f732baae00fc9a5d","_from":".","_npmVersion":"2.14.12","_nodeVersion":"4.2.6","_npmUser":{"name":"zpao","email":"paul@oshannessy.com"},"maintainers":[{"name":"fb","email":"opensource+npm@fb.com"},{"name":"josephsavona","email":"joesavona@fb.com"},{"name":"spicyj","email":"ben@benalpert.com"},{"name":"steveluscher","email":"steveluscher@fb.com"},{"name":"wincent","email":"greg@hurrell.net"},{"name":"yungsters","email":"yungsters@gmail.com"},{"name":"yuzhi","email":"yuzhi.z@gmail.com"},{"name":"zpao","email":"paul@oshannessy.com"}],"dist":{"shasum":"e9163b397d0bccc97e684434f732baae00fc9a5d","tarball":"https://registry.npmjs.org/fbjs/-/fbjs-0.7.0.tgz"},"directories":{}},"0.7.1":{"name":"fbjs","version":"0.7.1","description":"A collection of utility libraries used by other Facebook JS projects","main":"index.js","repository":{"type":"git","url":"git+https://github.com/facebook/fbjs.git"},"scripts":{"build":"gulp build","lint":"eslint .","prepublish":"npm run build","pretest":"node node_modules/fbjs-scripts/node/check-dev-engines.js package.json","test":"NODE_ENV=test jest","test-scripts":"cd scripts && npm install && npm test","typecheck":"flow check src"},"author":"","license":"BSD-3-Clause","devDependencies":{"babel":"^5.4.7","babel-eslint":"4.1.5","del":"^1.2.1","eslint":"1.10.3","fbjs-scripts":"file:scripts","flow-bin":"^0.20.1","gulp":"^3.9.0","gulp-babel":"^5.1.0","gulp-flatten":"^0.2.0","gulp-rename":"^1.2.2","jest-cli":"^0.8.2","merge-stream":"^1.0.0","object-assign":"^4.0.1","run-sequence":"^1.1.0"},"files":["LICENSE","PATENTS","README.md","flow/","index.js","lib/","module-map.json"],"jest":{"modulePathIgnorePatterns":["/lib/","/node_modules/"],"persistModuleRegistryBetweenSpecs":true,"preprocessorIgnorePatterns":["/node_modules/"],"rootDir":"","scriptPreprocessor":"node_modules/fbjs-scripts/jest/preprocessor.js","setupEnvScriptFile":"node_modules/fbjs-scripts/jest/environment.js","testPathDirs":["<rootDir>/src"],"testRunner":"node_modules/jest-cli/src/testRunners/jasmine/jasmine2.js","unmockedModulePathPatterns":["<rootDir>/node_modules/","<rootDir>/src/(?!(__forks__/fetch.js$|fetch/))"]},"dependencies":{"core-js":"^1.0.0","loose-envify":"^1.0.0","isomorphic-fetch":"^2.1.1","promise":"^7.1.1","ua-parser-js":"^0.7.9"},"devEngines":{"node":">=3","npm":">=2.x"},"browserify":{"transform":["loose-envify"]},"gitHead":"32e26d685b6e6733ec86e7c6cc4d6cfd838c5fba","bugs":{"url":"https://github.com/facebook/fbjs/issues"},"homepage":"https://github.com/facebook/fbjs#readme","_id":"fbjs@0.7.1","_shasum":"f44e0fa140ea4025466700c7fb0fe3a32c0c06df","_from":".","_npmVersion":"2.14.12","_nodeVersion":"4.2.6","_npmUser":{"name":"zpao","email":"paul@oshannessy.com"},"maintainers":[{"name":"fb","email":"opensource+npm@fb.com"},{"name":"josephsavona","email":"joesavona@fb.com"},{"name":"spicyj","email":"ben@benalpert.com"},{"name":"steveluscher","email":"steveluscher@fb.com"},{"name":"wincent","email":"greg@hurrell.net"},{"name":"yungsters","email":"yungsters@gmail.com"},{"name":"yuzhi","email":"yuzhi.z@gmail.com"},{"name":"zpao","email":"paul@oshannessy.com"}],"dist":{"shasum":"f44e0fa140ea4025466700c7fb0fe3a32c0c06df","tarball":"https://registry.npmjs.org/fbjs/-/fbjs-0.7.1.tgz"},"_npmOperationalInternal":{"host":"packages-6-west.internal.npmjs.com","tmp":"tmp/fbjs-0.7.1.tgz_1454454820837_0.5407243228983134"},"directories":{}},"0.7.2":{"name":"fbjs","version":"0.7.2","description":"A collection of utility libraries used by other Facebook JS projects","main":"index.js","repository":{"type":"git","url":"git+https://github.com/facebook/fbjs.git"},"scripts":{"build":"gulp build","lint":"eslint .","prepublish":"npm run build","pretest":"node node_modules/fbjs-scripts/node/check-dev-engines.js package.json","test":"NODE_ENV=test jest","test-scripts":"cd scripts && npm install && npm test","typecheck":"flow check src"},"author":"","license":"BSD-3-Clause","devDependencies":{"babel":"^5.4.7","babel-eslint":"4.1.5","del":"^1.2.1","eslint":"1.10.3","fbjs-scripts":"file:scripts","flow-bin":"^0.20.1","gulp":"^3.9.0","gulp-babel":"^5.1.0","gulp-flatten":"^0.2.0","gulp-rename":"^1.2.2","jest-cli":"^0.8.2","merge-stream":"^1.0.0","object-assign":"^4.0.1","run-sequence":"^1.1.0"},"files":["LICENSE","PATENTS","README.md","flow/","index.js","lib/","module-map.json"],"jest":{"modulePathIgnorePatterns":["/lib/","/node_modules/"],"persistModuleRegistryBetweenSpecs":true,"preprocessorIgnorePatterns":["/node_modules/"],"rootDir":"","scriptPreprocessor":"node_modules/fbjs-scripts/jest/preprocessor.js","setupEnvScriptFile":"node_modules/fbjs-scripts/jest/environment.js","testPathDirs":["<rootDir>/src"],"testRunner":"node_modules/jest-cli/src/testRunners/jasmine/jasmine2.js","unmockedModulePathPatterns":["<rootDir>/node_modules/","<rootDir>/src/(?!(__forks__/fetch.js$|fetch/))"]},"dependencies":{"core-js":"^1.0.0","loose-envify":"^1.0.0","isomorphic-fetch":"^2.1.1","promise":"^7.1.1","ua-parser-js":"^0.7.9"},"devEngines":{"node":">=3","npm":">=2.x"},"browserify":{"transform":["loose-envify"]},"gitHead":"c5eae62379c818f30982839520cf2b3d907e0282","bugs":{"url":"https://github.com/facebook/fbjs/issues"},"homepage":"https://github.com/facebook/fbjs#readme","_id":"fbjs@0.7.2","_shasum":"4cf9a389aa23dbdfa2aed858e673c9b1b3ee0e0f","_from":".","_npmVersion":"2.14.12","_nodeVersion":"4.2.6","_npmUser":{"name":"zpao","email":"paul@oshannessy.com"},"maintainers":[{"name":"fb","email":"opensource+npm@fb.com"},{"name":"josephsavona","email":"joesavona@fb.com"},{"name":"spicyj","email":"ben@benalpert.com"},{"name":"steveluscher","email":"steveluscher@fb.com"},{"name":"wincent","email":"greg@hurrell.net"},{"name":"yungsters","email":"yungsters@gmail.com"},{"name":"yuzhi","email":"yuzhi.z@gmail.com"},{"name":"zpao","email":"paul@oshannessy.com"}],"dist":{"shasum":"4cf9a389aa23dbdfa2aed858e673c9b1b3ee0e0f","tarball":"https://registry.npmjs.org/fbjs/-/fbjs-0.7.2.tgz"},"_npmOperationalInternal":{"host":"packages-6-west.internal.npmjs.com","tmp":"tmp/fbjs-0.7.2.tgz_1454696872628_0.6529716954100877"},"directories":{}},"0.8.0-alpha.1":{"name":"fbjs","version":"0.8.0-alpha.1","description":"A collection of utility libraries used by other Facebook JS projects","main":"index.js","repository":{"type":"git","url":"git+https://github.com/facebook/fbjs.git"},"scripts":{"build":"gulp build","postbuild":"node scripts/node/check-lib-requires.js lib","lint":"eslint .","prepublish":"npm run build","pretest":"node node_modules/fbjs-scripts/node/check-dev-engines.js package.json","test":"NODE_ENV=test jest","test-scripts":"cd scripts && npm install && npm test","typecheck":"flow check src"},"author":"","license":"BSD-3-Clause","devDependencies":{"babel":"^5.4.7","babel-eslint":"4.1.8","del":"^1.2.1","eslint":"1.10.3","fbjs-scripts":"file:scripts","flow-bin":"^0.20.1","gulp":"^3.9.0","gulp-babel":"^5.1.0","gulp-flatten":"^0.2.0","gulp-rename":"^1.2.2","immutable":"^3.7.5","jest-cli":"^0.8.2","merge-stream":"^1.0.0","object-assign":"^4.0.1","run-sequence":"^1.1.0"},"files":["LICENSE","PATENTS","README.md","flow/","index.js","lib/","module-map.json"],"jest":{"modulePathIgnorePatterns":["/lib/","/node_modules/"],"persistModuleRegistryBetweenSpecs":true,"preprocessorIgnorePatterns":["/node_modules/"],"rootDir":"","scriptPreprocessor":"node_modules/fbjs-scripts/jest/preprocessor.js","setupEnvScriptFile":"node_modules/fbjs-scripts/jest/environment.js","testPathDirs":["<rootDir>/src"],"testRunner":"node_modules/jest-cli/src/testRunners/jasmine/jasmine2.js","unmockedModulePathPatterns":["<rootDir>/node_modules/","<rootDir>/src/(?!(__forks__/fetch.js$|fetch/))"]},"dependencies":{"core-js":"^1.0.0","loose-envify":"^1.0.0","isomorphic-fetch":"^2.1.1","promise":"^7.1.1","ua-parser-js":"^0.7.9"},"devEngines":{"node":">=3","npm":">=2.x"},"browserify":{"transform":["loose-envify"]},"gitHead":"3f0c399a4aad2b9914ce6f30001e477ac71186a0","bugs":{"url":"https://github.com/facebook/fbjs/issues"},"homepage":"https://github.com/facebook/fbjs#readme","_id":"fbjs@0.8.0-alpha.1","_shasum":"2e0b41eb72506e71cba50bee1f862dbbe24aaac6","_from":".","_npmVersion":"2.14.12","_nodeVersion":"4.3.0","_npmUser":{"name":"zpao","email":"paul@oshannessy.com"},"maintainers":[{"name":"fb","email":"opensource+npm@fb.com"},{"name":"josephsavona","email":"joesavona@fb.com"},{"name":"spicyj","email":"ben@benalpert.com"},{"name":"steveluscher","email":"steveluscher@fb.com"},{"name":"wincent","email":"greg@hurrell.net"},{"name":"yungsters","email":"yungsters@gmail.com"},{"name":"yuzhi","email":"yuzhi.z@gmail.com"},{"name":"zpao","email":"paul@oshannessy.com"}],"dist":{"shasum":"2e0b41eb72506e71cba50bee1f862dbbe24aaac6","tarball":"https://registry.npmjs.org/fbjs/-/fbjs-0.8.0-alpha.1.tgz"},"_npmOperationalInternal":{"host":"packages-6-west.internal.npmjs.com","tmp":"tmp/fbjs-0.8.0-alpha.1.tgz_1455865586465_0.459394593257457"},"directories":{}},"0.8.0-alpha.2":{"name":"fbjs","version":"0.8.0-alpha.2","description":"A collection of utility libraries used by other Facebook JS projects","main":"index.js","repository":{"type":"git","url":"git+https://github.com/facebook/fbjs.git"},"scripts":{"build":"gulp build","postbuild":"node scripts/node/check-lib-requires.js lib","lint":"eslint .","prepublish":"npm run build","pretest":"node node_modules/fbjs-scripts/node/check-dev-engines.js package.json","test":"NODE_ENV=test jest","test-scripts":"cd scripts && npm install && npm test","typecheck":"flow check src"},"author":"","license":"BSD-3-Clause","devDependencies":{"babel-core":"^6.0.0","babel-eslint":"^5.0.0","babel-plugin-check-es2015-constants":"^6.5.0","babel-plugin-syntax-object-rest-spread":"^6.3.13","babel-plugin-syntax-trailing-function-commas":"^6.5.0","babel-plugin-transform-class-properties":"^6.5.0","babel-plugin-transform-es2015-arrow-functions":"^6.5.2","babel-plugin-transform-es2015-block-scoped-functions":"^6.5.0","babel-plugin-transform-es2015-block-scoping":"^6.5.0","babel-plugin-transform-es2015-classes":"^6.5.2","babel-plugin-transform-es2015-computed-properties":"^6.5.2","babel-plugin-transform-es2015-destructuring":"^6.5.0","babel-plugin-transform-es2015-for-of":"^6.5.2","babel-plugin-transform-es2015-literals":"^6.5.0","babel-plugin-transform-es2015-modules-commonjs":"^6.5.2","babel-plugin-transform-es2015-object-super":"^6.5.0","babel-plugin-transform-es2015-parameters":"^6.5.0","babel-plugin-transform-es2015-shorthand-properties":"^6.5.0","babel-plugin-transform-es2015-spread":"^6.5.2","babel-plugin-transform-es2015-template-literals":"^6.5.2","babel-plugin-transform-es3-member-expression-literals":"^6.5.0","babel-plugin-transform-es3-property-literals":"^6.5.0","babel-plugin-transform-flow-strip-types":"^6.5.0","babel-plugin-transform-object-rest-spread":"^6.5.0","del":"^1.2.1","eslint":"1.10.3","fbjs-scripts":"file:scripts","flow-bin":"^0.22.1","gulp":"^3.9.0","gulp-babel":"^6.0.0","gulp-flatten":"^0.2.0","gulp-rename":"^1.2.2","immutable":"^3.7.5","jest-cli":"^0.8.2","merge-stream":"^1.0.0","object-assign":"^4.0.1","run-sequence":"^1.1.0"},"files":["LICENSE","PATENTS","README.md","flow/","index.js","lib/","module-map.json"],"jest":{"modulePathIgnorePatterns":["/lib/","/node_modules/"],"persistModuleRegistryBetweenSpecs":true,"preprocessorIgnorePatterns":["/node_modules/"],"rootDir":"","scriptPreprocessor":"node_modules/fbjs-scripts/jest/preprocessor.js","setupEnvScriptFile":"node_modules/fbjs-scripts/jest/environment.js","testPathDirs":["<rootDir>/src"],"testRunner":"node_modules/jest-cli/src/testRunners/jasmine/jasmine2.js","unmockedModulePathPatterns":["<rootDir>/node_modules/","<rootDir>/src/(?!(__forks__/fetch.js$|fetch/))"]},"dependencies":{"babel-plugin-syntax-flow":"^6.5.0","core-js":"^1.0.0","isomorphic-fetch":"^2.1.1","loose-envify":"^1.0.0","promise":"^7.1.1","ua-parser-js":"^0.7.9"},"devEngines":{"node":">=3","npm":">=2.x"},"browserify":{"transform":["loose-envify"]},"gitHead":"16a3330bf3e43a1de082115f064cae071aea5972","bugs":{"url":"https://github.com/facebook/fbjs/issues"},"homepage":"https://github.com/facebook/fbjs#readme","_id":"fbjs@0.8.0-alpha.2","_shasum":"4393fcd6158d4232dd29bb828b2a55ee33f47f0b","_from":".","_npmVersion":"2.14.12","_nodeVersion":"4.3.0","_npmUser":{"name":"zpao","email":"paul@oshannessy.com"},"maintainers":[{"name":"fb","email":"opensource+npm@fb.com"},{"name":"josephsavona","email":"joesavona@fb.com"},{"name":"spicyj","email":"ben@benalpert.com"},{"name":"steveluscher","email":"steveluscher@fb.com"},{"name":"wincent","email":"greg@hurrell.net"},{"name":"yungsters","email":"yungsters@gmail.com"},{"name":"yuzhi","email":"yuzhi.z@gmail.com"},{"name":"zpao","email":"paul@oshannessy.com"}],"dist":{"shasum":"4393fcd6158d4232dd29bb828b2a55ee33f47f0b","tarball":"https://registry.npmjs.org/fbjs/-/fbjs-0.8.0-alpha.2.tgz"},"_npmOperationalInternal":{"host":"packages-12-west.internal.npmjs.com","tmp":"tmp/fbjs-0.8.0-alpha.2.tgz_1457046270545_0.24255750770680606"},"directories":{}},"0.8.0-alpha.3":{"name":"fbjs","version":"0.8.0-alpha.3","description":"A collection of utility libraries used by other Facebook JS projects","main":"index.js","repository":{"type":"git","url":"git+https://github.com/facebook/fbjs.git"},"scripts":{"build":"gulp build","postbuild":"node scripts/node/check-lib-requires.js lib","lint":"eslint .","prepublish":"npm run build","pretest":"node node_modules/fbjs-scripts/node/check-dev-engines.js package.json","test":"NODE_ENV=test jest","test-scripts":"cd scripts && npm install && npm test","typecheck":"flow check src"},"author":"","license":"BSD-3-Clause","devDependencies":{"babel-core":"^6.0.0","babel-eslint":"^5.0.0","babel-plugin-check-es2015-constants":"^6.5.0","babel-plugin-syntax-object-rest-spread":"^6.3.13","babel-plugin-syntax-trailing-function-commas":"^6.5.0","babel-plugin-transform-class-properties":"^6.5.0","babel-plugin-transform-es2015-arrow-functions":"^6.5.2","babel-plugin-transform-es2015-block-scoped-functions":"^6.5.0","babel-plugin-transform-es2015-block-scoping":"^6.5.0","babel-plugin-transform-es2015-classes":"^6.5.2","babel-plugin-transform-es2015-computed-properties":"^6.5.2","babel-plugin-transform-es2015-destructuring":"^6.5.0","babel-plugin-transform-es2015-for-of":"^6.5.2","babel-plugin-transform-es2015-literals":"^6.5.0","babel-plugin-transform-es2015-modules-commonjs":"^6.5.2","babel-plugin-transform-es2015-object-super":"^6.5.0","babel-plugin-transform-es2015-parameters":"^6.5.0","babel-plugin-transform-es2015-shorthand-properties":"^6.5.0","babel-plugin-transform-es2015-spread":"^6.5.2","babel-plugin-transform-es2015-template-literals":"^6.5.2","babel-plugin-transform-es3-member-expression-literals":"^6.5.0","babel-plugin-transform-es3-property-literals":"^6.5.0","babel-plugin-transform-flow-strip-types":"^6.5.0","babel-plugin-transform-object-rest-spread":"^6.5.0","del":"^1.2.1","eslint":"1.10.3","fbjs-scripts":"file:scripts","flow-bin":"^0.22.1","gulp":"^3.9.0","gulp-babel":"^6.0.0","gulp-flatten":"^0.2.0","gulp-rename":"^1.2.2","immutable":"^3.7.5","jest-cli":"^0.8.2","merge-stream":"^1.0.0","object-assign":"^4.0.1","run-sequence":"^1.1.0"},"files":["LICENSE","PATENTS","README.md","flow/","index.js","lib/","module-map.json"],"jest":{"modulePathIgnorePatterns":["/lib/","/node_modules/"],"persistModuleRegistryBetweenSpecs":true,"preprocessorIgnorePatterns":["/node_modules/"],"rootDir":"","scriptPreprocessor":"node_modules/fbjs-scripts/jest/preprocessor.js","setupEnvScriptFile":"node_modules/fbjs-scripts/jest/environment.js","testPathDirs":["<rootDir>/src"],"testRunner":"node_modules/jest-cli/src/testRunners/jasmine/jasmine2.js","unmockedModulePathPatterns":["<rootDir>/node_modules/","<rootDir>/src/(?!(__forks__/fetch.js$|fetch/))"]},"dependencies":{"babel-plugin-syntax-flow":"^6.5.0","core-js":"^1.0.0","isomorphic-fetch":"^2.1.1","loose-envify":"^1.0.0","promise":"^7.1.1","ua-parser-js":"^0.7.9"},"devEngines":{"node":">=3","npm":">=2.x"},"browserify":{"transform":["loose-envify"]},"gitHead":"c5a36afc91edeebdcd481d267fd3c1b014806acf","bugs":{"url":"https://github.com/facebook/fbjs/issues"},"homepage":"https://github.com/facebook/fbjs#readme","_id":"fbjs@0.8.0-alpha.3","_shasum":"7b635a250ff27509f208c2e5c953a816d1bc9931","_from":".","_npmVersion":"2.14.12","_nodeVersion":"4.3.0","_npmUser":{"name":"zpao","email":"paul@oshannessy.com"},"maintainers":[{"name":"fb","email":"opensource+npm@fb.com"},{"name":"josephsavona","email":"joesavona@fb.com"},{"name":"spicyj","email":"ben@benalpert.com"},{"name":"steveluscher","email":"steveluscher@fb.com"},{"name":"wincent","email":"greg@hurrell.net"},{"name":"yungsters","email":"yungsters@gmail.com"},{"name":"yuzhi","email":"yuzhi.z@gmail.com"},{"name":"zpao","email":"paul@oshannessy.com"}],"dist":{"shasum":"7b635a250ff27509f208c2e5c953a816d1bc9931","tarball":"https://registry.npmjs.org/fbjs/-/fbjs-0.8.0-alpha.3.tgz"},"_npmOperationalInternal":{"host":"packages-12-west.internal.npmjs.com","tmp":"tmp/fbjs-0.8.0-alpha.3.tgz_1457118401615_0.6030175348278135"},"directories":{}},"0.8.0":{"name":"fbjs","version":"0.8.0","description":"A collection of utility libraries used by other Facebook JS projects","main":"index.js","repository":{"type":"git","url":"git+https://github.com/facebook/fbjs.git"},"scripts":{"build":"gulp build","postbuild":"node scripts/node/check-lib-requires.js lib","lint":"eslint .","prepublish":"npm run build","pretest":"node node_modules/fbjs-scripts/node/check-dev-engines.js package.json","test":"NODE_ENV=test jest","test-scripts":"cd scripts && npm install && npm test","typecheck":"flow check src"},"author":"","license":"BSD-3-Clause","devDependencies":{"babel-core":"^6.0.0","babel-eslint":"^5.0.0","babel-plugin-check-es2015-constants":"^6.5.0","babel-plugin-syntax-object-rest-spread":"^6.3.13","babel-plugin-syntax-trailing-function-commas":"^6.5.0","babel-plugin-transform-class-properties":"^6.5.0","babel-plugin-transform-es2015-arrow-functions":"^6.5.2","babel-plugin-transform-es2015-block-scoped-functions":"^6.5.0","babel-plugin-transform-es2015-block-scoping":"^6.5.0","babel-plugin-transform-es2015-classes":"^6.5.2","babel-plugin-transform-es2015-computed-properties":"^6.5.2","babel-plugin-transform-es2015-destructuring":"^6.5.0","babel-plugin-transform-es2015-for-of":"^6.5.2","babel-plugin-transform-es2015-literals":"^6.5.0","babel-plugin-transform-es2015-modules-commonjs":"^6.5.2","babel-plugin-transform-es2015-object-super":"^6.5.0","babel-plugin-transform-es2015-parameters":"^6.5.0","babel-plugin-transform-es2015-shorthand-properties":"^6.5.0","babel-plugin-transform-es2015-spread":"^6.5.2","babel-plugin-transform-es2015-template-literals":"^6.5.2","babel-plugin-transform-es3-member-expression-literals":"^6.5.0","babel-plugin-transform-es3-property-literals":"^6.5.0","babel-plugin-transform-flow-strip-types":"^6.5.0","babel-plugin-transform-object-rest-spread":"^6.5.0","del":"^2.2.0","eslint":"1.10.3","fbjs-scripts":"file:scripts","flow-bin":"^0.22.1","gulp":"^3.9.0","gulp-babel":"^6.0.0","gulp-flatten":"^0.2.0","gulp-rename":"^1.2.2","immutable":"^3.7.5","jest-cli":"^0.10.0","merge-stream":"^1.0.0","object-assign":"^4.0.1","run-sequence":"^1.1.0"},"files":["LICENSE","PATENTS","README.md","flow/","index.js","lib/","module-map.json"],"jest":{"modulePathIgnorePatterns":["/lib/","/node_modules/"],"persistModuleRegistryBetweenSpecs":true,"preprocessorIgnorePatterns":["/node_modules/"],"rootDir":"","scriptPreprocessor":"node_modules/fbjs-scripts/jest/preprocessor.js","setupEnvScriptFile":"node_modules/fbjs-scripts/jest/environment.js","testPathDirs":["<rootDir>/src"],"unmockedModulePathPatterns":["<rootDir>/node_modules/","<rootDir>/src/(?!(__forks__/fetch.js$|fetch/))"]},"dependencies":{"babel-plugin-syntax-flow":"^6.5.0","core-js":"^1.0.0","isomorphic-fetch":"^2.1.1","loose-envify":"^1.0.0","promise":"^7.1.1","ua-parser-js":"^0.7.9"},"devEngines":{"node":">=4","npm":">=2.x"},"browserify":{"transform":["loose-envify"]},"gitHead":"500cb4015dacdfa1ab8bc1209713aefe84d4f389","bugs":{"url":"https://github.com/facebook/fbjs/issues"},"homepage":"https://github.com/facebook/fbjs#readme","_id":"fbjs@0.8.0","_shasum":"1903b52cc9ad6fc7e1df152ae0c89829a833ad46","_from":".","_npmVersion":"2.15.3","_nodeVersion":"4.4.0","_npmUser":{"name":"zpao","email":"paul@oshannessy.com"},"maintainers":[{"name":"fb","email":"opensource+npm@fb.com"},{"name":"josephsavona","email":"joesavona@fb.com"},{"name":"spicyj","email":"ben@benalpert.com"},{"name":"steveluscher","email":"steveluscher@fb.com"},{"name":"wincent","email":"greg@hurrell.net"},{"name":"yungsters","email":"yungsters@gmail.com"},{"name":"yuzhi","email":"yuzhi.z@gmail.com"},{"name":"zpao","email":"paul@oshannessy.com"}],"dist":{"shasum":"1903b52cc9ad6fc7e1df152ae0c89829a833ad46","tarball":"https://registry.npmjs.org/fbjs/-/fbjs-0.8.0.tgz"},"_npmOperationalInternal":{"host":"packages-12-west.internal.npmjs.com","tmp":"tmp/fbjs-0.8.0.tgz_1459828298561_0.8761764015071094"},"directories":{}},"0.8.1":{"name":"fbjs","version":"0.8.1","description":"A collection of utility libraries used by other Facebook JS projects","main":"index.js","repository":{"type":"git","url":"git+https://github.com/facebook/fbjs.git"},"scripts":{"build":"gulp build","postbuild":"node scripts/node/check-lib-requires.js lib","lint":"eslint .","prepublish":"npm run build","pretest":"node node_modules/fbjs-scripts/node/check-dev-engines.js package.json","test":"NODE_ENV=test jest","test-scripts":"cd scripts && npm install && npm test","typecheck":"flow check src"},"author":"","license":"BSD-3-Clause","devDependencies":{"babel-core":"^6.0.0","babel-eslint":"^5.0.0","babel-plugin-check-es2015-constants":"^6.5.0","babel-plugin-syntax-object-rest-spread":"^6.3.13","babel-plugin-syntax-trailing-function-commas":"^6.5.0","babel-plugin-transform-class-properties":"^6.5.0","babel-plugin-transform-es2015-arrow-functions":"^6.5.2","babel-plugin-transform-es2015-block-scoped-functions":"^6.5.0","babel-plugin-transform-es2015-block-scoping":"^6.5.0","babel-plugin-transform-es2015-classes":"^6.5.2","babel-plugin-transform-es2015-computed-properties":"^6.5.2","babel-plugin-transform-es2015-destructuring":"^6.5.0","babel-plugin-transform-es2015-for-of":"^6.5.2","babel-plugin-transform-es2015-literals":"^6.5.0","babel-plugin-transform-es2015-modules-commonjs":"^6.5.2","babel-plugin-transform-es2015-object-super":"^6.5.0","babel-plugin-transform-es2015-parameters":"^6.5.0","babel-plugin-transform-es2015-shorthand-properties":"^6.5.0","babel-plugin-transform-es2015-spread":"^6.5.2","babel-plugin-transform-es2015-template-literals":"^6.5.2","babel-plugin-transform-es3-member-expression-literals":"^6.5.0","babel-plugin-transform-es3-property-literals":"^6.5.0","babel-plugin-transform-flow-strip-types":"^6.5.0","babel-plugin-transform-object-rest-spread":"^6.5.0","del":"^2.2.0","eslint":"1.10.3","fbjs-scripts":"file:scripts","flow-bin":"^0.23.0","gulp":"^3.9.0","gulp-babel":"^6.0.0","gulp-flatten":"^0.2.0","gulp-rename":"^1.2.2","immutable":"^3.7.5","jest-cli":"^0.10.0","merge-stream":"^1.0.0","object-assign":"^4.0.1","run-sequence":"^1.1.0"},"files":["LICENSE","PATENTS","README.md","flow/","index.js","lib/","module-map.json"],"jest":{"modulePathIgnorePatterns":["/lib/","/node_modules/"],"persistModuleRegistryBetweenSpecs":true,"preprocessorIgnorePatterns":["/node_modules/"],"rootDir":"","scriptPreprocessor":"node_modules/fbjs-scripts/jest/preprocessor.js","setupEnvScriptFile":"node_modules/fbjs-scripts/jest/environment.js","testPathDirs":["<rootDir>/src"],"unmockedModulePathPatterns":["<rootDir>/node_modules/","<rootDir>/src/(?!(__forks__/fetch.js$|fetch/))"]},"dependencies":{"babel-plugin-syntax-flow":"^6.5.0","core-js":"^1.0.0","isomorphic-fetch":"^2.1.1","loose-envify":"^1.0.0","promise":"^7.1.1","ua-parser-js":"^0.7.9"},"devEngines":{"node":">=4","npm":">=2.x"},"browserify":{"transform":["loose-envify"]},"gitHead":"d54d3e0e5ad7eb4cc42a22c9470e06a1aaae9456","bugs":{"url":"https://github.com/facebook/fbjs/issues"},"homepage":"https://github.com/facebook/fbjs#readme","_id":"fbjs@0.8.1","_shasum":"b6b6730c6643cade9563c518c55d823c78d0889e","_from":".","_npmVersion":"2.15.3","_nodeVersion":"4.4.2","_npmUser":{"name":"zpao","email":"paul@oshannessy.com"},"maintainers":[{"name":"fb","email":"opensource+npm@fb.com"},{"name":"josephsavona","email":"joesavona@fb.com"},{"name":"spicyj","email":"ben@benalpert.com"},{"name":"steveluscher","email":"steveluscher@fb.com"},{"name":"wincent","email":"greg@hurrell.net"},{"name":"yungsters","email":"yungsters@gmail.com"},{"name":"yuzhi","email":"yuzhi.z@gmail.com"},{"name":"zpao","email":"paul@oshannessy.com"}],"dist":{"shasum":"b6b6730c6643cade9563c518c55d823c78d0889e","tarball":"https://registry.npmjs.org/fbjs/-/fbjs-0.8.1.tgz"},"_npmOperationalInternal":{"host":"packages-12-west.internal.npmjs.com","tmp":"tmp/fbjs-0.8.1.tgz_1461020893870_0.28450447879731655"},"directories":{}}},"readme":"# FBJS\n\n## Purpose\n\nTo make it easier for Facebook to share and consume our own JavaScript. Primarily this will allow us to ship code without worrying too much about where it lives, keeping with the spirit of `@providesModule` but working in the broader JavaScript ecosystem.\n\n**Note:** If you are consuming the code here and you are not also a Facebook project, be prepared for a bad time. APIs may appear or disappear and we may not follow semver strictly, though we will do our best to. This library is being published with our use cases in mind and is not necessarily meant to be consumed by the broader public. In order for us to move fast and ship projects like React and Relay, we've made the decision to not support everybody. We probably won't take your feature requests unless they align with our needs. There will be overlap in functionality here and in other open source projects.\n\n## Usage\n\nAny `@providesModule` modules that are used by your project should be added to `src/`. They will be built and added to `module-map.json`. This file will contain a map from `@providesModule` name to what will be published as `fbjs`. The `module-map.json` file can then be consumed in your own project, along with the [rewrite-modules](https://github.com/facebook/fbjs/blob/master/scripts/babel/rewrite-modules.js) Babel plugin (which we'll publish with this), to rewrite requires in your own project. Then, just make sure `fbjs` is a dependency in your `package.json` and your package will consume the shared code.\n\n```js\n// Before transform\nvar emptyFunction = require('emptyFunction');\n// After transform\nvar emptyFunction = require('fbjs/lib/emptyFunction');\n```\n\nSee React for an example of this. *Coming soon!*\n\n## Building\n\nIt's as easy as just running gulp. This assumes you've also done `npm install -g gulp`.\n\n```sh\ngulp\n```\n\nAlternatively `npm run build` will also work.\n\n### Layout\n\nRight now these packages represent a subset of packages that we use internally at Facebook. Mostly these are support libraries used when shipping larger libraries, like React and Relay, or products. Each of these packages is in its own directory under `src/`.\n\n### Process\n\nSince we use `@providesModule`, we need to rewrite requires to be relative. Thanks to `@providesModule` requiring global uniqueness, we can do this easily. Eventually we'll try to make this part of the process go away by making more projects use CommmonJS.\n\n\n## TODO\n\n- Flow: Ideally we'd ship our original files with type annotations, however that's not doable right now. We have a couple options:\n  - Make sure our transpilation step converts inline type annotations to the comment format.\n  - Make our build process also build Flow interface files which we can ship to npm.\n- Split into multiple packages. This will be better for more concise versioning, otherwise we'll likely just be shipping lots of major versions.\n","maintainers":[{"name":"fb","email":"opensource+npm@fb.com"},{"name":"josephsavona","email":"joesavona@fb.com"},{"name":"spicyj","email":"ben@benalpert.com"},{"name":"steveluscher","email":"steveluscher@fb.com"},{"name":"wincent","email":"greg@hurrell.net"},{"name":"yungsters","email":"yungsters@gmail.com"},{"name":"yuzhi","email":"yuzhi.z@gmail.com"},{"name":"zpao","email":"paul@oshannessy.com"}],"time":{"modified":"2016-04-18T23:08:14.305Z","created":"2015-06-12T09:05:53.476Z","0.0.0":"2015-06-12T09:05:53.476Z","0.1.0-alpha.0":"2015-06-18T23:17:23.155Z","0.1.0-alpha.1":"2015-06-19T19:24:02.136Z","0.1.0-alpha.2":"2015-07-25T01:12:15.720Z","0.1.0-alpha.3":"2015-07-27T20:28:01.608Z","0.1.0-alpha.4":"2015-07-30T23:45:52.682Z","0.1.0-alpha.5":"2015-08-05T18:25:05.975Z","0.1.0-alpha.6":"2015-08-06T05:30:51.570Z","0.1.0-alpha.7":"2015-08-06T23:40:02.977Z","0.1.0-alpha.8":"2015-08-18T23:49:42.314Z","0.1.0-alpha.9":"2015-08-19T00:38:40.698Z","0.1.0-alpha.10":"2015-08-19T21:06:56.116Z","0.1.0-alpha.11":"2015-08-28T22:41:31.654Z","0.1.0-alpha.12":"2015-08-28T22:58:51.285Z","0.2.0":"2015-08-31T23:47:20.288Z","0.2.1":"2015-09-09T01:49:52.420Z","0.3.0":"2015-10-01T21:07:45.599Z","0.3.1":"2015-10-01T21:27:26.856Z","0.3.2":"2015-10-12T21:32:17.823Z","0.4.0":"2015-10-16T23:05:57.327Z","0.5.0":"2015-12-04T19:52:49.088Z","0.5.1":"2015-12-13T19:39:53.275Z","0.6.0":"2015-12-29T21:20:43.617Z","0.6.1":"2016-01-06T22:53:43.906Z","0.7.0":"2016-01-27T22:31:26.079Z","0.7.1":"2016-02-02T23:13:41.532Z","0.7.2":"2016-02-05T18:27:53.253Z","0.8.0-alpha.1":"2016-02-19T07:06:28.934Z","0.8.0-alpha.2":"2016-03-03T23:04:31.712Z","0.8.0-alpha.3":"2016-03-04T19:06:42.937Z","0.8.0":"2016-04-05T03:51:39.043Z","0.8.1":"2016-04-18T23:08:14.305Z"},"readmeFilename":"README.md","description":"A collection of utility libraries used by other Facebook JS projects","license":"BSD-3-Clause","homepage":"https://github.com/facebook/fbjs#readme","repository":{"type":"git","url":"git+https://github.com/facebook/fbjs.git"},"bugs":{"url":"https://github.com/facebook/fbjs/issues"},"users":{"326060588":true,"wfalkwallace":true,"nelix":true,"ambdxtrch":true,"panlw":true,"brien-crean":true,"foto":true,"seaseng":true,"koulmomo":true,"surfacew":true,"princetoad":true},"_attachments":{},"_etag":"\"8C9QS6MB4UDZ39SRPN5CJI2E7\""}