{"_id":"jstransform","_rev":"79-5d0f2ce9aa304b122a6292b4f9910a6d","name":"jstransform","description":"A simple AST visitor-based JS transformer","dist-tags":{"latest":"11.0.3"},"versions":{"1.0.0":{"name":"jstransform","version":"1.0.0","description":"A simple AST visitor-based JS transformer","contributors":[{"name":"Jeff Morrison","email":"jeffmo@fb.com"}],"main":"src/jstransform","repository":{"type":"git","url":"git@github.com:facebook/jstransform.git"},"keywords":["transformer","compiler","syntax","visitor"],"dependencies":{"base62":"0.1.1","esprima-fb":"1001.1001.1000-dev-harmony-fb","source-map":"0.1.8"},"licenses":[{"type":"Apache-2.0","url":"http://www.apache.org/licenses/LICENSE-2.0"}],"engines":{"node":">=0.8.8"},"_id":"jstransform@1.0.0","dist":{"shasum":"608eb777b60d77a208070675070d4a14831e21ea","tarball":"https://registry.npmjs.org/jstransform/-/jstransform-1.0.0.tgz"},"_npmVersion":"1.1.59","_npmUser":{"name":"jeffmo","email":"jeff@anafx.com"},"maintainers":[{"name":"jeffmo","email":"jeff@anafx.com"}],"directories":{}},"1.0.1":{"name":"jstransform","version":"1.0.1","description":"A simple AST visitor-based JS transformer","contributors":[{"name":"Jeff Morrison","email":"jeffmo@fb.com"}],"main":"src/jstransform","repository":{"type":"git","url":"git@github.com:facebook/jstransform.git"},"keywords":["transformer","compiler","syntax","visitor"],"dependencies":{"base62":"0.1.1","esprima-fb":"1001.1001.2000-dev-harmony-fb","source-map":"0.1.8"},"licenses":[{"type":"Apache-2.0","url":"http://www.apache.org/licenses/LICENSE-2.0"}],"engines":{"node":">=0.8.8"},"_id":"jstransform@1.0.1","dist":{"shasum":"b907358ce882db0619ab3b857f2bee702e1253ac","tarball":"https://registry.npmjs.org/jstransform/-/jstransform-1.0.1.tgz"},"_npmVersion":"1.1.59","_npmUser":{"name":"jeffmo","email":"jeff@anafx.com"},"maintainers":[{"name":"jeffmo","email":"jeff@anafx.com"}],"directories":{}},"2.0.1":{"name":"jstransform","version":"2.0.1","description":"A simple AST visitor-based JS transformer","contributors":[{"name":"Jeff Morrison","email":"jeffmo@fb.com"}],"main":"src/jstransform","repository":{"type":"git","url":"git@github.com:facebook/jstransform.git"},"keywords":["transformer","compiler","syntax","visitor"],"dependencies":{"base62":"0.1.1","esprima-fb":"2001.1001.0000-dev-harmony-fb","source-map":"0.1.8"},"licenses":[{"type":"Apache-2.0","url":"http://www.apache.org/licenses/LICENSE-2.0"}],"engines":{"node":">=0.8.8"},"_id":"jstransform@2.0.1","dist":{"shasum":"fefd688b82251ac6e2194444bfc09914e26fd8c4","tarball":"https://registry.npmjs.org/jstransform/-/jstransform-2.0.1.tgz"},"_npmVersion":"1.1.59","_npmUser":{"name":"jeffmo","email":"jeff@anafx.com"},"maintainers":[{"name":"jeffmo","email":"jeff@anafx.com"}],"directories":{}},"2.0.2":{"name":"jstransform","version":"2.0.2","description":"A simple AST visitor-based JS transformer","contributors":[{"name":"Jeff Morrison","email":"jeffmo@fb.com"}],"main":"src/jstransform","repository":{"type":"git","url":"git@github.com:facebook/jstransform.git"},"keywords":["transformer","compiler","syntax","visitor"],"dependencies":{"base62":"0.1.1","esprima-fb":"2001.1001.0000-dev-harmony-fb","source-map":"0.1.31"},"licenses":[{"type":"Apache-2.0","url":"http://www.apache.org/licenses/LICENSE-2.0"}],"engines":{"node":">=0.8.8"},"bugs":{"url":"https://github.com/facebook/jstransform/issues"},"_id":"jstransform@2.0.2","dist":{"shasum":"41d9482cd0b2373674d79c440cad773c0f69eaa0","tarball":"https://registry.npmjs.org/jstransform/-/jstransform-2.0.2.tgz"},"_from":".","_npmVersion":"1.2.32","_npmUser":{"name":"jeffmo","email":"jeff@anafx.com"},"maintainers":[{"name":"jeffmo","email":"jeff@anafx.com"}],"directories":{}},"2.0.3":{"name":"jstransform","version":"2.0.3","description":"A simple AST visitor-based JS transformer","contributors":[{"name":"Jeff Morrison","email":"jeffmo@fb.com"}],"main":"src/jstransform","repository":{"type":"git","url":"git@github.com:facebook/jstransform.git"},"keywords":["transformer","compiler","syntax","visitor"],"dependencies":{"base62":"0.1.1","esprima-fb":"2001.1001.0000-dev-harmony-fb","source-map":"0.1.31"},"licenses":[{"type":"Apache-2.0","url":"http://www.apache.org/licenses/LICENSE-2.0"}],"engines":{"node":">=0.8.8"},"_id":"jstransform@2.0.3","dist":{"shasum":"a926ea944817647553f8afe5e2bd29aaf09bb76b","tarball":"https://registry.npmjs.org/jstransform/-/jstransform-2.0.3.tgz"},"_npmVersion":"1.1.59","_npmUser":{"name":"jeffmo","email":"jeff@anafx.com"},"maintainers":[{"name":"jeffmo","email":"jeff@anafx.com"}],"directories":{}},"3.0.0":{"name":"jstransform","version":"3.0.0","description":"A simple AST visitor-based JS transformer","contributors":[{"name":"Jeff Morrison","email":"jeffmo@fb.com"}],"main":"src/jstransform","repository":{"type":"git","url":"git@github.com:facebook/jstransform.git"},"keywords":["transformer","compiler","syntax","visitor"],"dependencies":{"base62":"0.1.1","esprima-fb":"~3001.1.0-dev-harmony-fb","source-map":"0.1.31"},"licenses":[{"type":"Apache-2.0","url":"http://www.apache.org/licenses/LICENSE-2.0"}],"engines":{"node":">=0.8.8"},"bugs":{"url":"https://github.com/facebook/jstransform/issues"},"_id":"jstransform@3.0.0","dist":{"shasum":"a2591ab6cee8d97bf3be830dbfa2313b87cd640b","tarball":"https://registry.npmjs.org/jstransform/-/jstransform-3.0.0.tgz"},"_from":".","_npmVersion":"1.2.32","_npmUser":{"name":"jeffmo","email":"jeff@anafx.com"},"maintainers":[{"name":"jeffmo","email":"jeff@anafx.com"},{"name":"zpao","email":"paul@oshannessy.com"}],"directories":{}},"4.0.0":{"name":"jstransform","version":"4.0.0","description":"A simple AST visitor-based JS transformer","contributors":[{"name":"Jeff Morrison","email":"jeffmo@fb.com"}],"main":"src/jstransform","repository":{"type":"git","url":"git@github.com:facebook/jstransform.git"},"keywords":["transformer","compiler","syntax","visitor"],"dependencies":{"base62":"0.1.1","esprima-fb":"~3001.1.0-dev-harmony-fb","source-map":"0.1.8"},"licenses":[{"type":"Apache-2.0","url":"http://www.apache.org/licenses/LICENSE-2.0"}],"engines":{"node":">=0.8.8"},"bugs":{"url":"https://github.com/facebook/jstransform/issues"},"homepage":"https://github.com/facebook/jstransform","_id":"jstransform@4.0.0","_shasum":"a275bded013d6de788022ad0c67280b1b9679055","_from":".","_npmVersion":"1.4.7","_npmUser":{"name":"jeffmo","email":"jeff@anafx.com"},"maintainers":[{"name":"jeffmo","email":"jeff@anafx.com"},{"name":"zpao","email":"paul@oshannessy.com"}],"dist":{"shasum":"a275bded013d6de788022ad0c67280b1b9679055","tarball":"https://registry.npmjs.org/jstransform/-/jstransform-4.0.0.tgz"},"directories":{}},"4.0.1":{"name":"jstransform","version":"4.0.1","description":"A simple AST visitor-based JS transformer","contributors":[{"name":"Jeff Morrison","email":"jeffmo@fb.com"}],"main":"src/jstransform","repository":{"type":"git","url":"git@github.com:facebook/jstransform.git"},"keywords":["transformer","compiler","syntax","visitor"],"dependencies":{"base62":"0.1.1","esprima-fb":"~3001.1.0-dev-harmony-fb","source-map":"0.1.31"},"licenses":[{"type":"Apache-2.0","url":"http://www.apache.org/licenses/LICENSE-2.0"}],"engines":{"node":">=0.8.8"},"bugs":{"url":"https://github.com/facebook/jstransform/issues"},"homepage":"https://github.com/facebook/jstransform","_id":"jstransform@4.0.1","_shasum":"a7f8319d1f17c98ac7ccc3fb7a200b7b80b2a453","_from":".","_npmVersion":"1.4.7","_npmUser":{"name":"jeffmo","email":"jeff@anafx.com"},"maintainers":[{"name":"jeffmo","email":"jeff@anafx.com"},{"name":"zpao","email":"paul@oshannessy.com"}],"dist":{"shasum":"a7f8319d1f17c98ac7ccc3fb7a200b7b80b2a453","tarball":"https://registry.npmjs.org/jstransform/-/jstransform-4.0.1.tgz"},"directories":{}},"5.0.0":{"name":"jstransform","version":"5.0.0","description":"A simple AST visitor-based JS transformer","contributors":[{"name":"Jeff Morrison","email":"jeffmo@fb.com"}],"main":"src/jstransform","repository":{"type":"git","url":"git@github.com:facebook/jstransform.git"},"keywords":["transformer","compiler","syntax","visitor"],"dependencies":{"base62":"0.1.1","esprima-fb":"~4001.1.0-dev-harmony-fb","source-map":"0.1.31"},"licenses":[{"type":"Apache-2.0","url":"http://www.apache.org/licenses/LICENSE-2.0"}],"engines":{"node":">=0.8.8"},"devDependencies":{"jest-cli":"0.1.5"},"jest":{"scriptPreprocessor":"<rootDir>/jestPreprocessor.js"},"scripts":{"prepublish":"jest","test":"jest"},"bugs":{"url":"https://github.com/facebook/jstransform/issues"},"homepage":"https://github.com/facebook/jstransform","_id":"jstransform@5.0.0","_shasum":"c515580dddeb825cf8be0cb3cfd63fcf394326a3","_from":".","_npmVersion":"1.4.7","_npmUser":{"name":"jeffmo","email":"jeff@anafx.com"},"maintainers":[{"name":"jeffmo","email":"jeff@anafx.com"},{"name":"zpao","email":"paul@oshannessy.com"}],"dist":{"shasum":"c515580dddeb825cf8be0cb3cfd63fcf394326a3","tarball":"https://registry.npmjs.org/jstransform/-/jstransform-5.0.0.tgz"},"directories":{}},"6.0.0":{"name":"jstransform","version":"6.0.0","description":"A simple AST visitor-based JS transformer","contributors":[{"name":"Jeff Morrison","email":"jeffmo@fb.com"}],"main":"src/jstransform","repository":{"type":"git","url":"git@github.com:facebook/jstransform.git"},"keywords":["transformer","compiler","syntax","visitor"],"dependencies":{"base62":"0.1.1","esprima-fb":"~4001.1001.0-dev-harmony-fb","source-map":"0.1.31"},"licenses":[{"type":"Apache-2.0","url":"http://www.apache.org/licenses/LICENSE-2.0"}],"engines":{"node":">=0.8.8"},"devDependencies":{"jest-cli":"^0.1.5"},"jest":{"scriptPreprocessor":"<rootDir>/jestPreprocessor.js"},"scripts":{"prepublish":"jest","test":"jest"},"gitHead":"4abc6e727cb0f82e17b31483e1ea51d2ac3a6dbc","bugs":{"url":"https://github.com/facebook/jstransform/issues"},"homepage":"https://github.com/facebook/jstransform","_id":"jstransform@6.0.0","_shasum":"366a4ac1c48d43c41713ec2603c488575701f93e","_from":".","_npmVersion":"1.4.18","_npmUser":{"name":"zpao","email":"paul@oshannessy.com"},"maintainers":[{"name":"jeffmo","email":"jeff@anafx.com"},{"name":"zpao","email":"paul@oshannessy.com"}],"dist":{"shasum":"366a4ac1c48d43c41713ec2603c488575701f93e","tarball":"https://registry.npmjs.org/jstransform/-/jstransform-6.0.0.tgz"},"directories":{}},"6.0.1":{"name":"jstransform","version":"6.0.1","description":"A simple AST visitor-based JS transformer","contributors":[{"name":"Jeff Morrison","email":"jeffmo@fb.com"}],"main":"src/jstransform","repository":{"type":"git","url":"git@github.com:facebook/jstransform.git"},"keywords":["transformer","compiler","syntax","visitor"],"dependencies":{"base62":"0.1.1","esprima-fb":"~4001.3001.0-dev-harmony-fb","source-map":"0.1.31"},"licenses":[{"type":"Apache-2.0","url":"http://www.apache.org/licenses/LICENSE-2.0"}],"engines":{"node":">=0.8.8"},"devDependencies":{"jest-cli":"^0.1.5"},"jest":{"scriptPreprocessor":"<rootDir>/jestPreprocessor.js"},"scripts":{"prepublish":"jest","test":"jest"},"bugs":{"url":"https://github.com/facebook/jstransform/issues"},"homepage":"https://github.com/facebook/jstransform","_id":"jstransform@6.0.1","_shasum":"8f267da60774037e4253f2a4ad5bcefb7bfa8012","_from":".","_npmVersion":"1.4.7","_npmUser":{"name":"jeffmo","email":"jeff@anafx.com"},"maintainers":[{"name":"jeffmo","email":"jeff@anafx.com"},{"name":"zpao","email":"paul@oshannessy.com"}],"dist":{"shasum":"8f267da60774037e4253f2a4ad5bcefb7bfa8012","tarball":"https://registry.npmjs.org/jstransform/-/jstransform-6.0.1.tgz"},"directories":{}},"6.1.0":{"name":"jstransform","version":"6.1.0","description":"A simple AST visitor-based JS transformer","contributors":[{"name":"Jeff Morrison","email":"jeffmo@fb.com"}],"main":"src/jstransform","repository":{"type":"git","url":"git@github.com:facebook/jstransform.git"},"keywords":["transformer","compiler","syntax","visitor"],"dependencies":{"base62":"0.1.1","esprima-fb":"~4001.3001.0-dev-harmony-fb","source-map":"0.1.31"},"licenses":[{"type":"Apache-2.0","url":"http://www.apache.org/licenses/LICENSE-2.0"}],"engines":{"node":">=0.8.8"},"devDependencies":{"jest-cli":"^0.1.5"},"jest":{"scriptPreprocessor":"<rootDir>/jestPreprocessor.js"},"scripts":{"prepublish":"jest","test":"jest"},"gitHead":"b82023927507b0f63b39cca2c05cadd6f702d8ed","bugs":{"url":"https://github.com/facebook/jstransform/issues"},"homepage":"https://github.com/facebook/jstransform","_id":"jstransform@6.1.0","_shasum":"74e603eaa679efa096df9c695205181365ed70dc","_from":".","_npmVersion":"1.4.14","_npmUser":{"name":"zpao","email":"paul@oshannessy.com"},"maintainers":[{"name":"jeffmo","email":"jeff@anafx.com"},{"name":"zpao","email":"paul@oshannessy.com"}],"dist":{"shasum":"74e603eaa679efa096df9c695205181365ed70dc","tarball":"https://registry.npmjs.org/jstransform/-/jstransform-6.1.0.tgz"},"directories":{}},"6.2.0":{"name":"jstransform","version":"6.2.0","description":"A simple AST visitor-based JS transformer","contributors":[{"name":"Jeff Morrison","email":"jeffmo@fb.com"}],"main":"src/jstransform","repository":{"type":"git","url":"git@github.com:facebook/jstransform.git"},"keywords":["transformer","compiler","syntax","visitor"],"dependencies":{"base62":"0.1.1","esprima-fb":"~6001.1.0-dev-harmony-fb","source-map":"0.1.31"},"licenses":[{"type":"Apache-2.0","url":"http://www.apache.org/licenses/LICENSE-2.0"}],"engines":{"node":">=0.8.8"},"devDependencies":{"jest-cli":"^0.1.5"},"jest":{"scriptPreprocessor":"<rootDir>/jestPreprocessor.js"},"scripts":{"prepublish":"jest","test":"jest"},"gitHead":"f59f2e3fbb44de2882cd4ebeb24edaa6c736a4b2","bugs":{"url":"https://github.com/facebook/jstransform/issues"},"homepage":"https://github.com/facebook/jstransform","_id":"jstransform@6.2.0","_shasum":"ebc7e99d8d1a8e48c6a0dbe444ee5dc9cbda3255","_from":".","_npmVersion":"1.4.21","_npmUser":{"name":"jeffmo","email":"jeff@anafx.com"},"maintainers":[{"name":"jeffmo","email":"jeff@anafx.com"},{"name":"zpao","email":"paul@oshannessy.com"}],"dist":{"shasum":"ebc7e99d8d1a8e48c6a0dbe444ee5dc9cbda3255","tarball":"https://registry.npmjs.org/jstransform/-/jstransform-6.2.0.tgz"},"directories":{}},"6.3.0":{"name":"jstransform","version":"6.3.0","description":"A simple AST visitor-based JS transformer","contributors":[{"name":"Jeff Morrison","email":"jeffmo@fb.com"}],"main":"src/jstransform","repository":{"type":"git","url":"git@github.com:facebook/jstransform.git"},"keywords":["transformer","compiler","syntax","visitor"],"dependencies":{"base62":"0.1.1","esprima-fb":"~6001.1.0-dev-harmony-fb","source-map":"0.1.31"},"licenses":[{"type":"Apache-2.0","url":"http://www.apache.org/licenses/LICENSE-2.0"}],"engines":{"node":">=0.8.8"},"devDependencies":{"jest-cli":"^0.1.5"},"jest":{"scriptPreprocessor":"<rootDir>/jestPreprocessor.js"},"scripts":{"prepublish":"jest","test":"jest"},"gitHead":"5776734b032d998693c1cbc31bc858b91a98239b","bugs":{"url":"https://github.com/facebook/jstransform/issues"},"homepage":"https://github.com/facebook/jstransform","_id":"jstransform@6.3.0","_shasum":"980c221b17400feee0eed02afbb23eabdfecd229","_from":".","_npmVersion":"1.4.23","_npmUser":{"name":"amasad","email":"amjad.masad@gmail.com"},"maintainers":[{"name":"jeffmo","email":"jeff@anafx.com"},{"name":"zpao","email":"paul@oshannessy.com"},{"name":"amasad","email":"amjad.masad@gmail.com"}],"dist":{"shasum":"980c221b17400feee0eed02afbb23eabdfecd229","tarball":"https://registry.npmjs.org/jstransform/-/jstransform-6.3.0.tgz"},"directories":{}},"6.3.2":{"name":"jstransform","version":"6.3.2","description":"A simple AST visitor-based JS transformer","contributors":[{"name":"Jeff Morrison","email":"jeffmo@fb.com"}],"main":"src/jstransform","repository":{"type":"git","url":"git@github.com:facebook/jstransform.git"},"keywords":["transformer","compiler","syntax","visitor"],"dependencies":{"base62":"0.1.1","esprima-fb":"~6001.1.0-dev-harmony-fb","source-map":"0.1.31"},"licenses":[{"type":"Apache-2.0","url":"http://www.apache.org/licenses/LICENSE-2.0"}],"engines":{"node":">=0.8.8"},"devDependencies":{"jest-cli":"^0.1.5"},"jest":{"scriptPreprocessor":"<rootDir>/jestPreprocessor.js"},"scripts":{"prepublish":"jest","test":"jest"},"gitHead":"13e63c1a340e919dd12f6a50c691d50671f01c75","bugs":{"url":"https://github.com/facebook/jstransform/issues"},"homepage":"https://github.com/facebook/jstransform","_id":"jstransform@6.3.2","_shasum":"1e7a99ca7540b26676d972ab75f1d2e74e6b23a9","_from":".","_npmVersion":"1.4.21","_npmUser":{"name":"jeffmo","email":"jeff@anafx.com"},"maintainers":[{"name":"jeffmo","email":"jeff@anafx.com"},{"name":"zpao","email":"paul@oshannessy.com"},{"name":"amasad","email":"amjad.masad@gmail.com"}],"dist":{"shasum":"1e7a99ca7540b26676d972ab75f1d2e74e6b23a9","tarball":"https://registry.npmjs.org/jstransform/-/jstransform-6.3.2.tgz"},"directories":{}},"7.0.0":{"name":"jstransform","version":"7.0.0","description":"A simple AST visitor-based JS transformer","contributors":[{"name":"Jeff Morrison","email":"jeffmo@fb.com"}],"main":"src/jstransform","repository":{"type":"git","url":"git@github.com:facebook/jstransform.git"},"keywords":["transformer","compiler","syntax","visitor"],"dependencies":{"base62":"0.1.1","esprima-fb":"~7001.0001.0000-dev-harmony-fb","source-map":"0.1.31"},"licenses":[{"type":"Apache-2.0","url":"http://www.apache.org/licenses/LICENSE-2.0"}],"engines":{"node":">=0.8.8"},"devDependencies":{"jest-cli":"^0.1.5"},"jest":{"scriptPreprocessor":"<rootDir>/jestPreprocessor.js"},"scripts":{"prepublish":"jest","test":"jest"},"gitHead":"ac9962493c5ae2ea5bd5b5f426349324ae121bea","bugs":{"url":"https://github.com/facebook/jstransform/issues"},"homepage":"https://github.com/facebook/jstransform","_id":"jstransform@7.0.0","_shasum":"4f5b7fd0dce2d2ba8b7d0a3190b278ee8bf68a6c","_from":".","_npmVersion":"1.4.21","_npmUser":{"name":"jeffmo","email":"jeff@anafx.com"},"maintainers":[{"name":"jeffmo","email":"jeff@anafx.com"},{"name":"zpao","email":"paul@oshannessy.com"},{"name":"amasad","email":"amjad.masad@gmail.com"}],"dist":{"shasum":"4f5b7fd0dce2d2ba8b7d0a3190b278ee8bf68a6c","tarball":"https://registry.npmjs.org/jstransform/-/jstransform-7.0.0.tgz"},"directories":{}},"8.0.0":{"name":"jstransform","version":"8.0.0","description":"A simple AST visitor-based JS transformer","contributors":[{"name":"Jeff Morrison","email":"jeffmo@fb.com"}],"main":"src/jstransform","repository":{"type":"git","url":"git@github.com:facebook/jstransform.git"},"keywords":["transformer","compiler","syntax","visitor"],"dependencies":{"base62":"0.1.1","esprima-fb":"8001.1.0-dev-harmony-fb","source-map":"0.1.31"},"licenses":[{"type":"Apache-2.0","url":"http://www.apache.org/licenses/LICENSE-2.0"}],"engines":{"node":">=0.8.8"},"devDependencies":{"jest-cli":"^0.1.5"},"jest":{"scriptPreprocessor":"<rootDir>/jestPreprocessor.js","setupEnvScriptFile":"<rootDir>/jestEnvironment.js"},"scripts":{"prepublish":"jest","test":"jest"},"gitHead":"031867d44d4036fdb2fdcb96410fbf5ec564ebb7","bugs":{"url":"https://github.com/facebook/jstransform/issues"},"homepage":"https://github.com/facebook/jstransform","_id":"jstransform@8.0.0","_shasum":"63a30b7536a1eba1ad3bbc3acf37899ae75b3a15","_from":".","_npmVersion":"1.4.21","_npmUser":{"name":"jeffmo","email":"jeff@anafx.com"},"maintainers":[{"name":"jeffmo","email":"jeff@anafx.com"},{"name":"zpao","email":"paul@oshannessy.com"},{"name":"amasad","email":"amjad.masad@gmail.com"}],"dist":{"shasum":"63a30b7536a1eba1ad3bbc3acf37899ae75b3a15","tarball":"https://registry.npmjs.org/jstransform/-/jstransform-8.0.0.tgz"},"directories":{}},"8.1.0":{"name":"jstransform","version":"8.1.0","description":"A simple AST visitor-based JS transformer","contributors":[{"name":"Jeff Morrison","email":"jeffmo@fb.com"}],"main":"src/jstransform","repository":{"type":"git","url":"git@github.com:facebook/jstransform.git"},"keywords":["transformer","compiler","syntax","visitor"],"dependencies":{"base62":"0.1.1","esprima-fb":"8001.1.0-dev-harmony-fb","source-map":"0.1.31"},"licenses":[{"type":"Apache-2.0","url":"http://www.apache.org/licenses/LICENSE-2.0"}],"engines":{"node":">=0.8.8"},"devDependencies":{"jest-cli":"^0.1.5"},"jest":{"scriptPreprocessor":"<rootDir>/jestPreprocessor.js","setupEnvScriptFile":"<rootDir>/jestEnvironment.js","testPathIgnorePatterns":["/node_modules/","/__tests__/[^/]*/.+"]},"scripts":{"prepublish":"jest","test":"jest"},"gitHead":"d943e68507af5f68c2350c6369efcd0f268b728e","bugs":{"url":"https://github.com/facebook/jstransform/issues"},"homepage":"https://github.com/facebook/jstransform","_id":"jstransform@8.1.0","_shasum":"0e63b26535f988a78abeec27129925af6293f874","_from":".","_npmVersion":"1.4.21","_npmUser":{"name":"jeffmo","email":"jeff@anafx.com"},"maintainers":[{"name":"jeffmo","email":"jeff@anafx.com"},{"name":"zpao","email":"paul@oshannessy.com"},{"name":"amasad","email":"amjad.masad@gmail.com"},{"name":"gabelevi","email":"gabelevi@gmail.com"}],"dist":{"shasum":"0e63b26535f988a78abeec27129925af6293f874","tarball":"https://registry.npmjs.org/jstransform/-/jstransform-8.1.0.tgz"},"directories":{}},"8.2.0":{"name":"jstransform","version":"8.2.0","description":"A simple AST visitor-based JS transformer","contributors":[{"name":"Jeff Morrison","email":"jeffmo@fb.com"}],"main":"src/jstransform","repository":{"type":"git","url":"git@github.com:facebook/jstransform.git"},"keywords":["transformer","compiler","syntax","visitor"],"dependencies":{"base62":"0.1.1","esprima-fb":"8001.1001.0-dev-harmony-fb","source-map":"0.1.31"},"licenses":[{"type":"Apache-2.0","url":"http://www.apache.org/licenses/LICENSE-2.0"}],"engines":{"node":">=0.8.8"},"devDependencies":{"jest-cli":"^0.1.5"},"jest":{"scriptPreprocessor":"<rootDir>/jestPreprocessor.js","setupEnvScriptFile":"<rootDir>/jestEnvironment.js","testPathIgnorePatterns":["/node_modules/","/__tests__/[^/]*/.+"]},"scripts":{"prepublish":"jest","test":"jest"},"gitHead":"4335df00eafe4a128d9dbd8ebece665441ff4e5f","bugs":{"url":"https://github.com/facebook/jstransform/issues"},"homepage":"https://github.com/facebook/jstransform","_id":"jstransform@8.2.0","_shasum":"e43f697f7cc01a1e7c827dd9df5a79d29d0c50bb","_from":".","_npmVersion":"1.4.21","_npmUser":{"name":"jeffmo","email":"jeff@anafx.com"},"maintainers":[{"name":"jeffmo","email":"jeff@anafx.com"},{"name":"zpao","email":"paul@oshannessy.com"},{"name":"amasad","email":"amjad.masad@gmail.com"},{"name":"gabelevi","email":"gabelevi@gmail.com"}],"dist":{"shasum":"e43f697f7cc01a1e7c827dd9df5a79d29d0c50bb","tarball":"https://registry.npmjs.org/jstransform/-/jstransform-8.2.0.tgz"},"directories":{}},"9.0.0":{"name":"jstransform","version":"9.0.0","description":"A simple AST visitor-based JS transformer","contributors":[{"name":"Jeff Morrison","email":"jeffmo@fb.com"}],"main":"src/jstransform","repository":{"type":"git","url":"git@github.com:facebook/jstransform.git"},"keywords":["transformer","compiler","syntax","visitor"],"dependencies":{"base62":"0.1.1","esprima-fb":"12001.1.0-dev-harmony-fb","source-map":"0.1.31"},"licenses":[{"type":"Apache-2.0","url":"http://www.apache.org/licenses/LICENSE-2.0"}],"engines":{"node":">=0.8.8"},"devDependencies":{"jest-cli":"^0.2","jshint":"^2.5.10"},"jest":{"scriptPreprocessor":"<rootDir>/jestPreprocessor.js","setupEnvScriptFile":"<rootDir>/jestEnvironment.js","testPathIgnorePatterns":["/node_modules/","/__tests__/[^/]*/.+"]},"scripts":{"prepublish":"jest && jshint --config=.jshintrc --exclude=node_modules .","test":"jest && jshint --config=.jshintrc --exclude=node_modules ."},"gitHead":"d9cfc1515abb26a708f476b37af6ccc948d15ac9","bugs":{"url":"https://github.com/facebook/jstransform/issues"},"homepage":"https://github.com/facebook/jstransform","_id":"jstransform@9.0.0","_shasum":"3561055a45c159deab3de536d90dedfab0ecde08","_from":".","_npmVersion":"1.4.16","_npmUser":{"name":"gabelevi","email":"gabelevi@gmail.com"},"maintainers":[{"name":"jeffmo","email":"jeff@anafx.com"},{"name":"zpao","email":"paul@oshannessy.com"},{"name":"amasad","email":"amjad.masad@gmail.com"},{"name":"gabelevi","email":"gabelevi@gmail.com"}],"dist":{"shasum":"3561055a45c159deab3de536d90dedfab0ecde08","tarball":"https://registry.npmjs.org/jstransform/-/jstransform-9.0.0.tgz"},"directories":{}},"9.1.0":{"name":"jstransform","version":"9.1.0","description":"A simple AST visitor-based JS transformer","contributors":[{"name":"Jeff Morrison","email":"jeffmo@fb.com"}],"main":"src/jstransform","repository":{"type":"git","url":"git@github.com:facebook/jstransform.git"},"keywords":["transformer","compiler","syntax","visitor"],"dependencies":{"base62":"0.1.1","esprima-fb":"12001.1.0-dev-harmony-fb","source-map":"0.1.31"},"licenses":[{"type":"Apache-2.0","url":"http://www.apache.org/licenses/LICENSE-2.0"}],"engines":{"node":">=0.8.8"},"devDependencies":{"jest-cli":"^0.2","jshint":"^2.5.10"},"jest":{"scriptPreprocessor":"<rootDir>/jestPreprocessor.js","setupEnvScriptFile":"<rootDir>/jestEnvironment.js","testPathIgnorePatterns":["/node_modules/","/__tests__/[^/]*/.+"]},"scripts":{"prepublish":"jest && jshint --config=.jshintrc --exclude=node_modules .","test":"jest && jshint --config=.jshintrc --exclude=node_modules ."},"gitHead":"bf44a41d852bb5d86fdc780b03cd45d75b5b5cee","bugs":{"url":"https://github.com/facebook/jstransform/issues"},"homepage":"https://github.com/facebook/jstransform","_id":"jstransform@9.1.0","_shasum":"7b3903a1ba4aab972daa0540a4131c5386ad90dd","_from":".","_npmVersion":"1.4.16","_npmUser":{"name":"gabelevi","email":"gabelevi@gmail.com"},"maintainers":[{"name":"jeffmo","email":"jeff@anafx.com"},{"name":"zpao","email":"paul@oshannessy.com"},{"name":"amasad","email":"amjad.masad@gmail.com"},{"name":"gabelevi","email":"gabelevi@gmail.com"}],"dist":{"shasum":"7b3903a1ba4aab972daa0540a4131c5386ad90dd","tarball":"https://registry.npmjs.org/jstransform/-/jstransform-9.1.0.tgz"},"directories":{}},"9.1.1":{"name":"jstransform","version":"9.1.1","description":"A simple AST visitor-based JS transformer","contributors":[{"name":"Jeff Morrison","email":"jeffmo@fb.com"}],"main":"src/jstransform","repository":{"type":"git","url":"git@github.com:facebook/jstransform.git"},"keywords":["transformer","compiler","syntax","visitor"],"dependencies":{"base62":"0.1.1","esprima-fb":"12001.1.0-dev-harmony-fb","source-map":"0.1.31"},"licenses":[{"type":"Apache-2.0","url":"http://www.apache.org/licenses/LICENSE-2.0"}],"engines":{"node":">=0.8.8"},"devDependencies":{"jest-cli":"^0.2","jshint":"^2.5.10"},"jest":{"scriptPreprocessor":"<rootDir>/jestPreprocessor.js","setupEnvScriptFile":"<rootDir>/jestEnvironment.js","testPathIgnorePatterns":["/node_modules/","/__tests__/[^/]*/.+"]},"scripts":{"prepublish":"jest && jshint --config=.jshintrc --exclude=node_modules .","test":"jest && jshint --config=.jshintrc --exclude=node_modules ."},"gitHead":"0b85568e4ad5e27df7c2a0aebbd50f547c55194e","bugs":{"url":"https://github.com/facebook/jstransform/issues"},"homepage":"https://github.com/facebook/jstransform","_id":"jstransform@9.1.1","_shasum":"2085ae83ac4e28d5f247c56bf6e43404a85c4b14","_from":".","_npmVersion":"1.4.21","_npmUser":{"name":"jeffmo","email":"lbljeffmo@gmail.com"},"maintainers":[{"name":"jeffmo","email":"jeff@anafx.com"},{"name":"zpao","email":"paul@oshannessy.com"},{"name":"amasad","email":"amjad.masad@gmail.com"},{"name":"gabelevi","email":"gabelevi@gmail.com"}],"dist":{"shasum":"2085ae83ac4e28d5f247c56bf6e43404a85c4b14","tarball":"https://registry.npmjs.org/jstransform/-/jstransform-9.1.1.tgz"},"directories":{}},"10.0.0":{"name":"jstransform","version":"10.0.0","description":"A simple AST visitor-based JS transformer","contributors":[{"name":"Jeff Morrison","email":"jeffmo@fb.com"}],"main":"src/jstransform","repository":{"type":"git","url":"git@github.com:facebook/jstransform.git"},"keywords":["transformer","compiler","syntax","visitor"],"dependencies":{"base62":"0.1.1","esprima-fb":"13001.1.0-dev-harmony-fb","source-map":"0.1.31"},"licenses":[{"type":"Apache-2.0","url":"http://www.apache.org/licenses/LICENSE-2.0"}],"engines":{"node":">=0.8.8"},"devDependencies":{"jest-cli":"^0.2","jshint":"^2.5.10"},"jest":{"scriptPreprocessor":"<rootDir>/jestPreprocessor.js","setupEnvScriptFile":"<rootDir>/jestEnvironment.js","testPathIgnorePatterns":["/node_modules/","/__tests__/[^/]*/.+"]},"scripts":{"prepublish":"jest && jshint --config=.jshintrc --exclude=node_modules .","test":"jest && jshint --config=.jshintrc --exclude=node_modules ."},"gitHead":"b4230cdac8344b5d915bfb1b064234a5da0fe5bc","bugs":{"url":"https://github.com/facebook/jstransform/issues"},"homepage":"https://github.com/facebook/jstransform","_id":"jstransform@10.0.0","_shasum":"6220c66d7cafce622aaaadd0d17b170a356bb08f","_from":".","_npmVersion":"2.6.1","_nodeVersion":"0.10.36","_npmUser":{"name":"zpao","email":"paul@oshannessy.com"},"maintainers":[{"name":"jeffmo","email":"jeff@anafx.com"},{"name":"zpao","email":"paul@oshannessy.com"},{"name":"amasad","email":"amjad.masad@gmail.com"},{"name":"gabelevi","email":"gabelevi@gmail.com"}],"dist":{"shasum":"6220c66d7cafce622aaaadd0d17b170a356bb08f","tarball":"https://registry.npmjs.org/jstransform/-/jstransform-10.0.0.tgz"},"directories":{}},"10.0.1":{"name":"jstransform","version":"10.0.1","description":"A simple AST visitor-based JS transformer","contributors":[{"name":"Jeff Morrison","email":"jeffmo@fb.com"}],"main":"src/jstransform","repository":{"type":"git","url":"git@github.com:facebook/jstransform.git"},"keywords":["transformer","compiler","syntax","visitor"],"dependencies":{"base62":"0.1.1","esprima-fb":"13001.1.0-dev-harmony-fb","source-map":"0.1.31"},"licenses":[{"type":"Apache-2.0","url":"http://www.apache.org/licenses/LICENSE-2.0"}],"engines":{"node":">=0.8.8"},"devDependencies":{"jest-cli":"^0.2","jshint":"^2.5.10"},"jest":{"scriptPreprocessor":"<rootDir>/jestPreprocessor.js","setupEnvScriptFile":"<rootDir>/jestEnvironment.js","testPathIgnorePatterns":["/node_modules/","/__tests__/[^/]*/.+"]},"scripts":{"prepublish":"jest && jshint --config=.jshintrc --exclude=node_modules .","test":"jest && jshint --config=.jshintrc --exclude=node_modules ."},"gitHead":"2524d79c684188ad530e3b50b3aaabcf4c53df90","bugs":{"url":"https://github.com/facebook/jstransform/issues"},"homepage":"https://github.com/facebook/jstransform","_id":"jstransform@10.0.1","_shasum":"034ccb7e8b8e7ecc88bfac18c68cedb2849333a1","_from":".","_npmVersion":"1.4.16","_npmUser":{"name":"gabelevi","email":"gabelevi@gmail.com"},"maintainers":[{"name":"jeffmo","email":"jeff@anafx.com"},{"name":"zpao","email":"paul@oshannessy.com"},{"name":"amasad","email":"amjad.masad@gmail.com"},{"name":"gabelevi","email":"gabelevi@gmail.com"}],"dist":{"shasum":"034ccb7e8b8e7ecc88bfac18c68cedb2849333a1","tarball":"https://registry.npmjs.org/jstransform/-/jstransform-10.0.1.tgz"},"directories":{}},"10.1.0":{"name":"jstransform","version":"10.1.0","description":"A simple AST visitor-based JS transformer","contributors":[{"name":"Jeff Morrison","email":"jeffmo@fb.com"}],"main":"src/jstransform","repository":{"type":"git","url":"git@github.com:facebook/jstransform.git"},"keywords":["transformer","compiler","syntax","visitor"],"dependencies":{"base62":"0.1.1","esprima-fb":"13001.1001.0-dev-harmony-fb","source-map":"0.1.31"},"licenses":[{"type":"Apache-2.0","url":"http://www.apache.org/licenses/LICENSE-2.0"}],"engines":{"node":">=0.8.8"},"devDependencies":{"jest-cli":"^0.2","jshint":"^2.5.10"},"jest":{"scriptPreprocessor":"<rootDir>/jestPreprocessor.js","setupEnvScriptFile":"<rootDir>/jestEnvironment.js","testPathIgnorePatterns":["/node_modules/","/__tests__/[^/]*/.+"]},"scripts":{"prepublish":"jest && jshint --config=.jshintrc --exclude=node_modules .","test":"jest && jshint --config=.jshintrc --exclude=node_modules ."},"gitHead":"90201cf6e40549bacf0efe8915600658a9564471","bugs":{"url":"https://github.com/facebook/jstransform/issues"},"homepage":"https://github.com/facebook/jstransform","_id":"jstransform@10.1.0","_shasum":"b4c49bf63f162c108b0348399a8737c713b0a83a","_from":".","_npmVersion":"1.4.16","_npmUser":{"name":"gabelevi","email":"gabelevi@gmail.com"},"maintainers":[{"name":"jeffmo","email":"jeff@anafx.com"},{"name":"zpao","email":"paul@oshannessy.com"},{"name":"amasad","email":"amjad.masad@gmail.com"},{"name":"gabelevi","email":"gabelevi@gmail.com"}],"dist":{"shasum":"b4c49bf63f162c108b0348399a8737c713b0a83a","tarball":"https://registry.npmjs.org/jstransform/-/jstransform-10.1.0.tgz"},"directories":{}},"11.0.0":{"name":"jstransform","version":"11.0.0","description":"A simple AST visitor-based JS transformer","contributors":[{"name":"Jeff Morrison","email":"jeffmo@fb.com"}],"bin":{"jstransform":"bin/jstransform"},"main":"src/jstransform","repository":{"type":"git","url":"git@github.com:facebook/jstransform.git"},"keywords":["transformer","compiler","syntax","visitor"],"dependencies":{"base62":"^1.1.0","commoner":"^0.10.1","esprima-fb":"^15001.1.0-dev-harmony-fb","object-assign":"^2.0.0","source-map":"^0.4.2"},"license":"BSD-3-Clause","engines":{"node":">=0.8.8"},"devDependencies":{"jest-cli":"^0.4.0","jshint":"^2.6.3"},"jest":{"scriptPreprocessor":"<rootDir>/jestPreprocessor.js","setupEnvScriptFile":"<rootDir>/jestEnvironment.js","testPathIgnorePatterns":["/node_modules/","/__tests__/[^/]*/.+"]},"scripts":{"prepublish":"jest && jshint --config=.jshintrc --exclude=node_modules .","test":"jest && jshint --config=.jshintrc --exclude=node_modules ."},"gitHead":"75b2566d7fa0eb8f24ff5f438926f0d4feb05027","bugs":{"url":"https://github.com/facebook/jstransform/issues"},"homepage":"https://github.com/facebook/jstransform","_id":"jstransform@11.0.0","_shasum":"f2673c4793754ed151e471c88731b24568798997","_from":".","_npmVersion":"2.7.3","_nodeVersion":"0.10.38","_npmUser":{"name":"zpao","email":"paul@oshannessy.com"},"maintainers":[{"name":"jeffmo","email":"jeff@anafx.com"},{"name":"zpao","email":"paul@oshannessy.com"},{"name":"amasad","email":"amjad.masad@gmail.com"},{"name":"gabelevi","email":"gabelevi@gmail.com"}],"dist":{"shasum":"f2673c4793754ed151e471c88731b24568798997","tarball":"https://registry.npmjs.org/jstransform/-/jstransform-11.0.0.tgz"},"directories":{}},"11.0.1":{"name":"jstransform","version":"11.0.1","description":"A simple AST visitor-based JS transformer","contributors":[{"name":"Jeff Morrison","email":"jeffmo@fb.com"}],"bin":{"jstransform":"bin/jstransform"},"main":"src/jstransform","repository":{"type":"git","url":"git@github.com:facebook/jstransform.git"},"keywords":["transformer","compiler","syntax","visitor"],"dependencies":{"base62":"^1.1.0","commoner":"^0.10.1","esprima-fb":"^15001.1.0-dev-harmony-fb","object-assign":"^2.0.0","source-map":"^0.4.2"},"license":"BSD-3-Clause","engines":{"node":">=0.8.8"},"devDependencies":{"jest-cli":"^0.4.0","jshint":"^2.6.3"},"jest":{"scriptPreprocessor":"<rootDir>/jestPreprocessor.js","setupEnvScriptFile":"<rootDir>/jestEnvironment.js","testPathIgnorePatterns":["/node_modules/","/__tests__/[^/]*/.+"]},"scripts":{"prepublish":"jest && jshint --config=.jshintrc --exclude=node_modules .","test":"jest && jshint --config=.jshintrc --exclude=node_modules ."},"gitHead":"3d171fe651d1ab8b2b1c5399451845ce9584ab6a","bugs":{"url":"https://github.com/facebook/jstransform/issues"},"homepage":"https://github.com/facebook/jstransform","_id":"jstransform@11.0.1","_shasum":"e0d780f65eeac4650306e9a0edc4d8929c5bad4b","_from":".","_npmVersion":"2.7.3","_nodeVersion":"0.10.38","_npmUser":{"name":"zpao","email":"paul@oshannessy.com"},"maintainers":[{"name":"jeffmo","email":"jeff@anafx.com"},{"name":"zpao","email":"paul@oshannessy.com"},{"name":"amasad","email":"amjad.masad@gmail.com"},{"name":"gabelevi","email":"gabelevi@gmail.com"}],"dist":{"shasum":"e0d780f65eeac4650306e9a0edc4d8929c5bad4b","tarball":"https://registry.npmjs.org/jstransform/-/jstransform-11.0.1.tgz"},"directories":{}},"11.0.2":{"name":"jstransform","version":"11.0.2","description":"A simple AST visitor-based JS transformer","contributors":[{"name":"Jeff Morrison","email":"jeffmo@fb.com"}],"bin":{"jstransform":"bin/jstransform"},"main":"src/jstransform","repository":{"type":"git","url":"git+ssh://git@github.com/facebook/jstransform.git"},"keywords":["transformer","compiler","syntax","visitor"],"dependencies":{"base62":"^1.1.0","commoner":"^0.10.1","esprima-fb":"^15001.1.0-dev-harmony-fb","object-assign":"^2.0.0","source-map":"^0.4.2"},"license":"BSD-3-Clause","engines":{"node":">=0.8.8"},"devDependencies":{"jest-cli":"^0.4.0","jshint":"^2.6.3"},"jest":{"scriptPreprocessor":"<rootDir>/jestPreprocessor.js","setupEnvScriptFile":"<rootDir>/jestEnvironment.js","testPathIgnorePatterns":["/node_modules/","/__tests__/[^/]*/.+"]},"scripts":{"prepublish":"jest && jshint --config=.jshintrc --exclude=node_modules .","test":"jest && jshint --config=.jshintrc --exclude=node_modules ."},"gitHead":"a1f704542aefbd7e91760e90e5bcd4c5f68e4f31","bugs":{"url":"https://github.com/facebook/jstransform/issues"},"homepage":"https://github.com/facebook/jstransform#readme","_id":"jstransform@11.0.2","_shasum":"b981c89eb7c12a9eaf046e6c04fd250c0639a63e","_from":".","_npmVersion":"2.11.0","_nodeVersion":"0.10.38","_npmUser":{"name":"zpao","email":"paul@oshannessy.com"},"maintainers":[{"name":"jeffmo","email":"jeff@anafx.com"},{"name":"zpao","email":"paul@oshannessy.com"},{"name":"amasad","email":"amjad.masad@gmail.com"},{"name":"gabelevi","email":"gabelevi@gmail.com"}],"dist":{"shasum":"b981c89eb7c12a9eaf046e6c04fd250c0639a63e","tarball":"https://registry.npmjs.org/jstransform/-/jstransform-11.0.2.tgz"},"directories":{}},"11.0.3":{"name":"jstransform","version":"11.0.3","description":"A simple AST visitor-based JS transformer","contributors":[{"name":"Jeff Morrison","email":"jeffmo@fb.com"}],"bin":{"jstransform":"bin/jstransform"},"main":"src/jstransform","repository":{"type":"git","url":"git+ssh://git@github.com/facebook/jstransform.git"},"keywords":["transformer","compiler","syntax","visitor"],"dependencies":{"base62":"^1.1.0","commoner":"^0.10.1","esprima-fb":"^15001.1.0-dev-harmony-fb","object-assign":"^2.0.0","source-map":"^0.4.2"},"license":"BSD-3-Clause","engines":{"node":">=0.8.8"},"devDependencies":{"jest-cli":"^0.4.0","jshint":"^2.6.3"},"jest":{"scriptPreprocessor":"<rootDir>/jestPreprocessor.js","setupEnvScriptFile":"<rootDir>/jestEnvironment.js","testPathIgnorePatterns":["/node_modules/","/__tests__/[^/]*/.+"]},"scripts":{"prepublish":"jest && jshint --config=.jshintrc --exclude=node_modules .","test":"jest && jshint --config=.jshintrc --exclude=node_modules ."},"gitHead":"a8859cfc60bebe7c5a45132df061854481178bd7","bugs":{"url":"https://github.com/facebook/jstransform/issues"},"homepage":"https://github.com/facebook/jstransform#readme","_id":"jstransform@11.0.3","_shasum":"09a78993e0ae4d4ef4487f6155a91f6190cb4223","_from":".","_npmVersion":"2.13.0","_nodeVersion":"0.10.40","_npmUser":{"name":"zpao","email":"paul@oshannessy.com"},"maintainers":[{"name":"jeffmo","email":"jeff@anafx.com"},{"name":"zpao","email":"paul@oshannessy.com"},{"name":"amasad","email":"amjad.masad@gmail.com"},{"name":"gabelevi","email":"gabelevi@gmail.com"}],"dist":{"shasum":"09a78993e0ae4d4ef4487f6155a91f6190cb4223","tarball":"https://registry.npmjs.org/jstransform/-/jstransform-11.0.3.tgz"},"directories":{}}},"readme":"# JSTransform [![Build Status](https://travis-ci.org/facebook/jstransform.svg?branch=master)](https://travis-ci.org/facebook/jstransform)\n\nA simple utility for pluggable JS syntax transforms using the esprima parser.\n\n* Makes it simple to write and plug-in syntax transformations\n* Makes it simple to coalesce multiple syntax transformations in a single pass of the AST\n* Gives complete control over the formatting of the output on a per-transformation basis\n* Supports source map generation\n* Comes pre-bundled with a small set of (optional) ES6 -> ES5 transforms\n\n- - -\n\n**Note:**\nIf you're looking for a library for writing new greenfield JS transformations, consider looking at [Babel](https://github.com/babel/babel) or [Recast](https://github.com/benjamn/recast) instead of jstransform. We are still supporting jstransform (and intend to for a little while), but longer term we would like to direct efforts toward other open source projects that do a far better job of supporting a multi-pass JS transformation pipeline. This is important when attempting to apply many transformations to a source file. jstransform does a single pass resulting in performance benefits, but the tradeoff is that many transformations are much harder to write.\n\n- - -\n\n## Usage\n\n### Advanced API\n\n```js\nvar jstranform = require('jstransform')\n```\n\nThis is the API that jstransform has always supported. It gives very fine control over the transforms you use and what order they are run in. It also allows the use of custom transforms.\n\n#### `jstransform.transform(visitors, code, options={})`\n\n**`visitors`**\nArray of visitors. See [the React JSX visitors](https://github.com/facebook/jstransform/blob/master/visitors/react-jsx-visitors.js) as an example of what a visitor looks like.\n\n**`code`**\nString of code to be transformed.\n\n**`options`**\nObject with options that will be passed through to esprima and transforms.\n\n#### `jstransform.Syntax`\n\nThis is the `Syntax` object re-exported from `esprima`. This is available because visitors will need access to this in order to effectively write transforms. By re-exporting we avoid the problem of conflicting versions of esprima being used.\n\n\n### Simple API\n\n```js\nvar simple = require('jstransform/simple')\n```\n\nThe simple API was added to mirror the new command line interface. It works similarly to how `react-tools` worked - there is no need to know exactly which transforms to run. Instead transforms are selected automatically based on the options.\n\n#### `simple.transform(code, options={})`\n\n**`code`**\nString of code to be transformed.\n\n**`options`**\nObject with options. Available options are:\n\noption | values | default\n-------|--------|--------\n`react` | `true`: enable React transforms (JSX, displayName) | `false`\n`es6` | `true`: enable ES6 transforms | `false`\n`es7` | `true`: enable ES7 transforms | `false`\n`harmony` | `true`: shortcut to enable ES6 & ES7 transforms | `false`\n`utility` | `true`: enable utility transforms (trailing commas in objects, arrays) | `false`\n`target` | `es3`: generate ES3 compatible code<br>`es5`: generate ES5 compatible code | `es5`\n`stripTypes` | `true`: strips out Flow type annotations | `false`\n`sourceMap` | `true`: generate and return a Source Map | `false`\n`sourceMapInline` | `true`: append inline source map at the end of the transformed source | `false`\n`sourceFilename` | the output filename for the source map | `\"source.js\"`\n`es6module` | `true`: parses the file as an ES6 module | `false`\n`nonStrictEs6module` | `true`: parses the file as an ES6 module, except disables implicit strict-mode (i.e. CommonJS modules et al are allowed) | `false`\n\n*Returns:* An Object with the following:\n\n**`code`**: the transformed code\n\n**`sourceMap`**: the source map object or `null`\n\n#### `simple.transformFile(file, options={}, callback)`\n\n**`file`**\nString of path to a file to transform. Will be passed directly to `fs.readFile`.\n\n**`options`**\nSee `transform` API.\n\n**`callback`**\nFunction to call with the result, where `result` is return value of `transform`.\n\n```js\ncallback(err, result)\n```\n\n#### `simple.transformFileSync(file, options={})`\n\nThe same as `transformFile` but the file is read synchronously.\n\n\n### CLI\n\nJSTransform now ships with a CLI. It was taken from the `react-tools` CLI so should be very familiar.\n\n```sh\n% jstransform --help\n\n  Usage: jstransform [options] <source directory> <output directory> [<module ID> [<module ID> ...]]\n\n  Options:\n\n    -h, --help                               output usage information\n    -V, --version                            output the version number\n    -c, --config [file]                      JSON configuration file (no file or - means STDIN)\n    -w, --watch                              Continually rebuild\n    -x, --extension <js | coffee | ...>      File extension to assume when resolving module identifiers\n    --relativize                             Rewrite all module identifiers to be relative\n    --follow-requires                        Scan modules for required dependencies\n    --use-provides-module                    Respect @providesModules pragma in files\n    --cache-dir <directory>                  Alternate directory to use for disk cache\n    --no-cache-dir                           Disable the disk cache\n    --source-charset <utf8 | win1252 | ...>  Charset of source (default: utf8)\n    --output-charset <utf8 | win1252 | ...>  Charset of output (default: utf8)\n    --react                                  Turns on the React JSX and React displayName transforms\n    --es6                                    Turns on available ES6 transforms\n    --es7                                    Turns on available ES7 transforms\n    --harmony                                Shorthand to enable all ES6 and ES7 transforms\n    --utility                                Turns on available utility transforms\n    --target [version]                       Specify your target version of ECMAScript. Valid values are \"es3\" and \"es5\". The default is \"es5\". \"es3\" will avoid uses of defineProperty and will quote reserved words. WARNING: \"es5\" is not properly supported, even with the use of es5shim, es5sham. If you need to support IE8, use \"es3\".\n    --strip-types                            Strips out type annotations.\n    --es6module                              Parses the file as a valid ES6 module. (Note that this means implicit strict mode)\n    --non-strict-es6module                   Parses the file as an ES6 module, except disables implicit strict-mode. (This is useful if you're porting non-ES6 modules to ES6, but haven't yet verified that they are strict-mode safe yet)\n    --source-map-inline                      Embed inline sourcemap in transformed source\n    --source-filename                        Filename to use when generating the inline sourcemap. Will default to filename when processing files\n```\n\n## Examples\n\n### Advanced API\n\n#### Using a pre-bundled or existing transform:\n\n```js\n/**\n * Reads a source file that may (or may not) contain ES6 classes, transforms it\n * to ES5 compatible code using the pre-bundled ES6 class visitors, and prints \n * out the result.\n */\nvar es6ClassVisitors = require('jstransform/visitors/es6-class-visitors').visitorList;\nvar fs = require('fs');\nvar jstransform = require('jstransform');\n\nvar originalFileContents = fs.readFileSync('path/to/original/file.js', 'utf-8');\n\nvar transformedFileData = jstransform.transform(\n  es6ClassVisitors,\n  originalFileContents\n);\n\nconsole.log(transformedFileData.code);\n```\n\n#### Using multiple pre-bundled or existing transforms at once:\n\n```js\n/**\n * Reads a source file that may (or may not) contain ES6 classes *or* arrow\n * functions, transforms them to ES5 compatible code using the pre-bundled ES6 \n * visitors, and prints out the result.\n */\nvar es6ArrowFuncVisitors = require('jstransform/visitors/es6-arrow-function-visitors').visitorList;\nvar es6ClassVisitors = require('jstransform/visitors/es6-class-visitors').visitorList;\nvar jstransform = require('jstransform');\n\n// Normally you'd read this from the filesystem, but I'll just use a string here\n// to simplify the example.\nvar originalFileContents = \"var a = (param1) => param1; class FooClass {}\";\n\nvar transformedFileData = jstransform.transform(\n  es6ClassVisitors.concat(es6ArrowFuncVisitors),\n  originalFileContents\n);\n\n// var a = function(param1)  {return param1;}; function FooClass(){\"use strict\";}\nconsole.log(transformedFileData.code);\n```\n\n#### Writing a simple custom transform:\n\n```js\n/**\n * Creates a custom transformation visitor that prefixes all calls to the\n * `eval()` function with a call to `alert()` saying how much of a clown you are\n * for using eval.\n */\nvar jstransform = require('jstransform');\nvar utils = require('jstransform/src/utils');\n\nvar Syntax = jstransform.Syntax;\n\nfunction visitEvalCallExpressions(traverse, node, path, state) {\n  // Appends an alert() call to the output buffer *before* the visited node\n  // (in this case the eval call) is appended to the output buffer\n  utils.append('alert(\"...eval?...really?...\");', state);\n\n  // Now we copy the eval expression to the output buffer from the original\n  // source\n  utils.catchup(node.range[1], state);\n}\nvisitEvalCallExpressions.test = function(node, path, state) {\n  return node.type === Syntax.CallExpression\n         && node.callee.type === Syntax.Identifier\n         && node.callee.name === 'eval';\n};\n\n// Normally you'd read this from the filesystem, but I'll just use a string here\n// to simplify the example.\nvar originalFileContents = \"eval('foo');\";\n\nvar transformedFileData = jstransform.transform(\n  [visitEvalCallExpressions], // Multiple visitors may be applied at once, so an\n                              // array is always expected for the first argument\n  originalFileContents\n);\n\n// alert(\"...eval?...really?...\");eval('foo');\nconsole.log(transformedFileData.code);\n```\n\n### Simple API\n\n#### Reading a file and applying tranforms\n\n```js\nvar simple = require('jstransform/simple');\nvar fs = require('fs');\n\nvar originalCode = fs.readFileSync('path/to/file.js');\n\n// Apply all available ES6 transforms\nvar transformed = simple.transform(originalCode, {es6: true});\nconsole.log(transformed.code);\n\n// Apply ES6 and ES7, generating ES3 compatible code (for IE8)\ntransformed = simple.transform(originalCode, {harmony: true, target: 'es3'});\nconsole.log(transformed.code);\n```\n\n\n## Migration Guide\n\n### Simple API\n\nIf you are coming from `react-tools` and using Node, the APIs are very similar. There are a couple important differences.\n\n1. JSX will not be tranformed by default! You must specify `react: true` in the options.\n2. The return value of `transform` is not the same. `react-tools.transform` only returned the resulting code. `simple.transform` always returns and object with a `code` property. However, if you were using `react-tools.transformWithDetails`, `simple.transform` is essentially the same.\n\n### CLI\n\nThese are virtually identical but again, there are some important difference.\n\n1. JSX will not be transformed by default! You must specify `--react`.\n2. We are using a different executable - `jstransform` - (`jsx` doesn't make sense here).\n3. There are a numbr of new options available. Namely `--utility`, `--es6` and `--es7` (`--harmony` is still available and will enable both).\n","maintainers":[{"name":"jeffmo","email":"jeff@anafx.com"},{"name":"zpao","email":"paul@oshannessy.com"},{"name":"amasad","email":"amjad.masad@gmail.com"},{"name":"gabelevi","email":"gabelevi@gmail.com"}],"time":{"modified":"2015-07-13T18:32:22.903Z","created":"2013-08-19T21:17:41.333Z","1.0.0":"2013-10-16T01:49:30.128Z","1.0.1":"2013-10-16T01:50:34.691Z","2.0.1":"2013-11-08T20:00:01.948Z","2.0.2":"2014-01-07T00:23:44.730Z","2.0.3":"2014-01-24T01:38:35.321Z","3.0.3":"2014-02-15T20:30:27.528Z","3.0.0":"2014-02-15T20:31:49.353Z","4.0.0":"2014-04-23T04:42:05.170Z","4.0.1":"2014-04-26T22:31:17.323Z","5.0.0":"2014-05-23T02:06:30.666Z","6.0.0":"2014-06-30T22:04:44.958Z","6.0.1":"2014-07-10T22:46:51.798Z","6.1.0":"2014-07-23T18:15:03.588Z","6.2.0":"2014-09-05T18:54:57.201Z","6.3.0":"2014-09-19T18:46:57.365Z","6.3.2":"2014-09-21T16:44:02.293Z","7.0.0":"2014-10-21T15:55:25.199Z","8.0.0":"2014-11-15T01:11:17.945Z","8.1.0":"2014-11-18T03:17:46.578Z","8.2.0":"2014-11-18T06:27:43.602Z","9.0.0":"2015-02-10T23:34:34.829Z","9.1.0":"2015-02-13T22:41:58.159Z","9.1.1":"2015-02-19T18:47:03.135Z","10.0.0":"2015-03-01T19:20:39.529Z","10.0.1":"2015-03-03T17:28:01.602Z","10.1.0":"2015-03-06T23:03:41.657Z","11.0.0":"2015-04-25T00:49:42.747Z","11.0.1":"2015-05-04T17:41:42.835Z","11.0.2":"2015-06-17T23:00:27.982Z","11.0.3":"2015-07-13T18:32:22.903Z"},"repository":{"type":"git","url":"git+ssh://git@github.com/facebook/jstransform.git"},"readmeFilename":"README.md","homepage":"https://github.com/facebook/jstransform#readme","keywords":["transformer","compiler","syntax","visitor"],"contributors":[{"name":"Jeff Morrison","email":"jeffmo@fb.com"}],"bugs":{"url":"https://github.com/facebook/jstransform/issues"},"users":{"wenbing":true},"license":"BSD-3-Clause","_attachments":{},"_etag":"\"47B7F6QLHW6K515EWMAOJ4LOW\""}