{"_id":"react-dom","_rev":"84-0760fceb0d6b603ed43d5e45651f41ef","name":"react-dom","description":"React package for working with the DOM.","dist-tags":{"latest":"15.0.1","next":"15.0.2-alpha.3"},"versions":{"0.1.0":{"name":"react-dom","version":"0.1.0","description":"DOM is a `React.DOM` wrapper with — subjectively — more sanity and awesome helpers","author":{"name":"Etienne Lemay","email":"etienne@heliom.ca"},"repository":{"type":"git","url":"https://github.com/EtienneLem/react-dom.git"},"homepage":"https://github.com/EtienneLem/react-dom","bugs":{"url":"https://github.com/EtienneLem/react-dom/issues"},"license":"MIT","keywords":["react","dom"],"main":"react-dom.js","devDependencies":{"jasmine-node":"2.0.0-beta4","react":"0.10.0","uglify-js":"2.4.13","colors":"0.6.2"},"scripts":{"test":"jasmine-node ./spec"},"_id":"react-dom@0.1.0","dist":{"shasum":"6c821d418caed4f8ed39424cf0fad36f03fb35c4","tarball":"https://registry.npmjs.org/react-dom/-/react-dom-0.1.0.tgz"},"_from":".","_npmVersion":"1.4.3","_npmUser":{"name":"EtienneLem","email":"etienne@heliom.ca"},"maintainers":[{"name":"EtienneLem","email":"etienne@heliom.ca"}],"deprecated":"The old react-dom package has been deprecated. Until React v0.14 is officially released, please installed react-dom with npm install react-dom@latest.","directories":{}},"0.14.0-beta1":{"name":"react-dom","version":"0.14.0-beta1","description":"React package for working with the DOM.","main":"index.js","repository":{"type":"git","url":"git+https://github.com/facebook/react.git"},"keywords":["react"],"license":"BSD-3-Clause","bugs":{"url":"https://github.com/facebook/react/issues"},"homepage":"https://github.com/facebook/react/tree/master/npm-react-dom","dependencies":{"react":"^0.14.0-beta1"},"scripts":{"start":"node server.js"},"_id":"react-dom@0.14.0-beta1","_shasum":"a008dd5eeb41c60a11e77738eb43c00d7ff390b8","_resolved":"file:build/packages/react-dom.tgz","_from":"build/packages/react-dom.tgz","_npmVersion":"2.2.0","_nodeVersion":"0.10.35","_npmUser":{"name":"spicyj","email":"ben@benalpert.com"},"maintainers":[{"name":"spicyj","email":"ben@benalpert.com"},{"name":"zpao","email":"paul@oshannessy.com"}],"dist":{"shasum":"a008dd5eeb41c60a11e77738eb43c00d7ff390b8","tarball":"https://registry.npmjs.org/react-dom/-/react-dom-0.14.0-beta1.tgz"},"directories":{}},"0.14.0-beta2":{"name":"react-dom","version":"0.14.0-beta2","description":"React package for working with the DOM.","main":"index.js","repository":{"type":"git","url":"git+https://github.com/facebook/react.git"},"keywords":["react"],"license":"BSD-3-Clause","bugs":{"url":"https://github.com/facebook/react/issues"},"homepage":"https://github.com/facebook/react/tree/master/npm-react-dom","dependencies":{"fbjs":"0.1.0-alpha.4","react":"^0.14.0-beta2"},"scripts":{"start":"node server.js"},"_id":"react-dom@0.14.0-beta2","_shasum":"6376465678604bf925158ce0068c5f5524f00d21","_resolved":"file:build/packages/react-dom.tgz","_from":"build/packages/react-dom.tgz","_npmVersion":"2.13.2","_nodeVersion":"0.10.40","_npmUser":{"name":"zpao","email":"paul@oshannessy.com"},"maintainers":[{"name":"spicyj","email":"ben@benalpert.com"},{"name":"zpao","email":"paul@oshannessy.com"}],"dist":{"shasum":"6376465678604bf925158ce0068c5f5524f00d21","tarball":"https://registry.npmjs.org/react-dom/-/react-dom-0.14.0-beta2.tgz"},"directories":{}},"0.14.0-beta3":{"name":"react-dom","version":"0.14.0-beta3","description":"React package for working with the DOM.","main":"index.js","repository":{"type":"git","url":"git+https://github.com/facebook/react.git"},"keywords":["react"],"license":"BSD-3-Clause","bugs":{"url":"https://github.com/facebook/react/issues"},"homepage":"https://github.com/facebook/react/tree/master/npm-react-dom","dependencies":{"fbjs":"0.1.0-alpha.4","react":"^0.14.0-beta3"},"scripts":{"start":"node server.js"},"_id":"react-dom@0.14.0-beta3","_shasum":"548dd048f39c71f1092ed942eb119ba37bf1b7e3","_resolved":"file:build/packages/react-dom.tgz","_from":"build/packages/react-dom.tgz","_npmVersion":"2.13.2","_nodeVersion":"0.10.40","_npmUser":{"name":"zpao","email":"paul@oshannessy.com"},"maintainers":[{"name":"spicyj","email":"ben@benalpert.com"},{"name":"zpao","email":"paul@oshannessy.com"}],"dist":{"shasum":"548dd048f39c71f1092ed942eb119ba37bf1b7e3","tarball":"https://registry.npmjs.org/react-dom/-/react-dom-0.14.0-beta3.tgz"},"directories":{}},"0.14.0-rc1":{"name":"react-dom","version":"0.14.0-rc1","description":"React package for working with the DOM.","main":"index.js","repository":{"type":"git","url":"git+https://github.com/facebook/react.git"},"keywords":["react"],"license":"BSD-3-Clause","bugs":{"url":"https://github.com/facebook/react/issues"},"homepage":"https://github.com/facebook/react/tree/master/npm-react-dom","dependencies":{"react":"^0.14.0-rc1"},"scripts":{"start":"node server.js"},"_id":"react-dom@0.14.0-rc1","_shasum":"84a71d326d9326951bf562cdbea75330bd9be638","_resolved":"file:build/packages/react-dom.tgz","_from":"build/packages/react-dom.tgz","_npmVersion":"2.2.0","_nodeVersion":"0.10.35","_npmUser":{"name":"spicyj","email":"ben@benalpert.com"},"maintainers":[{"name":"spicyj","email":"ben@benalpert.com"},{"name":"zpao","email":"paul@oshannessy.com"}],"dist":{"shasum":"84a71d326d9326951bf562cdbea75330bd9be638","tarball":"https://registry.npmjs.org/react-dom/-/react-dom-0.14.0-rc1.tgz"},"directories":{}},"0.14.0":{"name":"react-dom","version":"0.14.0","description":"React package for working with the DOM.","main":"index.js","repository":{"type":"git","url":"git+https://github.com/facebook/react.git"},"keywords":["react"],"license":"BSD-3-Clause","bugs":{"url":"https://github.com/facebook/react/issues"},"homepage":"https://github.com/facebook/react/tree/master/npm-react-dom","dependencies":{"react":"^0.14.0"},"scripts":{"start":"node server.js"},"_id":"react-dom@0.14.0","_shasum":"fc2e792ab27d88db009a76ecbcfd5611368a849e","_resolved":"file:build/packages/react-dom.tgz","_from":"build/packages/react-dom.tgz","_npmVersion":"2.14.3","_nodeVersion":"4.1.0","_npmUser":{"name":"zpao","email":"paul@oshannessy.com"},"maintainers":[{"name":"spicyj","email":"ben@benalpert.com"},{"name":"zpao","email":"paul@oshannessy.com"}],"dist":{"shasum":"fc2e792ab27d88db009a76ecbcfd5611368a849e","tarball":"https://registry.npmjs.org/react-dom/-/react-dom-0.14.0.tgz"},"directories":{}},"0.14.1":{"name":"react-dom","version":"0.14.1","description":"React package for working with the DOM.","main":"index.js","repository":{"type":"git","url":"git+https://github.com/facebook/react.git"},"keywords":["react"],"license":"BSD-3-Clause","bugs":{"url":"https://github.com/facebook/react/issues"},"homepage":"https://github.com/facebook/react/tree/master/npm-react-dom","dependencies":{"react":"^0.14.1"},"scripts":{"start":"node server.js"},"_id":"react-dom@0.14.1","_shasum":"9c2e416d9703cd8dcdbae41f76caa3b0eb3ad664","_resolved":"file:build/packages/react-dom.tgz","_from":"build/packages/react-dom.tgz","_npmVersion":"2.14.8","_nodeVersion":"4.2.0","_npmUser":{"name":"zpao","email":"paul@oshannessy.com"},"maintainers":[{"name":"spicyj","email":"ben@benalpert.com"},{"name":"zpao","email":"paul@oshannessy.com"}],"dist":{"shasum":"9c2e416d9703cd8dcdbae41f76caa3b0eb3ad664","tarball":"https://registry.npmjs.org/react-dom/-/react-dom-0.14.1.tgz"},"directories":{}},"0.14.2":{"name":"react-dom","version":"0.14.2","description":"React package for working with the DOM.","main":"index.js","repository":{"type":"git","url":"git+https://github.com/facebook/react.git"},"keywords":["react"],"license":"BSD-3-Clause","bugs":{"url":"https://github.com/facebook/react/issues"},"homepage":"https://github.com/facebook/react/tree/master/npm-react-dom","peerDependencies":{"react":"^0.14.2"},"scripts":{"start":"node server.js"},"_id":"react-dom@0.14.2","_shasum":"ba979850dca2513f99cf9fb3fb574ad9de3dab84","_resolved":"file:build/packages/react-dom.tgz","_from":"build/packages/react-dom.tgz","_npmVersion":"2.14.9","_nodeVersion":"4.2.0","_npmUser":{"name":"zpao","email":"paul@oshannessy.com"},"maintainers":[{"name":"spicyj","email":"ben@benalpert.com"},{"name":"zpao","email":"paul@oshannessy.com"}],"dist":{"shasum":"ba979850dca2513f99cf9fb3fb574ad9de3dab84","tarball":"https://registry.npmjs.org/react-dom/-/react-dom-0.14.2.tgz"},"directories":{}},"0.14.3":{"name":"react-dom","version":"0.14.3","description":"React package for working with the DOM.","main":"index.js","repository":{"type":"git","url":"git+https://github.com/facebook/react.git"},"keywords":["react"],"license":"BSD-3-Clause","bugs":{"url":"https://github.com/facebook/react/issues"},"homepage":"https://github.com/facebook/react/tree/master/npm-react-dom","peerDependencies":{"react":"^0.14.3"},"scripts":{"start":"node server.js"},"_id":"react-dom@0.14.3","_shasum":"b3f0aeeed1a433b20c5458e34439a51916818628","_resolved":"file:build/packages/react-dom.tgz","_from":"build/packages/react-dom.tgz","_npmVersion":"2.14.7","_nodeVersion":"4.2.2","_npmUser":{"name":"zpao","email":"paul@oshannessy.com"},"maintainers":[{"name":"spicyj","email":"ben@benalpert.com"},{"name":"zpao","email":"paul@oshannessy.com"}],"dist":{"shasum":"b3f0aeeed1a433b20c5458e34439a51916818628","tarball":"https://registry.npmjs.org/react-dom/-/react-dom-0.14.3.tgz"},"directories":{}},"0.14.4":{"name":"react-dom","version":"0.14.4","description":"React package for working with the DOM.","main":"index.js","repository":{"type":"git","url":"git+https://github.com/facebook/react.git"},"keywords":["react"],"license":"BSD-3-Clause","bugs":{"url":"https://github.com/facebook/react/issues"},"homepage":"https://github.com/facebook/react/tree/master/npm-react-dom","peerDependencies":{"react":"^0.14.4"},"scripts":{"start":"node server.js"},"_id":"react-dom@0.14.4","_shasum":"d0064c711fbc90c744385fd6fba045c62ed93c9d","_resolved":"file:build/packages/react-dom.tgz","_from":"build/packages/react-dom.tgz","_npmVersion":"2.14.4","_nodeVersion":"4.1.0","_npmUser":{"name":"spicyj","email":"ben@benalpert.com"},"maintainers":[{"name":"spicyj","email":"ben@benalpert.com"},{"name":"zpao","email":"paul@oshannessy.com"}],"dist":{"shasum":"d0064c711fbc90c744385fd6fba045c62ed93c9d","tarball":"https://registry.npmjs.org/react-dom/-/react-dom-0.14.4.tgz"},"directories":{}},"0.14.5":{"name":"react-dom","version":"0.14.5","description":"React package for working with the DOM.","main":"index.js","repository":{"type":"git","url":"git+https://github.com/facebook/react.git"},"keywords":["react"],"license":"BSD-3-Clause","bugs":{"url":"https://github.com/facebook/react/issues"},"homepage":"https://github.com/facebook/react/tree/master/npm-react-dom","peerDependencies":{"react":"^0.14.5"},"scripts":{"start":"node server.js"},"_id":"react-dom@0.14.5","_shasum":"f0018bee7a941b2236d89ebe64b02adf15512002","_resolved":"file:build/packages/react-dom.tgz","_from":"build/packages/react-dom.tgz","_npmVersion":"2.14.4","_nodeVersion":"4.1.0","_npmUser":{"name":"spicyj","email":"ben@benalpert.com"},"maintainers":[{"name":"spicyj","email":"ben@benalpert.com"},{"name":"zpao","email":"paul@oshannessy.com"}],"dist":{"shasum":"f0018bee7a941b2236d89ebe64b02adf15512002","tarball":"https://registry.npmjs.org/react-dom/-/react-dom-0.14.5.tgz"},"directories":{}},"0.14.6":{"name":"react-dom","version":"0.14.6","description":"React package for working with the DOM.","main":"index.js","repository":{"type":"git","url":"git+https://github.com/facebook/react.git"},"keywords":["react"],"license":"BSD-3-Clause","bugs":{"url":"https://github.com/facebook/react/issues"},"homepage":"https://github.com/facebook/react/tree/master/npm-react-dom","peerDependencies":{"react":"^0.14.6"},"scripts":{"start":"node server.js"},"_id":"react-dom@0.14.6","_shasum":"46d4e3243884f277e89ce8759131e8a16ac23e65","_resolved":"file:build/packages/react-dom.tgz","_from":"build/packages/react-dom.tgz","_npmVersion":"2.14.15","_nodeVersion":"4.2.2","_npmUser":{"name":"zpao","email":"paul@oshannessy.com"},"maintainers":[{"name":"spicyj","email":"ben@benalpert.com"},{"name":"zpao","email":"paul@oshannessy.com"}],"dist":{"shasum":"46d4e3243884f277e89ce8759131e8a16ac23e65","tarball":"https://registry.npmjs.org/react-dom/-/react-dom-0.14.6.tgz"},"directories":{}},"0.15.0-alpha.1":{"name":"react-dom","version":"0.15.0-alpha.1","description":"React package for working with the DOM.","main":"index.js","repository":{"type":"git","url":"git+https://github.com/facebook/react.git"},"keywords":["react"],"license":"BSD-3-Clause","bugs":{"url":"https://github.com/facebook/react/issues"},"homepage":"https://github.com/facebook/react/tree/master/npm-react-dom","peerDependencies":{"react":"^0.15.0-alpha.1"},"scripts":{"start":"node server.js"},"_id":"react-dom@0.15.0-alpha.1","_shasum":"0104a450f753a834946b99ead6ed6170f5da25b6","_resolved":"file:build/packages/react-dom.tgz","_from":"build/packages/react-dom.tgz","_npmVersion":"2.14.15","_nodeVersion":"4.2.2","_npmUser":{"name":"zpao","email":"paul@oshannessy.com"},"maintainers":[{"name":"spicyj","email":"ben@benalpert.com"},{"name":"zpao","email":"paul@oshannessy.com"}],"dist":{"shasum":"0104a450f753a834946b99ead6ed6170f5da25b6","tarball":"https://registry.npmjs.org/react-dom/-/react-dom-0.15.0-alpha.1.tgz"},"directories":{}},"0.14.7":{"name":"react-dom","version":"0.14.7","description":"React package for working with the DOM.","main":"index.js","repository":{"type":"git","url":"git+https://github.com/facebook/react.git"},"keywords":["react"],"license":"BSD-3-Clause","bugs":{"url":"https://github.com/facebook/react/issues"},"homepage":"https://facebook.github.io/react/","dependencies":{},"peerDependencies":{"react":"^0.14.7"},"scripts":{"start":"node server.js"},"_id":"react-dom@0.14.7","_shasum":"973c302110b3a680c9afe69d07c623b9c0952d82","_resolved":"file:build/packages/react-dom.tgz","_from":"build/packages/react-dom.tgz","_npmVersion":"2.14.12","_nodeVersion":"4.2.6","_npmUser":{"name":"graue","email":"scott@oceanbase.org"},"dist":{"shasum":"973c302110b3a680c9afe69d07c623b9c0952d82","tarball":"https://registry.npmjs.org/react-dom/-/react-dom-0.14.7.tgz"},"maintainers":[{"name":"graue","email":"scott@oceanbase.org"},{"name":"spicyj","email":"ben@benalpert.com"},{"name":"zpao","email":"paul@oshannessy.com"}],"directories":{}},"15.0.0-rc.1":{"name":"react-dom","version":"15.0.0-rc.1","description":"React package for working with the DOM.","main":"index.js","repository":{"type":"git","url":"git+https://github.com/facebook/react.git"},"keywords":["react"],"license":"BSD-3-Clause","bugs":{"url":"https://github.com/facebook/react/issues"},"homepage":"https://facebook.github.io/react/","dependencies":{},"peerDependencies":{"react":"^15.0.0-rc.1"},"scripts":{"start":"node server.js"},"_id":"react-dom@15.0.0-rc.1","_shasum":"3d4edb346860eafae6d91ec906a4c230119962c3","_resolved":"file:build/packages/react-dom.tgz","_from":"build/packages/react-dom.tgz","_npmVersion":"2.14.12","_nodeVersion":"4.3.0","_npmUser":{"name":"zpao","email":"paul@oshannessy.com"},"maintainers":[{"name":"graue","email":"scott@oceanbase.org"},{"name":"spicyj","email":"ben@benalpert.com"},{"name":"zpao","email":"paul@oshannessy.com"}],"dist":{"shasum":"3d4edb346860eafae6d91ec906a4c230119962c3","tarball":"https://registry.npmjs.org/react-dom/-/react-dom-15.0.0-rc.1.tgz"},"_npmOperationalInternal":{"host":"packages-12-west.internal.npmjs.com","tmp":"tmp/react-dom-15.0.0-rc.1.tgz_1457399248218_0.8456978918984532"},"directories":{}},"15.0.0-rc.2":{"name":"react-dom","version":"15.0.0-rc.2","description":"React package for working with the DOM.","main":"index.js","repository":{"type":"git","url":"git+https://github.com/facebook/react.git"},"keywords":["react"],"license":"BSD-3-Clause","bugs":{"url":"https://github.com/facebook/react/issues"},"homepage":"https://facebook.github.io/react/","dependencies":{},"peerDependencies":{"react":"^15.0.0-rc.2"},"scripts":{"start":"node server.js"},"_id":"react-dom@15.0.0-rc.2","_shasum":"abb4fa8963dc9f9c4d1bcb1674389711caa3d398","_resolved":"file:build/packages/react-dom.tgz","_from":"build/packages/react-dom.tgz","_npmVersion":"3.8.1","_nodeVersion":"5.1.1","_npmUser":{"name":"gaearon","email":"dan.abramov@gmail.com"},"dist":{"shasum":"abb4fa8963dc9f9c4d1bcb1674389711caa3d398","tarball":"https://registry.npmjs.org/react-dom/-/react-dom-15.0.0-rc.2.tgz"},"maintainers":[{"name":"gaearon","email":"dan.abramov@gmail.com"},{"name":"graue","email":"scott@oceanbase.org"},{"name":"sebmarkbage","email":"sebastian@calyptus.eu"},{"name":"spicyj","email":"ben@benalpert.com"},{"name":"zpao","email":"paul@oshannessy.com"}],"_npmOperationalInternal":{"host":"packages-12-west.internal.npmjs.com","tmp":"tmp/react-dom-15.0.0-rc.2.tgz_1458166763454_0.7732546178158373"},"directories":{}},"0.14.8":{"name":"react-dom","version":"0.14.8","description":"React package for working with the DOM.","main":"index.js","repository":{"type":"git","url":"git+https://github.com/facebook/react.git"},"keywords":["react"],"license":"BSD-3-Clause","bugs":{"url":"https://github.com/facebook/react/issues"},"homepage":"https://facebook.github.io/react/","dependencies":{},"peerDependencies":{"react":"^0.14.8"},"scripts":{"start":"node server.js"},"_id":"react-dom@0.14.8","_shasum":"0f1c547514263f771bd31814a739e5306575069e","_resolved":"file:build/packages/react-dom.tgz","_from":"build/packages/react-dom.tgz","_npmVersion":"2.14.7","_nodeVersion":"4.2.1","_npmUser":{"name":"gaearon","email":"dan.abramov@gmail.com"},"dist":{"shasum":"0f1c547514263f771bd31814a739e5306575069e","tarball":"https://registry.npmjs.org/react-dom/-/react-dom-0.14.8.tgz"},"maintainers":[{"name":"gaearon","email":"dan.abramov@gmail.com"},{"name":"graue","email":"scott@oceanbase.org"},{"name":"sebmarkbage","email":"sebastian@calyptus.eu"},{"name":"spicyj","email":"ben@benalpert.com"},{"name":"zpao","email":"paul@oshannessy.com"}],"_npmOperationalInternal":{"host":"packages-16-east.internal.npmjs.com","tmp":"tmp/react-dom-0.14.8.tgz_1459268390053_0.8757442627102137"},"directories":{}},"15.0.0":{"name":"react-dom","version":"15.0.0","description":"React package for working with the DOM.","main":"index.js","repository":{"type":"git","url":"git+https://github.com/facebook/react.git"},"keywords":["react"],"license":"BSD-3-Clause","bugs":{"url":"https://github.com/facebook/react/issues"},"homepage":"https://facebook.github.io/react/","dependencies":{},"peerDependencies":{"react":"^15.0.0"},"scripts":{"start":"node server.js"},"_id":"react-dom@15.0.0","_shasum":"49a91a663d8ff9f699eb4997f0027ead8abe0d44","_resolved":"file:build/packages/react-dom.tgz","_from":"build/packages/react-dom.tgz","_npmVersion":"2.15.3","_nodeVersion":"4.4.0","_npmUser":{"name":"zpao","email":"paul@oshannessy.com"},"maintainers":[{"name":"gaearon","email":"dan.abramov@gmail.com"},{"name":"graue","email":"scott@oceanbase.org"},{"name":"sebmarkbage","email":"sebastian@calyptus.eu"},{"name":"spicyj","email":"ben@benalpert.com"},{"name":"zpao","email":"paul@oshannessy.com"}],"dist":{"shasum":"49a91a663d8ff9f699eb4997f0027ead8abe0d44","tarball":"https://registry.npmjs.org/react-dom/-/react-dom-15.0.0.tgz"},"_npmOperationalInternal":{"host":"packages-12-west.internal.npmjs.com","tmp":"tmp/react-dom-15.0.0.tgz_1460064344208_0.7453324194066226"},"directories":{}},"15.0.1":{"name":"react-dom","version":"15.0.1","description":"React package for working with the DOM.","main":"index.js","repository":{"type":"git","url":"git+https://github.com/facebook/react.git"},"keywords":["react"],"license":"BSD-3-Clause","bugs":{"url":"https://github.com/facebook/react/issues"},"homepage":"https://facebook.github.io/react/","dependencies":{},"peerDependencies":{"react":"^15.0.1"},"scripts":{"start":"node server.js"},"_id":"react-dom@15.0.1","_shasum":"33c67f557b43ab27a6ba3ec3200321681921c48d","_resolved":"file:build/packages/react-dom.tgz","_from":"build/packages/react-dom.tgz","_npmVersion":"2.15.0","_nodeVersion":"4.4.2","_npmUser":{"name":"zpao","email":"paul@oshannessy.com"},"maintainers":[{"name":"gaearon","email":"dan.abramov@gmail.com"},{"name":"graue","email":"scott@oceanbase.org"},{"name":"sebmarkbage","email":"sebastian@calyptus.eu"},{"name":"spicyj","email":"ben@benalpert.com"},{"name":"zpao","email":"paul@oshannessy.com"}],"dist":{"shasum":"33c67f557b43ab27a6ba3ec3200321681921c48d","tarball":"https://registry.npmjs.org/react-dom/-/react-dom-15.0.1.tgz"},"_npmOperationalInternal":{"host":"packages-12-west.internal.npmjs.com","tmp":"tmp/react-dom-15.0.1.tgz_1460139843335_0.14761509280651808"},"directories":{}},"15.0.2-alpha.1":{"name":"react-dom","version":"15.0.2-alpha.1","description":"React package for working with the DOM.","main":"index.js","repository":{"type":"git","url":"git+https://github.com/facebook/react.git"},"keywords":["react"],"license":"BSD-3-Clause","bugs":{"url":"https://github.com/facebook/react/issues"},"homepage":"https://facebook.github.io/react/","dependencies":{},"peerDependencies":{"react":"^15.0.2-alpha.1"},"scripts":{"start":"node server.js"},"_id":"react-dom@15.0.2-alpha.1","_shasum":"872a03e463beb41b62d5970ee67e791da1c35d5d","_resolved":"file:build/packages/react-dom.tgz","_from":"build/packages/react-dom.tgz","_npmVersion":"2.15.3","_nodeVersion":"4.4.2","_npmUser":{"name":"zpao","email":"paul@oshannessy.com"},"maintainers":[{"name":"gaearon","email":"dan.abramov@gmail.com"},{"name":"graue","email":"scott@oceanbase.org"},{"name":"sebmarkbage","email":"sebastian@calyptus.eu"},{"name":"spicyj","email":"ben@benalpert.com"},{"name":"zpao","email":"paul@oshannessy.com"}],"dist":{"shasum":"872a03e463beb41b62d5970ee67e791da1c35d5d","tarball":"https://registry.npmjs.org/react-dom/-/react-dom-15.0.2-alpha.1.tgz"},"_npmOperationalInternal":{"host":"packages-12-west.internal.npmjs.com","tmp":"tmp/react-dom-15.0.2-alpha.1.tgz_1461176240821_0.19873908162117004"},"directories":{}},"15.0.2-alpha.2":{"name":"react-dom","version":"15.0.2-alpha.2","description":"React package for working with the DOM.","main":"index.js","repository":{"type":"git","url":"git+https://github.com/facebook/react.git"},"keywords":["react"],"license":"BSD-3-Clause","bugs":{"url":"https://github.com/facebook/react/issues"},"homepage":"https://facebook.github.io/react/","dependencies":{},"peerDependencies":{"react":"^15.0.2-alpha.2"},"scripts":{"start":"node server.js"},"_id":"react-dom@15.0.2-alpha.2","_shasum":"cdfe435d05b6bacc1e6f9abde356bc0b20098ce4","_resolved":"file:build/packages/react-dom.tgz","_from":"build/packages/react-dom.tgz","_npmVersion":"2.14.19","_nodeVersion":"4.1.0","_npmUser":{"name":"spicyj","email":"ben@benalpert.com"},"maintainers":[{"name":"gaearon","email":"dan.abramov@gmail.com"},{"name":"graue","email":"scott@oceanbase.org"},{"name":"sebmarkbage","email":"sebastian@calyptus.eu"},{"name":"spicyj","email":"ben@benalpert.com"},{"name":"zpao","email":"paul@oshannessy.com"}],"dist":{"shasum":"cdfe435d05b6bacc1e6f9abde356bc0b20098ce4","tarball":"https://registry.npmjs.org/react-dom/-/react-dom-15.0.2-alpha.2.tgz"},"_npmOperationalInternal":{"host":"packages-12-west.internal.npmjs.com","tmp":"tmp/react-dom-15.0.2-alpha.2.tgz_1461277323635_0.5002606643829495"},"directories":{}},"15.0.2-alpha.3":{"name":"react-dom","version":"15.0.2-alpha.3","description":"React package for working with the DOM.","main":"index.js","repository":{"type":"git","url":"git+https://github.com/facebook/react.git"},"keywords":["react"],"license":"BSD-3-Clause","bugs":{"url":"https://github.com/facebook/react/issues"},"homepage":"https://facebook.github.io/react/","dependencies":{},"peerDependencies":{"react":"^15.0.2-alpha.3"},"scripts":{"start":"node server.js"},"_id":"react-dom@15.0.2-alpha.3","_shasum":"37335f91b914b5ab603bd8ba8e5f1e3141a8bd3e","_resolved":"file:build/packages/react-dom.tgz","_from":"build/packages/react-dom.tgz","_npmVersion":"2.15.3","_nodeVersion":"4.4.2","_npmUser":{"name":"zpao","email":"paul@oshannessy.com"},"maintainers":[{"name":"gaearon","email":"dan.abramov@gmail.com"},{"name":"graue","email":"scott@oceanbase.org"},{"name":"sebmarkbage","email":"sebastian@calyptus.eu"},{"name":"spicyj","email":"ben@benalpert.com"},{"name":"zpao","email":"paul@oshannessy.com"}],"dist":{"shasum":"37335f91b914b5ab603bd8ba8e5f1e3141a8bd3e","tarball":"https://registry.npmjs.org/react-dom/-/react-dom-15.0.2-alpha.3.tgz"},"_npmOperationalInternal":{"host":"packages-16-east.internal.npmjs.com","tmp":"tmp/react-dom-15.0.2-alpha.3.tgz_1461614631521_0.2638078455347568"},"directories":{}}},"readme":"# `react-dom`\n\nThis package serves as the entry point of the DOM-related rendering paths. It is intended to be paired with the isomorphic React, which will be shipped as `react` to npm.\n\n## Installation\n\n```sh\nnpm install react react-dom\n```\n\n## Usage\n\n### In the browser\n\n```js\nvar React = require('react');\nvar ReactDOM = require('react-dom');\n\nclass MyComponent extends React.Component {\n  render() {\n    return <div>Hello World</div>;\n  }\n}\n\nReactDOM.render(<MyComponent />, node);\n```\n\n### On the server\n\n```js\nvar React = require('react');\nvar ReactDOMServer = require('react-dom/server');\n\nclass MyComponent extends React.Component {\n  render() {\n    return <div>Hello World</div>;\n  }\n}\n\nReactDOMServer.renderToString(<MyComponent />);\n```\n\n## API\n\n### `react-dom`\n\n- `findDOMNode`\n- `render`\n- `unmountComponentAtNode`\n\n### `react-dom/server`\n\n- `renderToString`\n- `renderToStaticMarkup`\n","maintainers":[{"name":"gaearon","email":"dan.abramov@gmail.com"},{"name":"graue","email":"scott@oceanbase.org"},{"name":"sebmarkbage","email":"sebastian@calyptus.eu"},{"name":"spicyj","email":"ben@benalpert.com"},{"name":"zpao","email":"paul@oshannessy.com"}],"time":{"modified":"2016-04-25T20:03:54.772Z","created":"2014-05-06T18:59:36.160Z","0.1.0":"2014-05-06T18:59:36.160Z","0.14.0-beta1":"2015-07-03T08:47:36.859Z","0.14.0-beta2":"2015-07-31T05:32:31.129Z","0.14.0-beta3":"2015-08-03T21:33:53.540Z","0.14.0-rc1":"2015-09-10T16:02:13.157Z","0.14.0":"2015-10-07T17:29:35.289Z","0.14.1":"2015-10-28T21:36:05.173Z","0.14.2":"2015-11-02T19:55:14.560Z","0.14.3":"2015-11-19T02:26:48.974Z","0.14.4":"2015-12-29T22:00:13.038Z","0.14.5":"2015-12-29T22:40:03.262Z","0.14.6":"2016-01-06T23:52:52.338Z","0.15.0-alpha.1":"2016-01-21T04:16:19.791Z","0.14.7":"2016-01-28T19:59:21.186Z","15.0.0-rc.1":"2016-03-08T01:07:30.431Z","15.0.0-rc.2":"2016-03-16T22:19:25.716Z","0.14.8":"2016-03-29T16:19:51.077Z","15.0.0":"2016-04-07T21:25:44.824Z","15.0.1":"2016-04-08T18:24:03.871Z","15.0.2-alpha.1":"2016-04-20T18:17:21.275Z","15.0.2-alpha.2":"2016-04-21T22:22:04.168Z","15.0.2-alpha.3":"2016-04-25T20:03:54.772Z"},"homepage":"https://facebook.github.io/react/","keywords":["react"],"repository":{"type":"git","url":"git+https://github.com/facebook/react.git"},"bugs":{"url":"https://github.com/facebook/react/issues"},"license":"BSD-3-Clause","readmeFilename":"README.md","users":{"arkanciscan":true,"koulmomo":true,"9joneg":true,"markthethomas":true,"stefanof":true,"nelix":true,"vbv":true,"davidchubbs":true,"almccann":true,"panlw":true,"urbantumbleweed":true,"wkaifang":true,"wwayne":true,"digitalextremist":true,"samar":true,"philipjc":true,"leonardorb":true,"mathieuancelin":true,"ambdxtrch":true,"arayzou":true,"evan2x":true,"rhaynel":true,"daniele_cammarata":true,"foto":true,"brandonccx":true,"kerwyn":true,"travm":true,"bsnote":true,"jolyon":true,"kay.sackey":true,"sobear":true,"kratyk":true,"ongmin":true,"cfleschhut":true,"brien-crean":true,"highlanderkev":true,"richie_south":true,"konamgil":true,"ajaegle":true,"qqcome110":true,"modao":true,"kytart":true,"zhouanbo":true,"mikeljames":true,"freebird":true,"princetoad":true,"rokeyzki":true},"_attachments":{},"_etag":"\"D1PBWKV1NJ32RB7X3FLGGPRME\""}