{"_id":"react-date-picker-component","_rev":"31-60a87274ff55831e3c394ec159a0b794","name":"react-date-picker-component","description":"React date picker component","dist-tags":{"latest":"5.0.6"},"versions":{"0.0.0":{"name":"react-date-picker-component","version":"0.0.0","description":"React date picker component","main":"datepicker.js","scripts":{"test":"echo \"Error: no test specified\" && exit 1"},"keywords":["datepicker","react","reactjs","date","calendar"],"author":{"name":"Kristijan Pajtasev"},"license":"MIT","_id":"react-date-picker-component@0.0.0","_shasum":"d00e9cfcf5696b73b52e583658d5a91384689b28","_from":".","_npmVersion":"2.14.4","_nodeVersion":"4.1.1","_npmUser":{"name":"kpajtasev","email":"kristijan.pajtasev@hotmail.com"},"dist":{"shasum":"d00e9cfcf5696b73b52e583658d5a91384689b28","tarball":"https://registry.npmjs.org/react-date-picker-component/-/react-date-picker-component-0.0.0.tgz"},"maintainers":[{"name":"kpajtasev","email":"kristijan.pajtasev@hotmail.com"}],"directories":{}},"0.0.1":{"name":"react-date-picker-component","version":"0.0.1","description":"React date picker component","main":"datepicker.js","scripts":{"test":"echo \"Error: no test specified\" && exit 1"},"keywords":["datepicker","react","reactjs","date","calendar"],"author":{"name":"Kristijan Pajtasev"},"license":"MIT","_id":"react-date-picker-component@0.0.1","_shasum":"381d59cba7800f6ffa4639fc3f4ffb1092e8caed","_from":".","_npmVersion":"2.14.4","_nodeVersion":"4.1.1","_npmUser":{"name":"kpajtasev","email":"kristijan.pajtasev@hotmail.com"},"dist":{"shasum":"381d59cba7800f6ffa4639fc3f4ffb1092e8caed","tarball":"https://registry.npmjs.org/react-date-picker-component/-/react-date-picker-component-0.0.1.tgz"},"maintainers":[{"name":"kpajtasev","email":"kristijan.pajtasev@hotmail.com"}],"directories":{}},"0.0.3":{"name":"react-date-picker-component","version":"0.0.3","description":"React date picker component","main":"datepicker.js","scripts":{"test":"echo \"Error: no test specified\" && exit 1"},"devDependencies":{"grunt":"~0.4.5","grunt-contrib-uglify":"~0.5.0","body-parser":"~1.4.0","grunt-contrib-watch":"~0.6.1","grunt-exec":"~0.4.6","express":"~4.0.0","react":"~0.14.1","react-dom":"~0.14.1"},"keywords":["datepicker","react","reactjs","date","calendar"],"author":{"name":"Kristijan Pajtasev"},"license":"MIT","gitHead":"733a7ccc4063fa2c559bf1feaeb1f8bd67c811b1","_id":"react-date-picker-component@0.0.3","_shasum":"c2378973ad397bcac31d4bbf01b1b86e03521880","_from":".","_npmVersion":"2.13.3","_nodeVersion":"4.1.1","_npmUser":{"name":"kpajtasev","email":"kristijan.pajtasev@hotmail.com"},"dist":{"shasum":"c2378973ad397bcac31d4bbf01b1b86e03521880","tarball":"https://registry.npmjs.org/react-date-picker-component/-/react-date-picker-component-0.0.3.tgz"},"maintainers":[{"name":"kpajtasev","email":"kristijan.pajtasev@hotmail.com"}],"directories":{}},"1.0.0":{"name":"react-date-picker-component","version":"1.0.0","description":"React date picker component","main":"src/datepicker.js","scripts":{"test":"echo \"Error: no test specified\" && exit 1"},"devDependencies":{"grunt":"~0.4.5","grunt-contrib-uglify":"~0.5.0","body-parser":"~1.4.0","grunt-contrib-watch":"~0.6.1","grunt-exec":"~0.4.6","express":"~4.0.0","react":"~0.14.1","react-dom":"~0.14.1"},"keywords":["datepicker","react","reactjs","date","calendar"],"author":{"name":"Kristijan Pajtasev"},"license":"MIT","gitHead":"762ed9e636ec27ff0fa747555c7d107b8445dc90","_id":"react-date-picker-component@1.0.0","_shasum":"d5bc4d619966eb2f9e8907c62da1fbe9bcd0e931","_from":".","_npmVersion":"2.13.3","_nodeVersion":"4.1.1","_npmUser":{"name":"kpajtasev","email":"kristijan.pajtasev@hotmail.com"},"dist":{"shasum":"d5bc4d619966eb2f9e8907c62da1fbe9bcd0e931","tarball":"https://registry.npmjs.org/react-date-picker-component/-/react-date-picker-component-1.0.0.tgz"},"maintainers":[{"name":"kpajtasev","email":"kristijan.pajtasev@hotmail.com"}],"directories":{}},"1.0.1":{"name":"react-date-picker-component","version":"1.0.1","description":"React date picker component","main":"src/datepicker.js","scripts":{"test":"echo \"Error: no test specified\" && exit 1"},"devDependencies":{"grunt":"~0.4.5","grunt-contrib-uglify":"~0.5.0","body-parser":"~1.4.0","grunt-contrib-watch":"~0.6.1","grunt-exec":"~0.4.6","express":"~4.0.0","react":"~0.14.1","react-dom":"~0.14.1"},"keywords":["datepicker","react","reactjs","date","calendar"],"author":{"name":"Kristijan Pajtasev"},"license":"MIT","gitHead":"762ed9e636ec27ff0fa747555c7d107b8445dc90","_id":"react-date-picker-component@1.0.1","_shasum":"09a08d420cc7079734e85b5ed7634244f9f85672","_from":".","_npmVersion":"2.13.3","_nodeVersion":"4.1.1","_npmUser":{"name":"kpajtasev","email":"kristijan.pajtasev@hotmail.com"},"dist":{"shasum":"09a08d420cc7079734e85b5ed7634244f9f85672","tarball":"https://registry.npmjs.org/react-date-picker-component/-/react-date-picker-component-1.0.1.tgz"},"maintainers":[{"name":"kpajtasev","email":"kristijan.pajtasev@hotmail.com"}],"directories":{}},"1.0.2":{"name":"react-date-picker-component","version":"1.0.2","description":"React date picker component","main":"dist/npm/datepicker.js","scripts":{"test":"echo \"Error: no test specified\" && exit 1"},"devDependencies":{"grunt":"~0.4.5","grunt-contrib-uglify":"~0.5.0","body-parser":"~1.4.0","grunt-contrib-watch":"~0.6.1","grunt-exec":"~0.4.6","express":"~4.0.0","react":"~0.14.1","react-dom":"~0.14.1"},"keywords":["datepicker","react","reactjs","date","calendar"],"author":{"name":"Kristijan Pajtasev"},"license":"MIT","gitHead":"762ed9e636ec27ff0fa747555c7d107b8445dc90","_id":"react-date-picker-component@1.0.2","_shasum":"173198973f0c8e83c2807f9ef8c99b403bb0818b","_from":".","_npmVersion":"2.13.3","_nodeVersion":"4.1.1","_npmUser":{"name":"kpajtasev","email":"kristijan.pajtasev@hotmail.com"},"dist":{"shasum":"173198973f0c8e83c2807f9ef8c99b403bb0818b","tarball":"https://registry.npmjs.org/react-date-picker-component/-/react-date-picker-component-1.0.2.tgz"},"maintainers":[{"name":"kpajtasev","email":"kristijan.pajtasev@hotmail.com"}],"directories":{}},"1.0.3":{"name":"react-date-picker-component","version":"1.0.3","description":"React date picker component","main":"dist/npm/datepicker.js","scripts":{"test":"echo \"Error: no test specified\" && exit 1"},"devDependencies":{"grunt":"~0.4.5","grunt-contrib-uglify":"~0.5.0","body-parser":"~1.4.0","grunt-contrib-watch":"~0.6.1","grunt-exec":"~0.4.6","express":"~4.0.0","react":"~0.14.1","react-dom":"~0.14.1"},"keywords":["datepicker","react","reactjs","date","calendar"],"author":{"name":"Kristijan Pajtasev"},"license":"MIT","gitHead":"762ed9e636ec27ff0fa747555c7d107b8445dc90","_id":"react-date-picker-component@1.0.3","_shasum":"d063071a050aca0e6146526b43cfc1f53f92aeaa","_from":".","_npmVersion":"2.13.3","_nodeVersion":"4.1.1","_npmUser":{"name":"kpajtasev","email":"kristijan.pajtasev@hotmail.com"},"dist":{"shasum":"d063071a050aca0e6146526b43cfc1f53f92aeaa","tarball":"https://registry.npmjs.org/react-date-picker-component/-/react-date-picker-component-1.0.3.tgz"},"maintainers":[{"name":"kpajtasev","email":"kristijan.pajtasev@hotmail.com"}],"directories":{}},"1.0.4":{"name":"react-date-picker-component","version":"1.0.4","description":"React date picker component","main":"dist/npm/datepicker.js","scripts":{"test":"echo \"Error: no test specified\" && exit 1"},"devDependencies":{"grunt":"~0.4.5","grunt-contrib-uglify":"~0.5.0","body-parser":"~1.4.0","grunt-contrib-watch":"~0.6.1","grunt-exec":"~0.4.6","express":"~4.0.0","react":"~0.14.1","react-dom":"~0.14.1"},"keywords":["datepicker","react","reactjs","date","calendar"],"author":{"name":"Kristijan Pajtasev"},"license":"MIT","gitHead":"762ed9e636ec27ff0fa747555c7d107b8445dc90","_id":"react-date-picker-component@1.0.4","_shasum":"727384b2ba1a5afc47cdce48a9b4123d65a5f40b","_from":".","_npmVersion":"2.13.3","_nodeVersion":"4.1.1","_npmUser":{"name":"kpajtasev","email":"kristijan.pajtasev@hotmail.com"},"dist":{"shasum":"727384b2ba1a5afc47cdce48a9b4123d65a5f40b","tarball":"https://registry.npmjs.org/react-date-picker-component/-/react-date-picker-component-1.0.4.tgz"},"maintainers":[{"name":"kpajtasev","email":"kristijan.pajtasev@hotmail.com"}],"directories":{}},"1.1.0":{"name":"react-date-picker-component","version":"1.1.0","description":"React date picker component","main":"dist/npm/datepicker.js","scripts":{"test":"echo \"Error: no test specified\" && exit 1"},"devDependencies":{"grunt":"~0.4.5","grunt-contrib-uglify":"~0.5.0","body-parser":"~1.4.0","grunt-contrib-watch":"~0.6.1","grunt-exec":"~0.4.6","express":"~4.0.0","react":"~0.14.1","react-dom":"~0.14.1"},"keywords":["datepicker","react","reactjs","date","calendar"],"repository":{"type":"git","url":"git+https://github.com/kristijan-pajtasev/react-date-picker.git"},"author":{"name":"Kristijan Pajtasev"},"license":"MIT","gitHead":"ee7bbfa98cb194040ca64dbea999119e6ad88134","bugs":{"url":"https://github.com/kristijan-pajtasev/react-date-picker/issues"},"homepage":"https://github.com/kristijan-pajtasev/react-date-picker#readme","_id":"react-date-picker-component@1.1.0","_shasum":"05093f08db208ee15fc2296cb8cab0d6a71709d6","_from":".","_npmVersion":"2.13.3","_nodeVersion":"4.1.1","_npmUser":{"name":"kpajtasev","email":"kristijan.pajtasev@hotmail.com"},"dist":{"shasum":"05093f08db208ee15fc2296cb8cab0d6a71709d6","tarball":"https://registry.npmjs.org/react-date-picker-component/-/react-date-picker-component-1.1.0.tgz"},"maintainers":[{"name":"kpajtasev","email":"kristijan.pajtasev@hotmail.com"}],"directories":{}},"1.2.0":{"name":"react-date-picker-component","version":"1.2.0","description":"React date picker component","main":"dist/npm/datepicker.js","scripts":{"test":"echo \"Error: no test specified\" && exit 1"},"devDependencies":{"grunt":"~0.4.5","grunt-contrib-uglify":"~0.5.0","body-parser":"~1.4.0","grunt-contrib-watch":"~0.6.1","grunt-exec":"~0.4.6","express":"~4.0.0","react":"~0.14.1","react-dom":"~0.14.1"},"keywords":["datepicker","react","reactjs","date","calendar"],"repository":{"type":"git","url":"git+https://github.com/kristijan-pajtasev/react-date-picker.git"},"author":{"name":"Kristijan Pajtasev"},"license":"MIT","gitHead":"ee7bbfa98cb194040ca64dbea999119e6ad88134","bugs":{"url":"https://github.com/kristijan-pajtasev/react-date-picker/issues"},"homepage":"https://github.com/kristijan-pajtasev/react-date-picker#readme","_id":"react-date-picker-component@1.2.0","_shasum":"47b85fde849f760ed6de6187ac250d6a357fb565","_from":".","_npmVersion":"2.13.3","_nodeVersion":"4.1.1","_npmUser":{"name":"kpajtasev","email":"kristijan.pajtasev@hotmail.com"},"dist":{"shasum":"47b85fde849f760ed6de6187ac250d6a357fb565","tarball":"https://registry.npmjs.org/react-date-picker-component/-/react-date-picker-component-1.2.0.tgz"},"maintainers":[{"name":"kpajtasev","email":"kristijan.pajtasev@hotmail.com"}],"directories":{}},"1.2.1":{"name":"react-date-picker-component","version":"1.2.1","description":"React date picker component","main":"dist/npm/datepicker.js","scripts":{"test":"echo \"Error: no test specified\" && exit 1"},"devDependencies":{"grunt":"~0.4.5","grunt-contrib-uglify":"~0.5.0","body-parser":"~1.4.0","grunt-contrib-watch":"~0.6.1","grunt-exec":"~0.4.6","express":"~4.0.0","react":"~0.14.1","react-dom":"~0.14.1"},"keywords":["datepicker","react","reactjs","date","calendar"],"repository":{"type":"git","url":"git+https://github.com/kristijan-pajtasev/react-date-picker.git"},"author":{"name":"Kristijan Pajtasev"},"license":"MIT","gitHead":"3dbeec95e78a4bc09e8775267fd6a43095507535","bugs":{"url":"https://github.com/kristijan-pajtasev/react-date-picker/issues"},"homepage":"https://github.com/kristijan-pajtasev/react-date-picker#readme","_id":"react-date-picker-component@1.2.1","_shasum":"e0b9a2a56200dd290230adc540576975b6958b9d","_from":".","_npmVersion":"2.13.3","_nodeVersion":"4.1.1","_npmUser":{"name":"kpajtasev","email":"kristijan.pajtasev@hotmail.com"},"dist":{"shasum":"e0b9a2a56200dd290230adc540576975b6958b9d","tarball":"https://registry.npmjs.org/react-date-picker-component/-/react-date-picker-component-1.2.1.tgz"},"maintainers":[{"name":"kpajtasev","email":"kristijan.pajtasev@hotmail.com"}],"directories":{}},"1.3.0":{"name":"react-date-picker-component","version":"1.3.0","description":"React date picker component","main":"dist/npm/datepicker.js","scripts":{"test":"echo \"Error: no test specified\" && exit 1"},"devDependencies":{"grunt":"~0.4.5","grunt-contrib-uglify":"~0.5.0","body-parser":"~1.4.0","grunt-contrib-watch":"~0.6.1","grunt-exec":"~0.4.6","express":"~4.0.0","react":"~0.14.1","react-dom":"~0.14.1"},"keywords":["datepicker","react","reactjs","date","calendar"],"repository":{"type":"git","url":"git+https://github.com/kristijan-pajtasev/react-date-picker.git"},"author":{"name":"Kristijan Pajtasev"},"license":"MIT","gitHead":"3dbeec95e78a4bc09e8775267fd6a43095507535","bugs":{"url":"https://github.com/kristijan-pajtasev/react-date-picker/issues"},"homepage":"https://github.com/kristijan-pajtasev/react-date-picker#readme","_id":"react-date-picker-component@1.3.0","_shasum":"b2fed29c9b3d02ad96788a57cc3c8917da663754","_from":".","_npmVersion":"2.13.3","_nodeVersion":"4.1.1","_npmUser":{"name":"kpajtasev","email":"kristijan.pajtasev@hotmail.com"},"dist":{"shasum":"b2fed29c9b3d02ad96788a57cc3c8917da663754","tarball":"https://registry.npmjs.org/react-date-picker-component/-/react-date-picker-component-1.3.0.tgz"},"maintainers":[{"name":"kpajtasev","email":"kristijan.pajtasev@hotmail.com"}],"directories":{}},"1.4.0":{"name":"react-date-picker-component","version":"1.4.0","description":"React date picker component","main":"dist/npm/datepicker.js","scripts":{"test":"echo \"Error: no test specified\" && exit 1"},"devDependencies":{"grunt":"~0.4.5","grunt-contrib-uglify":"~0.5.0","body-parser":"~1.4.0","grunt-contrib-watch":"~0.6.1","grunt-exec":"~0.4.6","express":"~4.0.0","react":"~0.14.1","react-dom":"~0.14.1"},"keywords":["datepicker","react","reactjs","date","calendar"],"repository":{"type":"git","url":"git+https://github.com/kristijan-pajtasev/react-date-picker.git"},"author":{"name":"Kristijan Pajtasev"},"license":"MIT","gitHead":"a1caafa985cfbc6c155a4b140d789612be70c877","bugs":{"url":"https://github.com/kristijan-pajtasev/react-date-picker/issues"},"homepage":"https://github.com/kristijan-pajtasev/react-date-picker#readme","_id":"react-date-picker-component@1.4.0","_shasum":"20bd1ae7f65b601016ecd81ded262afd7a934aef","_from":".","_npmVersion":"2.13.3","_nodeVersion":"4.1.1","_npmUser":{"name":"kpajtasev","email":"kristijan.pajtasev@hotmail.com"},"dist":{"shasum":"20bd1ae7f65b601016ecd81ded262afd7a934aef","tarball":"https://registry.npmjs.org/react-date-picker-component/-/react-date-picker-component-1.4.0.tgz"},"maintainers":[{"name":"kpajtasev","email":"kristijan.pajtasev@hotmail.com"}],"directories":{}},"1.4.1":{"name":"react-date-picker-component","version":"1.4.1","description":"React date picker component","main":"dist/npm/datepicker.js","scripts":{"test":"echo \"Error: no test specified\" && exit 1"},"devDependencies":{"grunt":"~0.4.5","grunt-contrib-uglify":"~0.5.0","body-parser":"~1.4.0","grunt-contrib-watch":"~0.6.1","grunt-exec":"~0.4.6","express":"~4.0.0","react":"~0.14.1","react-dom":"~0.14.1"},"keywords":["datepicker","react","reactjs","date","calendar"],"repository":{"type":"git","url":"git+https://github.com/kristijan-pajtasev/react-date-picker.git"},"author":{"name":"Kristijan Pajtasev"},"license":"MIT","gitHead":"bbb12a2254e5c3d45a77d6ceb6b14f8ba9ab7392","bugs":{"url":"https://github.com/kristijan-pajtasev/react-date-picker/issues"},"homepage":"https://github.com/kristijan-pajtasev/react-date-picker#readme","_id":"react-date-picker-component@1.4.1","_shasum":"a09b6ff76ac1aeafd840d5d0f959dd6b598412c4","_from":".","_npmVersion":"2.13.3","_nodeVersion":"4.1.1","_npmUser":{"name":"kpajtasev","email":"kristijan.pajtasev@hotmail.com"},"dist":{"shasum":"a09b6ff76ac1aeafd840d5d0f959dd6b598412c4","tarball":"https://registry.npmjs.org/react-date-picker-component/-/react-date-picker-component-1.4.1.tgz"},"maintainers":[{"name":"kpajtasev","email":"kristijan.pajtasev@hotmail.com"}],"directories":{}},"1.5.0":{"name":"react-date-picker-component","version":"1.5.0","description":"React date picker component","main":"dist/npm/datepicker.js","scripts":{"test":"echo \"Error: no test specified\" && exit 1"},"devDependencies":{"grunt":"~0.4.5","grunt-contrib-uglify":"~0.5.0","body-parser":"~1.4.0","grunt-contrib-watch":"~0.6.1","grunt-exec":"~0.4.6","express":"~4.0.0","react":"~0.14.1","react-dom":"~0.14.1"},"keywords":["datepicker","react","reactjs","date","calendar"],"repository":{"type":"git","url":"git+https://github.com/kristijan-pajtasev/react-date-picker.git"},"author":{"name":"Kristijan Pajtasev"},"license":"MIT","gitHead":"50c46841be40522ff9b5b8aa03f6cbc0ec6d9bd7","bugs":{"url":"https://github.com/kristijan-pajtasev/react-date-picker/issues"},"homepage":"https://github.com/kristijan-pajtasev/react-date-picker#readme","_id":"react-date-picker-component@1.5.0","_shasum":"17078eb33c08566b863b68636e6e8d2351e8a5a8","_from":".","_npmVersion":"2.13.3","_nodeVersion":"4.1.1","_npmUser":{"name":"kpajtasev","email":"kristijan.pajtasev@hotmail.com"},"dist":{"shasum":"17078eb33c08566b863b68636e6e8d2351e8a5a8","tarball":"https://registry.npmjs.org/react-date-picker-component/-/react-date-picker-component-1.5.0.tgz"},"maintainers":[{"name":"kpajtasev","email":"kristijan.pajtasev@hotmail.com"}],"directories":{}},"1.5.1":{"name":"react-date-picker-component","version":"1.5.1","description":"React date picker component","main":"dist/npm/datepicker.js","scripts":{"test":"echo \"Error: no test specified\" && exit 1"},"devDependencies":{"grunt":"~0.4.5","grunt-contrib-uglify":"~0.5.0","body-parser":"~1.4.0","grunt-contrib-watch":"~0.6.1","grunt-exec":"~0.4.6","express":"~4.0.0","react":"~0.14.1","react-dom":"~0.14.1"},"keywords":["datepicker","react","reactjs","date","calendar"],"repository":{"type":"git","url":"git+https://github.com/kristijan-pajtasev/react-date-picker.git"},"author":{"name":"Kristijan Pajtasev"},"license":"MIT","gitHead":"db18bd2dd30c2c0aeb48dbdfc1e53deae5fb43c5","bugs":{"url":"https://github.com/kristijan-pajtasev/react-date-picker/issues"},"homepage":"https://github.com/kristijan-pajtasev/react-date-picker#readme","_id":"react-date-picker-component@1.5.1","_shasum":"fd83c6abf758fe894c23cb2694d29914ab0fc8b6","_from":".","_npmVersion":"2.13.3","_nodeVersion":"4.1.1","_npmUser":{"name":"kpajtasev","email":"kristijan.pajtasev@hotmail.com"},"dist":{"shasum":"fd83c6abf758fe894c23cb2694d29914ab0fc8b6","tarball":"https://registry.npmjs.org/react-date-picker-component/-/react-date-picker-component-1.5.1.tgz"},"maintainers":[{"name":"kpajtasev","email":"kristijan.pajtasev@hotmail.com"}],"directories":{}},"2.0.0":{"name":"react-date-picker-component","version":"2.0.0","description":"React date picker component","main":"dist/npm/datepicker.js","scripts":{"test":"echo \"Error: no test specified\" && exit 1"},"devDependencies":{"grunt":"~0.4.5","grunt-contrib-uglify":"~0.5.0","body-parser":"~1.4.0","grunt-contrib-watch":"~0.6.1","grunt-exec":"~0.4.6","express":"~4.0.0","react":"~0.14.1","react-dom":"~0.14.1"},"keywords":["datepicker","react","reactjs","date","calendar","component","date-picker","react-component"],"repository":{"type":"git","url":"git+https://github.com/kristijan-pajtasev/react-date-picker.git"},"author":{"name":"Kristijan Pajtasev"},"license":"MIT","gitHead":"0ec0c63ee545ea90b60c4c14374ecf88ebddb845","bugs":{"url":"https://github.com/kristijan-pajtasev/react-date-picker/issues"},"homepage":"https://github.com/kristijan-pajtasev/react-date-picker#readme","_id":"react-date-picker-component@2.0.0","_shasum":"5b313c28df777ba9823b9db90d55ccdd6a62ae0b","_from":".","_npmVersion":"2.13.3","_nodeVersion":"4.1.1","_npmUser":{"name":"kpajtasev","email":"kristijan.pajtasev@hotmail.com"},"dist":{"shasum":"5b313c28df777ba9823b9db90d55ccdd6a62ae0b","tarball":"https://registry.npmjs.org/react-date-picker-component/-/react-date-picker-component-2.0.0.tgz"},"maintainers":[{"name":"kpajtasev","email":"kristijan.pajtasev@hotmail.com"}],"directories":{}},"2.0.1":{"name":"react-date-picker-component","version":"2.0.1","description":"React date picker component","main":"dist/npm/datepicker.js","scripts":{"test":"echo \"Error: no test specified\" && exit 1"},"devDependencies":{"grunt":"~0.4.5","grunt-contrib-uglify":"~0.5.0","body-parser":"~1.4.0","grunt-contrib-watch":"~0.6.1","grunt-exec":"~0.4.6","express":"~4.0.0","react":"~0.14.1","react-dom":"~0.14.1"},"dependencies":{"react":"~0.14.1"},"keywords":["datepicker","react","reactjs","date","calendar","component","date-picker","react-component"],"repository":{"type":"git","url":"git+https://github.com/kristijan-pajtasev/react-date-picker.git"},"author":{"name":"Kristijan Pajtasev"},"license":"MIT","gitHead":"ce9590c97e90903fc102b9c538a5f46bf8d6cca8","bugs":{"url":"https://github.com/kristijan-pajtasev/react-date-picker/issues"},"homepage":"https://github.com/kristijan-pajtasev/react-date-picker#readme","_id":"react-date-picker-component@2.0.1","_shasum":"eef31da64a1fadaf2b320d73cb945e6286173bca","_from":".","_npmVersion":"2.13.3","_nodeVersion":"4.1.1","_npmUser":{"name":"kpajtasev","email":"kristijan.pajtasev@hotmail.com"},"dist":{"shasum":"eef31da64a1fadaf2b320d73cb945e6286173bca","tarball":"https://registry.npmjs.org/react-date-picker-component/-/react-date-picker-component-2.0.1.tgz"},"maintainers":[{"name":"kpajtasev","email":"kristijan.pajtasev@hotmail.com"}],"directories":{}},"2.0.2":{"name":"react-date-picker-component","version":"2.0.2","description":"React date picker component","main":"dist/npm/datepicker.js","scripts":{"test":"echo \"Error: no test specified\" && exit 1"},"devDependencies":{"grunt":"~0.4.5","grunt-contrib-uglify":"~0.5.0","body-parser":"~1.4.0","grunt-contrib-watch":"~0.6.1","grunt-exec":"~0.4.6","express":"~4.0.0","react":"~0.14.1","react-dom":"~0.14.1"},"dependencies":{"react":"~0.14.1"},"keywords":["datepicker","react","reactjs","date","calendar","component","date-picker","react-component"],"repository":{"type":"git","url":"git+https://github.com/kristijan-pajtasev/react-date-picker.git"},"author":{"name":"Kristijan Pajtasev"},"license":"MIT","gitHead":"7163e752f81ba213cf75fdf0ee0770daec6027c9","bugs":{"url":"https://github.com/kristijan-pajtasev/react-date-picker/issues"},"homepage":"https://github.com/kristijan-pajtasev/react-date-picker#readme","_id":"react-date-picker-component@2.0.2","_shasum":"9171e199427bb6c0777559d8dde92ded3bab0142","_from":".","_npmVersion":"2.13.3","_nodeVersion":"4.1.1","_npmUser":{"name":"kpajtasev","email":"kristijan.pajtasev@hotmail.com"},"dist":{"shasum":"9171e199427bb6c0777559d8dde92ded3bab0142","tarball":"https://registry.npmjs.org/react-date-picker-component/-/react-date-picker-component-2.0.2.tgz"},"maintainers":[{"name":"kpajtasev","email":"kristijan.pajtasev@hotmail.com"}],"directories":{}},"3.0.0":{"name":"react-date-picker-component","version":"3.0.0","description":"React date picker component","main":"dist/npm/datepicker.js","scripts":{"test":"echo \"Error: no test specified\" && exit 1"},"devDependencies":{"grunt":"~0.4.5","grunt-contrib-uglify":"~0.5.0","body-parser":"~1.4.0","grunt-contrib-watch":"~0.6.1","grunt-exec":"~0.4.6","express":"~4.0.0","react":"~0.14.1","react-dom":"~0.14.1"},"dependencies":{"react":"~0.14.1"},"keywords":["datepicker","react","reactjs","date","calendar","component","date-picker","react-component"],"repository":{"type":"git","url":"git+https://github.com/kristijan-pajtasev/react-date-picker.git"},"author":{"name":"Kristijan Pajtasev"},"license":"MIT","gitHead":"88afee6b4dfc4021f6c34ea9dd03876612506ba7","bugs":{"url":"https://github.com/kristijan-pajtasev/react-date-picker/issues"},"homepage":"https://github.com/kristijan-pajtasev/react-date-picker#readme","_id":"react-date-picker-component@3.0.0","_shasum":"52ca1c6d9d76a7f8cc68711c36abd4b719c4603d","_from":".","_npmVersion":"2.13.3","_nodeVersion":"4.1.1","_npmUser":{"name":"kpajtasev","email":"kristijan.pajtasev@hotmail.com"},"dist":{"shasum":"52ca1c6d9d76a7f8cc68711c36abd4b719c4603d","tarball":"https://registry.npmjs.org/react-date-picker-component/-/react-date-picker-component-3.0.0.tgz"},"maintainers":[{"name":"kpajtasev","email":"kristijan.pajtasev@hotmail.com"}],"directories":{}},"3.0.1":{"name":"react-date-picker-component","version":"3.0.1","description":"React date picker component","main":"dist/npm/datepicker.js","scripts":{"test":"echo \"Error: no test specified\" && exit 1"},"devDependencies":{"grunt":"~0.4.5","grunt-contrib-uglify":"~0.5.0","body-parser":"~1.4.0","grunt-contrib-watch":"~0.6.1","grunt-exec":"~0.4.6","express":"~4.0.0","react":"~0.14.1","react-dom":"~0.14.1"},"dependencies":{"react":"~0.14.1"},"keywords":["datepicker","react","reactjs","date","calendar","component","date-picker","react-component"],"repository":{"type":"git","url":"git+https://github.com/kristijan-pajtasev/react-date-picker.git"},"author":{"name":"Kristijan Pajtasev"},"license":"MIT","gitHead":"2f8258a0a28b649cb8e512c199dc019bd7a62955","bugs":{"url":"https://github.com/kristijan-pajtasev/react-date-picker/issues"},"homepage":"https://github.com/kristijan-pajtasev/react-date-picker#readme","_id":"react-date-picker-component@3.0.1","_shasum":"b571c95493730d96e94f2b43c570db3e1c745d74","_from":".","_npmVersion":"2.13.3","_nodeVersion":"4.1.1","_npmUser":{"name":"kpajtasev","email":"kristijan.pajtasev@hotmail.com"},"dist":{"shasum":"b571c95493730d96e94f2b43c570db3e1c745d74","tarball":"https://registry.npmjs.org/react-date-picker-component/-/react-date-picker-component-3.0.1.tgz"},"maintainers":[{"name":"kpajtasev","email":"kristijan.pajtasev@hotmail.com"}],"directories":{}},"3.0.2":{"name":"react-date-picker-component","version":"3.0.2","description":"React date picker component","main":"dist/npm/datepicker.js","scripts":{"test":"echo \"Error: no test specified\" && exit 1"},"devDependencies":{"grunt":"~0.4.5","grunt-contrib-uglify":"~0.5.0","body-parser":"~1.4.0","grunt-contrib-watch":"~0.6.1","grunt-exec":"~0.4.6","express":"~4.0.0","react":"~0.14.1","react-dom":"~0.14.1"},"dependencies":{"react":"~0.14.1"},"keywords":["datepicker","react","reactjs","date","calendar","component","date-picker","react-component"],"repository":{"type":"git","url":"git+https://github.com/kristijan-pajtasev/react-date-picker.git"},"author":{"name":"Kristijan Pajtasev"},"license":"MIT","gitHead":"280e8f3bce4d9f9ed1df15a009281d85519b3852","bugs":{"url":"https://github.com/kristijan-pajtasev/react-date-picker/issues"},"homepage":"https://github.com/kristijan-pajtasev/react-date-picker#readme","_id":"react-date-picker-component@3.0.2","_shasum":"b8e11600a746afc093357f6eb3e1043c6f797746","_from":".","_npmVersion":"2.13.3","_nodeVersion":"4.1.1","_npmUser":{"name":"kpajtasev","email":"kristijan.pajtasev@hotmail.com"},"dist":{"shasum":"b8e11600a746afc093357f6eb3e1043c6f797746","tarball":"https://registry.npmjs.org/react-date-picker-component/-/react-date-picker-component-3.0.2.tgz"},"maintainers":[{"name":"kpajtasev","email":"kristijan.pajtasev@hotmail.com"}],"directories":{}},"4.0.0":{"name":"react-date-picker-component","version":"4.0.0","description":"React date picker component","main":"dist/npm/datepicker.js","scripts":{"test":"echo \"Error: no test specified\" && exit 1"},"devDependencies":{"grunt":"~0.4.5","grunt-contrib-uglify":"~0.5.0","body-parser":"~1.4.0","grunt-contrib-watch":"~0.6.1","grunt-exec":"~0.4.6","express":"~4.0.0","react":"~0.14.1","react-dom":"~0.14.1"},"dependencies":{"react":"~0.14.1"},"keywords":["datepicker","react","reactjs","date","calendar","component","date-picker","react-component"],"repository":{"type":"git","url":"git+https://github.com/kristijan-pajtasev/react-date-picker.git"},"author":{"name":"Kristijan Pajtasev"},"license":"MIT","gitHead":"f7dfdbe699d1fb073fdd5e5a271110d0a0418ec8","bugs":{"url":"https://github.com/kristijan-pajtasev/react-date-picker/issues"},"homepage":"https://github.com/kristijan-pajtasev/react-date-picker#readme","_id":"react-date-picker-component@4.0.0","_shasum":"9b62b82b85eb49b668676e4e705002f5849267ed","_from":".","_npmVersion":"2.13.3","_nodeVersion":"4.1.1","_npmUser":{"name":"kpajtasev","email":"kristijan.pajtasev@hotmail.com"},"dist":{"shasum":"9b62b82b85eb49b668676e4e705002f5849267ed","tarball":"https://registry.npmjs.org/react-date-picker-component/-/react-date-picker-component-4.0.0.tgz"},"maintainers":[{"name":"kpajtasev","email":"kristijan.pajtasev@hotmail.com"}],"directories":{}},"4.0.1":{"name":"react-date-picker-component","version":"4.0.1","description":"React date picker component","main":"dist/npm/datepicker.js","scripts":{"test":"echo \"Error: no test specified\" && exit 1"},"devDependencies":{"grunt":"~0.4.5","grunt-contrib-uglify":"~0.5.0","body-parser":"~1.4.0","grunt-contrib-watch":"~0.6.1","grunt-exec":"~0.4.6","express":"~4.0.0","react":"~0.14.1","react-dom":"~0.14.1"},"dependencies":{"react":"~0.14.1"},"keywords":["datepicker","react","reactjs","date","calendar","component","date-picker","react-component"],"repository":{"type":"git","url":"git+https://github.com/kristijan-pajtasev/react-date-picker.git"},"author":{"name":"Kristijan Pajtasev"},"license":"MIT","gitHead":"534fdf049efad7207e483ff4b44255dfeb7f6813","bugs":{"url":"https://github.com/kristijan-pajtasev/react-date-picker/issues"},"homepage":"https://github.com/kristijan-pajtasev/react-date-picker#readme","_id":"react-date-picker-component@4.0.1","_shasum":"9a14e590019b29919d39eae8d304456f97c9e562","_from":".","_npmVersion":"2.13.3","_nodeVersion":"4.1.1","_npmUser":{"name":"kpajtasev","email":"kristijan.pajtasev@hotmail.com"},"dist":{"shasum":"9a14e590019b29919d39eae8d304456f97c9e562","tarball":"https://registry.npmjs.org/react-date-picker-component/-/react-date-picker-component-4.0.1.tgz"},"maintainers":[{"name":"kpajtasev","email":"kristijan.pajtasev@hotmail.com"}],"directories":{}},"5.0.0":{"name":"react-date-picker-component","version":"5.0.0","description":"React date picker component","main":"dist/npm/datepicker.js","scripts":{"test":"echo \"Error: no test specified\" && exit 1"},"devDependencies":{"grunt":"~0.4.5","grunt-contrib-uglify":"~0.5.0","body-parser":"~1.4.0","grunt-contrib-watch":"~0.6.1","grunt-exec":"~0.4.6","express":"~4.0.0","react":"~0.14.1","react-dom":"~0.14.1"},"dependencies":{"react":"~0.14.1"},"keywords":["datepicker","react","reactjs","date","calendar","component","date-picker","react-component"],"repository":{"type":"git","url":"git+https://github.com/kristijan-pajtasev/react-date-picker.git"},"author":{"name":"Kristijan Pajtasev"},"license":"MIT","gitHead":"4dc5da3664069638e6cb7b7583bf5bb1dba48451","bugs":{"url":"https://github.com/kristijan-pajtasev/react-date-picker/issues"},"homepage":"https://github.com/kristijan-pajtasev/react-date-picker#readme","_id":"react-date-picker-component@5.0.0","_shasum":"849e02fff0b207cb33939504c92177ba739fef35","_from":".","_npmVersion":"2.13.3","_nodeVersion":"4.1.1","_npmUser":{"name":"kpajtasev","email":"kristijan.pajtasev@hotmail.com"},"dist":{"shasum":"849e02fff0b207cb33939504c92177ba739fef35","tarball":"https://registry.npmjs.org/react-date-picker-component/-/react-date-picker-component-5.0.0.tgz"},"maintainers":[{"name":"kpajtasev","email":"kristijan.pajtasev@hotmail.com"}],"directories":{}},"5.0.1":{"name":"react-date-picker-component","version":"5.0.1","description":"React date picker component","main":"dist/npm/datepicker.js","scripts":{"test":"echo \"Error: no test specified\" && exit 1"},"devDependencies":{"grunt":"~0.4.5","grunt-contrib-uglify":"~0.5.0","body-parser":"~1.4.0","grunt-contrib-watch":"~0.6.1","grunt-exec":"~0.4.6","express":"~4.0.0","react":"~0.14.1","react-dom":"~0.14.1"},"dependencies":{"react":"~0.14.1"},"keywords":["datepicker","react","reactjs","date","calendar","component","date-picker","react-component"],"repository":{"type":"git","url":"git+https://github.com/kristijan-pajtasev/react-date-picker.git"},"author":{"name":"Kristijan Pajtasev"},"license":"MIT","gitHead":"9079186caf3600ff785c64c6af34d2b4790b40d4","bugs":{"url":"https://github.com/kristijan-pajtasev/react-date-picker/issues"},"homepage":"https://github.com/kristijan-pajtasev/react-date-picker#readme","_id":"react-date-picker-component@5.0.1","_shasum":"77de3f68262954d0a1722ca25ec342c18be15b5d","_from":".","_npmVersion":"3.3.12","_nodeVersion":"5.1.1","_npmUser":{"name":"kpajtasev","email":"kristijan.pajtasev@hotmail.com"},"dist":{"shasum":"77de3f68262954d0a1722ca25ec342c18be15b5d","tarball":"https://registry.npmjs.org/react-date-picker-component/-/react-date-picker-component-5.0.1.tgz"},"maintainers":[{"name":"kpajtasev","email":"kristijan.pajtasev@hotmail.com"}],"directories":{}},"5.0.2":{"name":"react-date-picker-component","version":"5.0.2","description":"React date picker component","main":"dist/npm/datepicker.js","scripts":{"test":"echo \"Error: no test specified\" && exit 1"},"devDependencies":{"grunt":"~0.4.5","grunt-contrib-uglify":"~0.5.0","body-parser":"~1.4.0","grunt-contrib-watch":"~0.6.1","grunt-exec":"~0.4.6","express":"~4.0.0","react":"~0.14.1","react-dom":"~0.14.1"},"dependencies":{"react":"~0.14.1"},"keywords":["datepicker","react","reactjs","date","calendar","component","date-picker","react-component"],"repository":{"type":"git","url":"git+https://github.com/kristijan-pajtasev/react-date-picker.git"},"author":{"name":"Kristijan Pajtasev"},"license":"MIT","gitHead":"9079186caf3600ff785c64c6af34d2b4790b40d4","bugs":{"url":"https://github.com/kristijan-pajtasev/react-date-picker/issues"},"homepage":"https://github.com/kristijan-pajtasev/react-date-picker#readme","_id":"react-date-picker-component@5.0.2","_shasum":"b9a572abc5449e8f2027d6f2610401b0a7045411","_from":".","_npmVersion":"3.3.12","_nodeVersion":"5.1.1","_npmUser":{"name":"kpajtasev","email":"kristijan.pajtasev@hotmail.com"},"dist":{"shasum":"b9a572abc5449e8f2027d6f2610401b0a7045411","tarball":"https://registry.npmjs.org/react-date-picker-component/-/react-date-picker-component-5.0.2.tgz"},"maintainers":[{"name":"kpajtasev","email":"kristijan.pajtasev@hotmail.com"}],"directories":{}},"5.0.3":{"name":"react-date-picker-component","version":"5.0.3","description":"React date picker component","main":"dist/npm/datepicker.js","scripts":{"test":"echo \"Error: no test specified\" && exit 1"},"devDependencies":{"grunt":"~0.4.5","grunt-contrib-uglify":"~0.5.0","body-parser":"~1.4.0","grunt-contrib-watch":"~0.6.1","grunt-exec":"~0.4.6","express":"~4.0.0","react":"~0.14.1","react-dom":"~0.14.1"},"dependencies":{"react":"~0.14.1"},"keywords":["datepicker","react","reactjs","date","calendar","component","date-picker","react-component"],"repository":{"type":"git","url":"git+https://github.com/kristijan-pajtasev/react-date-picker.git"},"author":{"name":"Kristijan Pajtasev"},"license":"MIT","gitHead":"2c4b77041a951545c98f6303087e99e9a9531bb7","bugs":{"url":"https://github.com/kristijan-pajtasev/react-date-picker/issues"},"homepage":"https://github.com/kristijan-pajtasev/react-date-picker#readme","_id":"react-date-picker-component@5.0.3","_shasum":"efe36ecacf974bad47623784a70b39f4a9f4b602","_from":".","_npmVersion":"2.13.3","_nodeVersion":"4.1.1","_npmUser":{"name":"kpajtasev","email":"kristijan.pajtasev@hotmail.com"},"dist":{"shasum":"efe36ecacf974bad47623784a70b39f4a9f4b602","tarball":"https://registry.npmjs.org/react-date-picker-component/-/react-date-picker-component-5.0.3.tgz"},"maintainers":[{"name":"kpajtasev","email":"kristijan.pajtasev@hotmail.com"}],"directories":{}},"5.0.4":{"name":"react-date-picker-component","version":"5.0.4","description":"React date picker component","main":"dist/npm/datepicker.js","scripts":{"test":"echo \"Error: no test specified\" && exit 1"},"devDependencies":{"grunt":"~0.4.5","grunt-contrib-uglify":"~0.5.0","body-parser":"~1.4.0","grunt-contrib-watch":"~0.6.1","grunt-exec":"~0.4.6","express":"~4.0.0","react":"~0.14.1","react-dom":"~0.14.1","babel-preset-es2015":"6.3.13","babel-preset-react":"6.3.13"},"dependencies":{"react":"~0.14.1"},"keywords":["datepicker","react","reactjs","date","calendar","component","date-picker","react-component"],"repository":{"type":"git","url":"git+https://github.com/kristijan-pajtasev/react-date-picker.git"},"author":{"name":"Kristijan Pajtasev"},"license":"MIT","gitHead":"ba0fc71f8b7976680c5a52c4db2cae79561cdf27","bugs":{"url":"https://github.com/kristijan-pajtasev/react-date-picker/issues"},"homepage":"https://github.com/kristijan-pajtasev/react-date-picker#readme","_id":"react-date-picker-component@5.0.4","_shasum":"c6d9873b7285b1296a109545385a05d0b9ed37a5","_from":".","_npmVersion":"3.3.12","_nodeVersion":"5.1.1","_npmUser":{"name":"kpajtasev","email":"kristijan.pajtasev@hotmail.com"},"dist":{"shasum":"c6d9873b7285b1296a109545385a05d0b9ed37a5","tarball":"https://registry.npmjs.org/react-date-picker-component/-/react-date-picker-component-5.0.4.tgz"},"maintainers":[{"name":"kpajtasev","email":"kristijan.pajtasev@hotmail.com"}],"directories":{}},"5.0.5":{"name":"react-date-picker-component","version":"5.0.5","description":"React date picker component","main":"dist/npm/datepicker.js","scripts":{"test":"echo \"Error: no test specified\" && exit 1"},"devDependencies":{"grunt":"~0.4.5","grunt-contrib-uglify":"~0.5.0","body-parser":"~1.4.0","grunt-contrib-watch":"~0.6.1","grunt-exec":"~0.4.6","express":"~4.0.0","react":"~0.14.1","react-dom":"~0.14.1","babel-preset-es2015":"6.3.13","babel-preset-react":"6.3.13"},"dependencies":{"react":"~0.14.1"},"keywords":["datepicker","react","reactjs","date","calendar","component","date-picker","react-component"],"repository":{"type":"git","url":"git+https://github.com/kristijan-pajtasev/react-date-picker.git"},"author":{"name":"Kristijan Pajtasev"},"license":"MIT","gitHead":"35e6525d5f4e12fecff8ead99ed1325bd4c7a4cb","bugs":{"url":"https://github.com/kristijan-pajtasev/react-date-picker/issues"},"homepage":"https://github.com/kristijan-pajtasev/react-date-picker#readme","_id":"react-date-picker-component@5.0.5","_shasum":"dfa20cf26ef4bf5097e438b2b43c970ce55eebf5","_from":".","_npmVersion":"3.3.12","_nodeVersion":"5.1.1","_npmUser":{"name":"kpajtasev","email":"kristijan.pajtasev@hotmail.com"},"dist":{"shasum":"dfa20cf26ef4bf5097e438b2b43c970ce55eebf5","tarball":"https://registry.npmjs.org/react-date-picker-component/-/react-date-picker-component-5.0.5.tgz"},"maintainers":[{"name":"kpajtasev","email":"kristijan.pajtasev@hotmail.com"}],"directories":{}},"5.0.6":{"name":"react-date-picker-component","version":"5.0.6","description":"React date picker component","main":"dist/npm/datepicker.js","scripts":{"test":"echo \"Error: no test specified\" && exit 1"},"devDependencies":{"grunt":"~0.4.5","grunt-contrib-uglify":"~0.5.0","body-parser":"~1.4.0","grunt-contrib-watch":"~0.6.1","grunt-exec":"~0.4.6","express":"~4.0.0","react":"~0.14.1","react-dom":"~0.14.1","babel-preset-es2015":"6.3.13","babel-preset-react":"6.3.13"},"dependencies":{"react":"~0.14.1"},"keywords":["datepicker","react","reactjs","date","calendar","component","date-picker","react-component"],"repository":{"type":"git","url":"git+https://github.com/kristijan-pajtasev/react-date-picker.git"},"author":{"name":"Kristijan Pajtasev"},"license":"MIT","gitHead":"35e6525d5f4e12fecff8ead99ed1325bd4c7a4cb","bugs":{"url":"https://github.com/kristijan-pajtasev/react-date-picker/issues"},"homepage":"https://github.com/kristijan-pajtasev/react-date-picker#readme","_id":"react-date-picker-component@5.0.6","_shasum":"ecb32e8e354a20ce2cdb8b8268468c9286129c48","_from":".","_npmVersion":"3.3.12","_nodeVersion":"5.1.1","_npmUser":{"name":"kpajtasev","email":"kristijan.pajtasev@hotmail.com"},"dist":{"shasum":"ecb32e8e354a20ce2cdb8b8268468c9286129c48","tarball":"https://registry.npmjs.org/react-date-picker-component/-/react-date-picker-component-5.0.6.tgz"},"maintainers":[{"name":"kpajtasev","email":"kristijan.pajtasev@hotmail.com"}],"directories":{}}},"readme":"# React Datepicker Component\n\n## Installing \n\n### npm\n\n#### In package.json\n```\n\"react-date-picker-component\": \"a.b.c\"\n```\n\n#### CLI\n```\nnpm install react-date-picker-component\n```\n\n## Usage\n\n```\nvar Datepicker = require(\"react-date-picker-component\");\n\nReactDOM.render(<Datepicker />, document.getElementById(\"component\"));\n```\n\n### Getting value\nTo retreive selected date you need to pass onChange function which will be triggered each time\nsome date is selected.\n\n```\nfunction onChangeCallback(selectedDay) { /* some work */ }\nReactDOM.render(<Datepicker onChange={onChangeCallback} />, document.getElementById(\"component\"));\n```\n\n### Date range\nIf you want to have date range option just pass parameter isRange with value true. Then in the on change\nfunction you will receive object with properties startDate and endDate.\n\n```\nvar isRange = true;\nReactDOM.render(<Datepicker isRange={isRange} />, document.getElementById(\"component\"));\n```\n\n### Inline calendar\nIf you want to have inline calendar, one when you see just date and calendar is displayed bellow after\nyou click on it, just pass isInline parameter with value true.\n\n```\nvar isInline = true;\nReactDOM.render(<Datepicker isInline={isInline} />, document.getElementById(\"component\"));\n```\n\n### Initial date\nFor initial selected date pass date object as selectedDate parameter.\n```\nvar date = new Date();\nReactDOM.render(<Datepicker selectedDate={date} />, document.getElementById(\"component\"));\n```\n\n### Initialy displayed month\nIf you want some month initialy displayed but not selecting some day, you can pass any day from that month\nas date object as displayMonth prop.\n```\nvar date = new Date();\nReactDOM.render(<Datepicker displayMonth={date} />, document.getElementById(\"component\"));\n```\n\n### Show/hide controls\nIf you want to hide controls for changing year or month just add showControls property\nwith value of false. By default this property is true.\n```\nReactDOM.render(<Datepicker showControls={false} />, document.getElementById(\"component\"));\n```\n\n### Minimum date\nYou can define minimum possible date by passing minimumDate flag.\n\n```\nvar minumumDate = new Date();\nReactDOM.render(<Datepicker minimumDate={minimumDate} />, document.getElementById(\"component\"));\n```\n\n### Localization\nFor month names localization, you can pass monthLabels property.\n\n```\nvar labels = [...];\nReactDOM.render(<Datepicker monthLabels={labels} />, document.getElementById(\"component\"));\n```\nFor week days names you can pass daysLabels property with array of strings representing \ndays names as value. \n```\nvar labels = [\"monday\", \"tuesday\",...];\nReactDOM.render(<Datepicker daysLabels={labels} />, document.getElementById(\"component\"));\n```\n\n### Week days names\nWeek names are enabled by default. If you want to remove them pass showDaysLabels \nproperty with value false. Names are in table head element, each one in th element with \nclass dayLabel.\n\n```\nReactDOM.render(<Datepicker showDaysLabels={false} />, document.getElementById(\"component\"));\n```\n\n## Styling\nCurrently there are three ways of styling for date picker. You can use default which can be downloaded from \ngithub in CSS or SASS format. This is not recomended because it is just some default format. You can add custom \nstyle to directive as parameter or write your CSS. Last two methodes are described belowe. \n\n### Structure\nWhole component is in div element with class datepicker. Inside there are two elements in first depth level. \nDiv with class header where is displayed selected date in format DD/MM/YYY. Next is table with class calendar. \nInside we have caption with class controls which contains two divs (one for month changing and one for year \nchanging) with two more elements. Moving into past element with class prev and into future with class next. \nEach week is table row with class week. Each day has class day. If day is not possible to be clicked it has \nclass disabled, and selected day has class selected. Week days names are in thead element. Each label is th \nelement and they are inside of one tr element. Each th element has dayLabel class.\n\n### Styling as component parameter\nTo add some style to part of component you can pass JSON object for styling as customStyle property.\nUsing classes as keys you choose which part will have which style. Important thing is that React uses \ncamel case for property names so in you styling definition you will not have font-weight but fontWeight. \n\n```\nvar customStyle = {\n\theader: {\n\t\t\"color\": \"blue\",\n\t\t\"fontWeight\": \"bold\"\n\t}\n}\nReactDOM.render(<Datepicker customStyle={customStyle} />, document.getElementById(\"component\"));\n```\n\n### Styling as CSS\nYou can use this structure and usual CSS selectors for styling this component. So for styling day \nelement you can use .day selector or .day.selected for selected day. This is recomended usage \nbecause like this you can use different pseudoselectors like :hover and you can use media queries.\n\n## Note\n\nThis component is ready to use as npm module or as script which can be also find in \ngithub repository. However, if you do find any issues, please do contact me. Also if you are using \nit I would appreciate if you could let me know how it is working for you.","maintainers":[{"name":"kpajtasev","email":"kristijan.pajtasev@hotmail.com"}],"time":{"modified":"2015-12-10T21:15:08.337Z","created":"2015-11-15T22:33:29.605Z","0.0.0":"2015-11-15T22:33:29.605Z","0.0.1":"2015-11-15T22:34:54.581Z","0.0.3":"2015-11-17T22:46:37.865Z","1.0.0":"2015-11-18T20:51:01.087Z","1.0.1":"2015-11-18T21:04:03.930Z","1.0.2":"2015-11-18T21:14:09.234Z","1.0.3":"2015-11-18T21:18:53.137Z","1.0.4":"2015-11-18T21:34:09.262Z","1.1.0":"2015-11-19T20:53:27.506Z","1.2.0":"2015-11-19T21:40:31.565Z","1.2.1":"2015-11-19T21:42:57.834Z","1.3.0":"2015-11-20T21:10:52.898Z","1.4.0":"2015-11-21T16:57:27.700Z","1.4.1":"2015-11-22T18:29:09.504Z","1.5.0":"2015-11-22T19:32:18.757Z","1.5.1":"2015-11-23T20:23:30.309Z","2.0.0":"2015-11-23T22:50:34.216Z","2.0.1":"2015-11-24T20:11:05.696Z","2.0.2":"2015-11-24T20:41:20.227Z","3.0.0":"2015-11-24T22:39:58.879Z","3.0.1":"2015-11-25T21:56:34.369Z","3.0.2":"2015-11-29T21:01:03.160Z","4.0.0":"2015-11-30T20:16:56.859Z","4.0.1":"2015-12-01T21:24:47.491Z","5.0.0":"2015-12-01T22:17:18.577Z","5.0.1":"2015-12-06T19:01:19.865Z","5.0.2":"2015-12-06T19:19:24.405Z","5.0.3":"2015-12-06T19:49:55.569Z","5.0.4":"2015-12-10T20:29:50.043Z","5.0.5":"2015-12-10T21:14:31.442Z","5.0.6":"2015-12-10T21:15:08.337Z"},"keywords":["datepicker","react","reactjs","date","calendar","component","date-picker","react-component"],"author":{"name":"Kristijan Pajtasev"},"license":"MIT","readmeFilename":"README.md","homepage":"https://github.com/kristijan-pajtasev/react-date-picker#readme","repository":{"type":"git","url":"git+https://github.com/kristijan-pajtasev/react-date-picker.git"},"bugs":{"url":"https://github.com/kristijan-pajtasev/react-date-picker/issues"},"_attachments":{},"_etag":"\"DZINY9JUNMLAG1T0N8EOT4ZGL\""}