{"_id":"base62","_rev":"13-87833239924768440be6669b712d7b28","name":"base62","description":"Javascript Base62 encode/decoder","dist-tags":{"latest":"1.1.1"},"versions":{"0.1.0":{"author":{"name":"Andrew Nesbitt","email":"andrewnez@gmail.com","url":"http://andrew-nesbitt.com/"},"name":"base62","description":"Javascript Base62 encode/decoder","version":"0.1.0","repository":{"type":"git","url":"git://github.com/andrew/base62.js.git"},"main":"base62.js","engines":{"node":"*"},"_npmUser":{"name":"andrewnez","email":"andrewnez@gmail.com"},"_id":"base62@0.1.0","dependencies":{},"devDependencies":{},"optionalDependencies":{},"_engineSupported":true,"_npmVersion":"1.1.0-2","_nodeVersion":"v0.6.8","_defaultsLoaded":true,"dist":{"shasum":"03b8bde71477f095dff3455ccd5f8e0fd6bf91fa","tarball":"https://registry.npmjs.org/base62/-/base62-0.1.0.tgz"},"maintainers":[{"name":"andrewnez","email":"andrewnez@gmail.com"}],"directories":{}},"0.1.1":{"author":{"name":"Andrew Nesbitt","email":"andrewnez@gmail.com","url":"http://andrew-nesbitt.com/"},"name":"base62","description":"Javascript Base62 encode/decoder","keywords":["base-62"],"version":"0.1.1","repository":{"type":"git","url":"git://github.com/andrew/base62.js.git"},"main":"base62.js","engines":{"node":"*"},"scripts":{"test":"mocha test"},"devDependencies":{"mocha":"1.7.x"},"_id":"base62@0.1.1","dist":{"shasum":"7b4174c2f94449753b11c2651c083da841a7b084","tarball":"https://registry.npmjs.org/base62/-/base62-0.1.1.tgz"},"_npmVersion":"1.1.65","_npmUser":{"name":"andrewnez","email":"andrewnez@gmail.com"},"maintainers":[{"name":"andrewnez","email":"andrewnez@gmail.com"}],"directories":{}},"0.1.2":{"author":{"name":"Andrew Nesbitt","email":"andrewnez@gmail.com","url":"http://andrew.github.io"},"name":"base62","description":"Javascript Base62 encode/decoder","keywords":["base-62"],"version":"0.1.2","repository":{"type":"git","url":"git://github.com/andrew/base62.js.git"},"main":"base62.js","engines":{"node":"*"},"scripts":{"test":"mocha test"},"devDependencies":{"mocha":"1.7.x"},"bugs":{"url":"https://github.com/andrew/base62.js/issues"},"homepage":"https://github.com/andrew/base62.js","_id":"base62@0.1.2","dist":{"shasum":"6f0d1b71d7cbc18234fa6f86928c08d3923f547b","tarball":"https://registry.npmjs.org/base62/-/base62-0.1.2.tgz"},"_from":".","_npmVersion":"1.4.6","_npmUser":{"name":"andrewnez","email":"andrewnez@gmail.com"},"maintainers":[{"name":"andrewnez","email":"andrewnez@gmail.com"}],"directories":{}},"1.0.0":{"author":{"name":"Andrew Nesbitt","email":"andrewnez@gmail.com","url":"http://nesbitt.io"},"name":"base62","description":"Javascript Base62 encode/decoder","keywords":["base-62"],"licenses":[{"type":"MIT","url":"https://github.com/andrew/base62.js/blob/master/LICENSE"}],"version":"1.0.0","repository":{"type":"git","url":"git://github.com/andrew/base62.js.git"},"main":"base62.js","engines":{"node":"*"},"scripts":{"test":"mocha test"},"devDependencies":{"mocha":"~1.21.4"},"bugs":{"url":"https://github.com/andrew/base62.js/issues"},"homepage":"https://github.com/andrew/base62.js","_id":"base62@1.0.0","dist":{"shasum":"47e25e40e841597877807a3a459a6b1f3f8a88a1","tarball":"https://registry.npmjs.org/base62/-/base62-1.0.0.tgz"},"_from":".","_npmVersion":"1.4.6","_npmUser":{"name":"andrewnez","email":"andrewnez@gmail.com"},"maintainers":[{"name":"andrewnez","email":"andrewnez@gmail.com"}],"directories":{}},"1.1.0":{"author":{"name":"Andrew Nesbitt","email":"andrewnez@gmail.com","url":"http://nesbitt.io"},"name":"base62","description":"Javascript Base62 encode/decoder","keywords":["base-62"],"licenses":[{"type":"MIT","url":"https://github.com/andrew/base62.js/blob/master/LICENSE"}],"version":"1.1.0","repository":{"type":"git","url":"git://github.com/andrew/base62.js.git"},"main":"base62.js","engines":{"node":"*"},"scripts":{"test":"mocha test"},"devDependencies":{"mocha":"~2.1.0"},"gitHead":"7a37860056bdf139b8886eac1376327c02282dc8","bugs":{"url":"https://github.com/andrew/base62.js/issues"},"homepage":"https://github.com/andrew/base62.js","_id":"base62@1.1.0","_shasum":"4659de866558906d43fec61e07abd4397da74c19","_from":".","_npmVersion":"1.4.28","_npmUser":{"name":"andrewnez","email":"andrewnez@gmail.com"},"maintainers":[{"name":"andrewnez","email":"andrewnez@gmail.com"}],"dist":{"shasum":"4659de866558906d43fec61e07abd4397da74c19","tarball":"https://registry.npmjs.org/base62/-/base62-1.1.0.tgz"},"directories":{}},"1.1.1":{"author":{"name":"Andrew Nesbitt","email":"andrewnez@gmail.com","url":"http://nesbitt.io"},"name":"base62","description":"Javascript Base62 encode/decoder","keywords":["base-62","encoder","decoder"],"license":"MIT","version":"1.1.1","repository":{"type":"git","url":"git+https://github.com/andrew/base62.js.git"},"bugs":{"url":"https://github.com/andrew/base62.js/issues"},"homepage":"https://github.com/andrew/base62.js","main":"base62.js","engines":{"node":"*"},"scripts":{"test":"mocha"},"devDependencies":{"mocha":"~2.4.5"},"gitHead":"8d5757251b468efa1f5bc9e1716577219d7788c6","_id":"base62@1.1.1","_shasum":"974e82c11bd5e00816b508a7ed9c7b9086c9db6b","_from":".","_npmVersion":"3.7.3","_nodeVersion":"5.9.0","_npmUser":{"name":"andrewnez","email":"andrewnez@gmail.com"},"maintainers":[{"name":"andrewnez","email":"andrewnez@gmail.com"}],"dist":{"shasum":"974e82c11bd5e00816b508a7ed9c7b9086c9db6b","tarball":"https://registry.npmjs.org/base62/-/base62-1.1.1.tgz"},"_npmOperationalInternal":{"host":"packages-16-east.internal.npmjs.com","tmp":"tmp/base62-1.1.1.tgz_1460670920673_0.4959259112365544"},"directories":{}}},"readme":"# [Base62.js](http://libraries.io/npm/base62)\n[![build status](https://secure.travis-ci.org/andrew/base62.js.svg)](http://travis-ci.org/andrew/base62.js)\n[![npm version](https://badge.fury.io/js/base62.svg)](http://badge.fury.io/js/base62)\n[![Dependency Status](https://david-dm.org/andrew/base62.js.svg?theme=shields.io)](https://david-dm.org/andrew/base62.js)\n[![devDependency Status](https://david-dm.org/andrew/base62.js/dev-status.svg?theme=shields.io)](https://david-dm.org/andrew/base62.js#info=devDependencies)\n[![Gitter chat](http://img.shields.io/badge/gitter-andrew/base62.js-brightgreen.svg)](https://gitter.im/andrew/base62.js)\n\nA javascript Base62 encode/decoder for node.js\n\n## Install\n\n```bash\nnpm install base62\n```\n\n## Usage\n\n### Default Character Set Example\n\n```javascript\nBase62 = require('base62')\nBase62.encode(999)  // 'g7'\nBase62.decode('g7') // 999\n```\n\n### Custom Character Set Example\n\nThe default character set is `0-9a-zA-Z`. This can be updated to a custom character set. Naturally, it must be 62 characters long.\n\nInstead of the character set `0-9a-zA-Z` you want to use `0-9A-Za-z`, call the `setCharacterSet()` method on the Base62 object passing in the string `\"0123456789ABCDEFGHIJKLMNOPQRSTUVWXYZabcdefghijklmnopqrstuvwxyz\"`. Note that all characters must be unique.\n\n```javascript\nBase62 = require('base62')\nBase62.setCharacterSet(\"0123456789ABCDEFGHIJKLMNOPQRSTUVWXYZabcdefghijklmnopqrstuvwxyz\");\nBase62.encode(999)  // 'G7'\nBase62.decode('G7') // 999\n```\n\n## Development\n\nSource hosted at [GitHub](http://github.com/andrew/base62.js).\nReport Issues/Feature requests on [GitHub Issues](http://github.com/andrew/base62.js).\n\n### Note on Patches/Pull Requests\n\n * Fork the project.\n * Make your feature addition or bug fix.\n * Add tests for it. This is important so I don't break it in a future version unintentionally.\n * Send me a pull request. Bonus points for topic branches.\n\n## Copyright\n\nCopyright (c) 2015 Andrew Nesbitt. See [LICENSE](https://github.com/andrew/base62.js/blob/master/LICENSE) for details.\n","maintainers":[{"name":"andrewnez","email":"andrewnez@gmail.com"}],"time":{"modified":"2016-04-14T21:55:22.812Z","created":"2012-02-24T18:04:05.588Z","0.1.0":"2012-02-24T18:04:06.916Z","0.1.1":"2012-12-09T05:11:27.662Z","0.1.2":"2014-07-15T21:24:45.597Z","1.0.0":"2014-10-11T07:22:23.512Z","1.1.0":"2015-02-23T09:52:54.646Z","1.1.1":"2016-04-14T21:55:22.812Z"},"author":{"name":"Andrew Nesbitt","email":"andrewnez@gmail.com","url":"http://nesbitt.io"},"repository":{"type":"git","url":"git+https://github.com/andrew/base62.js.git"},"homepage":"https://github.com/andrew/base62.js","keywords":["base-62","encoder","decoder"],"bugs":{"url":"https://github.com/andrew/base62.js/issues"},"readmeFilename":"Readme.md","users":{"iolo":true},"license":"MIT","_attachments":{},"_etag":"\"8SOVMDFZ4MZ1TVBV3W6T9QEPE\""}