{"_id":"moment","_rev":"573-637576b9e8bb4b503f86e634ed7399a0","name":"moment","description":"Parse, validate, manipulate, and display dates","dist-tags":{"latest":"2.13.0"},"versions":{"1.0.0":{"name":"moment","version":"1.0.0","description":"Moment.js is a javascript date library that helps create, manipulate, and format dates without extending the `Date` prototype.","homepage":"https://github.com/timrwood/moment","author":{"name":"Tim Wood","email":"washwithcare@gmail.com","url":"http://timwoodcreates.com/"},"keywords":["moment","date"],"main":"./moment","engines":{"node":"*"},"repository":{"type":"git","url":"git://github.com/timrwood/moment.git"},"bugs":{"url":"https://github.com/timrwood/moment/issues"},"licenses":[{"type":"MIT"}],"_npmJsonOpts":{"file":"/Users/twood/.npm/moment/1.0.0/package/package.json","wscript":false,"contributors":false,"serverjs":false},"_id":"moment@1.0.0","dependencies":{},"devDependencies":{},"_engineSupported":true,"_npmVersion":"1.0.17","_nodeVersion":"v0.5.0","_defaultsLoaded":true,"dist":{"shasum":"ab5d9c16bff1b0027f9ad6270ee9d04562a202b6","tarball":"https://registry.npmjs.org/moment/-/moment-1.0.0.tgz"},"scripts":{},"maintainers":[{"name":"timrwood","email":"washwithcare@gmail.com"}],"_npmUser":{"name":"timrwood","email":"washwithcare@gmail.com"},"directories":{}},"1.0.1":{"name":"moment","version":"1.0.1","description":"Moment.js is a javascript date library that helps create, manipulate, and format dates without extending the `Date` prototype.","homepage":"https://github.com/timrwood/moment","author":{"name":"Tim Wood","email":"washwithcare@gmail.com","url":"http://timwoodcreates.com/"},"keywords":["moment","date"],"main":"./moment","engines":{"node":"*"},"repository":{"type":"git","url":"git://github.com/timrwood/moment.git"},"bugs":{"url":"https://github.com/timrwood/moment/issues"},"licenses":[{"type":"MIT"}],"_npmJsonOpts":{"file":"/Users/twood/.npm/moment/1.0.1/package/package.json","wscript":false,"contributors":false,"serverjs":false},"_id":"moment@1.0.1","dependencies":{},"devDependencies":{},"_engineSupported":true,"_npmVersion":"1.0.17","_nodeVersion":"v0.5.0","_defaultsLoaded":true,"dist":{"shasum":"d75a24547c78a10bd686e6ef2d5eab7c53982299","tarball":"https://registry.npmjs.org/moment/-/moment-1.0.1.tgz"},"scripts":{},"maintainers":[{"name":"timrwood","email":"washwithcare@gmail.com"}],"_npmUser":{"name":"timrwood","email":"washwithcare@gmail.com"},"directories":{}},"1.1.0":{"name":"moment","version":"1.1.0","description":"Moment.js is a javascript date library that helps create, manipulate, and format dates without extending the `Date` prototype.","homepage":"https://github.com/timrwood/moment","author":{"name":"Tim Wood","email":"washwithcare@gmail.com","url":"http://timwoodcreates.com/"},"keywords":["moment","date"],"main":"./moment","engines":{"node":"*"},"repository":{"type":"git","url":"git://github.com/timrwood/moment.git"},"bugs":{"url":"https://github.com/timrwood/moment/issues"},"licenses":[{"type":"MIT"}],"_npmUser":{"name":"timrwood","email":"washwithcare@gmail.com"},"_id":"moment@1.1.0","dependencies":{},"devDependencies":{},"_engineSupported":true,"_npmVersion":"1.0.103","_nodeVersion":"v0.5.0","_defaultsLoaded":true,"dist":{"shasum":"e35dc6d083ba6ad3ebf441056860d569e840f3cb","tarball":"https://registry.npmjs.org/moment/-/moment-1.1.0.tgz"},"maintainers":[{"name":"timrwood","email":"washwithcare@gmail.com"}],"directories":{}},"1.1.1":{"name":"moment","version":"1.1.1","description":"Moment.js is a javascript date library that helps create, manipulate, and format dates without extending the `Date` prototype.","homepage":"https://github.com/timrwood/moment","author":{"name":"Tim Wood","email":"washwithcare@gmail.com","url":"http://timwoodcreates.com/"},"keywords":["moment","date"],"main":"./moment","engines":{"node":"*"},"repository":{"type":"git","url":"git://github.com/timrwood/moment.git"},"bugs":{"url":"https://github.com/timrwood/moment/issues"},"licenses":[{"type":"MIT"}],"_npmUser":{"name":"timrwood","email":"washwithcare@gmail.com"},"_id":"moment@1.1.1","dependencies":{},"devDependencies":{},"_engineSupported":true,"_npmVersion":"1.0.105","_nodeVersion":"v0.4.11","_defaultsLoaded":true,"dist":{"shasum":"7e83bd99b8b9145a88298ae9fdce38846dd1febc","tarball":"https://registry.npmjs.org/moment/-/moment-1.1.1.tgz"},"maintainers":[{"name":"timrwood","email":"washwithcare@gmail.com"}],"directories":{}},"1.2.0":{"name":"moment","version":"1.2.0","description":"Moment.js is a javascript date library that helps create, manipulate, and format dates without extending the `Date` prototype.","homepage":"https://github.com/timrwood/moment","author":{"name":"Tim Wood","email":"washwithcare@gmail.com","url":"http://timwoodcreates.com/"},"keywords":["moment","date"],"main":"./moment","engines":{"node":"*"},"repository":{"type":"git","url":"git://github.com/timrwood/moment.git"},"bugs":{"url":"https://github.com/timrwood/moment/issues"},"licenses":[{"type":"MIT"}],"_npmUser":{"name":"timrwood","email":"washwithcare@gmail.com"},"_id":"moment@1.2.0","dependencies":{},"devDependencies":{},"_engineSupported":true,"_npmVersion":"1.0.106","_nodeVersion":"v0.6.4","_defaultsLoaded":true,"dist":{"shasum":"583ffa2b4fb171e73b949d1d4756a69d300e19ac","tarball":"https://registry.npmjs.org/moment/-/moment-1.2.0.tgz"},"maintainers":[{"name":"timrwood","email":"washwithcare@gmail.com"}],"directories":{}},"1.3.0":{"name":"moment","version":"1.3.0","description":"Moment.js is a javascript date library that helps create, manipulate, and format dates without extending the `Date` prototype.","homepage":"https://github.com/timrwood/moment","author":{"name":"Tim Wood","email":"washwithcare@gmail.com","url":"http://timwoodcreates.com/"},"keywords":["moment","date"],"main":"./moment","engines":{"node":"*"},"repository":{"type":"git","url":"git://github.com/timrwood/moment.git"},"bugs":{"url":"https://github.com/timrwood/moment/issues"},"licenses":[{"type":"MIT"}],"_npmUser":{"name":"timrwood","email":"washwithcare@gmail.com"},"_id":"moment@1.3.0","dependencies":{},"devDependencies":{},"_engineSupported":true,"_npmVersion":"1.1.0-alpha-6","_nodeVersion":"v0.6.4","_defaultsLoaded":true,"dist":{"shasum":"ec5f0a272753d87349726f51f411c14a90d4189d","tarball":"https://registry.npmjs.org/moment/-/moment-1.3.0.tgz"},"maintainers":[{"name":"timrwood","email":"washwithcare@gmail.com"}],"directories":{}},"1.4.0":{"name":"moment","version":"1.4.0","description":"Moment.js is a javascript date library that helps create, manipulate, and format dates without extending the `Date` prototype.","homepage":"https://github.com/timrwood/moment","author":{"name":"Tim Wood","email":"washwithcare@gmail.com","url":"http://timwoodcreates.com/"},"keywords":["moment","date"],"main":"./moment","engines":{"node":"*"},"repository":{"type":"git","url":"git://github.com/timrwood/moment.git"},"bugs":{"url":"https://github.com/timrwood/moment/issues"},"licenses":[{"type":"MIT"}],"_npmUser":{"name":"timrwood","email":"washwithcare@gmail.com"},"_id":"moment@1.4.0","devDependencies":{"uglify-js":"","jshint":"","gzip":"","jade":"","clean-css":"","qunit":"","bunker":""},"dependencies":{},"_engineSupported":true,"_npmVersion":"1.1.0-alpha-6","_nodeVersion":"v0.6.4","_defaultsLoaded":true,"dist":{"shasum":"b7ae560a994ccc2193967d8fe9c2d139fbdbc96b","tarball":"https://registry.npmjs.org/moment/-/moment-1.4.0.tgz"},"maintainers":[{"name":"timrwood","email":"washwithcare@gmail.com"}],"directories":{}},"1.5.0":{"name":"moment","version":"1.5.0","description":"Moment.js is a javascript date library that helps create, manipulate, and format dates without extending the `Date` prototype.","homepage":"https://github.com/timrwood/moment","author":{"name":"Tim Wood","email":"washwithcare@gmail.com","url":"http://timwoodcreates.com/"},"keywords":["moment","date"],"main":"./moment.js","engines":{"node":"*"},"repository":{"type":"git","url":"git://github.com/timrwood/moment.git"},"bugs":{"url":"https://github.com/timrwood/moment/issues"},"licenses":[{"type":"MIT"}],"devDependencies":{"jshint":"latest","uglify-js":"latest","nodeunit":"latest"},"_npmUser":{"name":"timrwood","email":"washwithcare@gmail.com"},"_id":"moment@1.5.0","dependencies":{},"_engineSupported":true,"_npmVersion":"1.1.0-alpha-6","_nodeVersion":"v0.6.4","_defaultsLoaded":true,"dist":{"shasum":"f62f40a1ce487c00d5d0105c50b2b9b92bb7952d","tarball":"https://registry.npmjs.org/moment/-/moment-1.5.0.tgz"},"maintainers":[{"name":"timrwood","email":"washwithcare@gmail.com"}],"directories":{}},"1.5.1":{"name":"moment","version":"1.5.1","description":"Moment.js is a javascript date library that helps create, manipulate, and format dates without extending the `Date` prototype.","homepage":"https://github.com/timrwood/moment","author":{"name":"Tim Wood","email":"washwithcare@gmail.com","url":"http://timwoodcreates.com/"},"keywords":["moment","date"],"main":"./moment.js","engines":{"node":"*"},"repository":{"type":"git","url":"git://github.com/timrwood/moment.git"},"bugs":{"url":"https://github.com/timrwood/moment/issues"},"licenses":[{"type":"MIT"}],"devDependencies":{"jshint":"latest","uglify-js":"latest","nodeunit":"latest"},"_npmUser":{"name":"timrwood","email":"washwithcare@gmail.com"},"_id":"moment@1.5.1","dependencies":{},"_engineSupported":true,"_npmVersion":"1.1.0-alpha-6","_nodeVersion":"v0.6.4","_defaultsLoaded":true,"dist":{"shasum":"38f781e891ce8570744991a227875809843b6b4c","tarball":"https://registry.npmjs.org/moment/-/moment-1.5.1.tgz"},"maintainers":[{"name":"timrwood","email":"washwithcare@gmail.com"}],"directories":{}},"1.6.0":{"name":"moment","version":"1.6.0","description":"Moment.js is a javascript date library that helps create, manipulate, and format dates without extending the `Date` prototype.","homepage":"https://github.com/timrwood/moment","author":{"name":"Tim Wood","email":"washwithcare@gmail.com","url":"http://timwoodcreates.com/"},"keywords":["moment","date","ender"],"main":"./moment.js","engines":{"node":"*"},"repository":{"type":"git","url":"git://github.com/timrwood/moment.git"},"bugs":{"url":"https://github.com/timrwood/moment/issues"},"licenses":[{"type":"MIT"}],"devDependencies":{"jshint":"latest","uglify-js":"latest","nodeunit":"latest"},"ender":"./ender.js","_npmUser":{"name":"timrwood","email":"washwithcare@gmail.com"},"_id":"moment@1.6.0","dependencies":{},"optionalDependencies":{},"_engineSupported":true,"_npmVersion":"1.1.15","_nodeVersion":"v0.6.14","_defaultsLoaded":true,"dist":{"shasum":"79a16ad9181980e4e6cc70b82e26b3c91c9f03f5","tarball":"https://registry.npmjs.org/moment/-/moment-1.6.0.tgz"},"maintainers":[{"name":"timrwood","email":"washwithcare@gmail.com"}],"directories":{}},"1.6.1":{"name":"moment","version":"1.6.1","description":"Moment.js is a javascript date library that helps create, manipulate, and format dates without extending the `Date` prototype.","homepage":"https://github.com/timrwood/moment","author":{"name":"Tim Wood","email":"washwithcare@gmail.com","url":"http://timwoodcreates.com/"},"keywords":["moment","date","ender"],"main":"./moment.js","engines":{"node":"*"},"repository":{"type":"git","url":"git://github.com/timrwood/moment.git"},"bugs":{"url":"https://github.com/timrwood/moment/issues"},"licenses":[{"type":"MIT"}],"devDependencies":{"jshint":"latest","uglify-js":"latest","nodeunit":"latest"},"scripts":{"test":"nodeunit ./test/moment ./test/lang"},"ender":"./ender.js","_npmUser":{"name":"timrwood","email":"washwithcare@gmail.com"},"_id":"moment@1.6.1","dependencies":{},"optionalDependencies":{},"_engineSupported":true,"_npmVersion":"1.1.15","_nodeVersion":"v0.6.14","_defaultsLoaded":true,"dist":{"shasum":"3ba01983646d98dbd56ca749eee40eae1a38191a","tarball":"https://registry.npmjs.org/moment/-/moment-1.6.1.tgz"},"maintainers":[{"name":"timrwood","email":"washwithcare@gmail.com"}],"directories":{}},"1.6.2":{"name":"moment","version":"1.6.2","description":"Moment.js is a javascript date library that helps create, manipulate, and format dates without extending the `Date` prototype.","homepage":"https://github.com/timrwood/moment","author":{"name":"Tim Wood","email":"washwithcare@gmail.com","url":"http://timwoodcreates.com/"},"keywords":["moment","date","ender"],"main":"./moment.js","engines":{"node":"*"},"repository":{"type":"git","url":"git://github.com/timrwood/moment.git"},"bugs":{"url":"https://github.com/timrwood/moment/issues"},"licenses":[{"type":"MIT"}],"devDependencies":{"jshint":"latest","uglify-js":"latest","nodeunit":"latest"},"scripts":{"test":"nodeunit ./test/moment ./test/lang"},"ender":"./ender.js","_npmUser":{"name":"timrwood","email":"washwithcare@gmail.com"},"_id":"moment@1.6.2","dependencies":{},"optionalDependencies":{},"_engineSupported":true,"_npmVersion":"1.1.15","_nodeVersion":"v0.6.14","_defaultsLoaded":true,"dist":{"shasum":"fcbbf8c8e4ed3ed90b4c184214e6cee041d4b52d","tarball":"https://registry.npmjs.org/moment/-/moment-1.6.2.tgz"},"maintainers":[{"name":"timrwood","email":"washwithcare@gmail.com"}],"directories":{}},"1.7.0":{"name":"moment","version":"1.7.0","description":"Parse, manipulate, and display dates.","homepage":"http://momentjs.com","author":{"name":"Tim Wood","email":"washwithcare@gmail.com","url":"http://timwoodcreates.com/"},"contributors":[{"name":"Rocky Meza","url":"http://rockymeza.com"}],"keywords":["moment","date","time","parse","format","validate","i18n","l10n","ender"],"main":"./moment.js","engines":{"node":"*"},"repository":{"type":"git","url":"https://github.com/timrwood/moment.git"},"bugs":{"url":"https://github.com/timrwood/moment/issues"},"licenses":[{"type":"MIT"}],"devDependencies":{"jshint":"latest","uglify-js":"latest","nodeunit":"latest"},"scripts":{"test":"make test"},"ender":"./ender.js","_id":"moment@1.7.0","dist":{"shasum":"6f3d73a446c6bd6af1b993801d0b8071efad5e28","tarball":"https://registry.npmjs.org/moment/-/moment-1.7.0.tgz"},"maintainers":[{"name":"timrwood","email":"washwithcare@gmail.com"}],"directories":{}},"1.7.1":{"name":"moment","version":"1.7.1","description":"Parse, manipulate, and display dates.","homepage":"http://momentjs.com","author":{"name":"Tim Wood","email":"washwithcare@gmail.com","url":"http://timwoodcreates.com/"},"contributors":[{"name":"Rocky Meza","url":"http://rockymeza.com"}],"keywords":["moment","date","time","parse","format","validate","i18n","l10n","ender"],"main":"./moment.js","engines":{"node":"*"},"repository":{"type":"git","url":"https://github.com/timrwood/moment.git"},"bugs":{"url":"https://github.com/timrwood/moment/issues"},"licenses":[{"type":"MIT"}],"devDependencies":{"jshint":"latest","uglify-js":"latest","nodeunit":"latest"},"scripts":{"test":"make test"},"ender":"./ender.js","_id":"moment@1.7.1","dist":{"shasum":"7db1b6a11e3a15553edebdc5f5cf2dc0929837c8","tarball":"https://registry.npmjs.org/moment/-/moment-1.7.1.tgz"},"_npmVersion":"1.1.59","_npmUser":{"name":"timrwood","email":"washwithcare@gmail.com"},"maintainers":[{"name":"timrwood","email":"washwithcare@gmail.com"}],"directories":{}},"1.7.2":{"name":"moment","version":"1.7.2","description":"Parse, manipulate, and display dates.","homepage":"http://momentjs.com","author":{"name":"Tim Wood","email":"washwithcare@gmail.com","url":"http://timwoodcreates.com/"},"contributors":[{"name":"Rocky Meza","url":"http://rockymeza.com"}],"keywords":["moment","date","time","parse","format","validate","i18n","l10n","ender"],"main":"./moment.js","engines":{"node":"*"},"repository":{"type":"git","url":"https://github.com/timrwood/moment.git"},"bugs":{"url":"https://github.com/timrwood/moment/issues"},"licenses":[{"type":"MIT"}],"devDependencies":{"jshint":"latest","uglify-js":"latest","nodeunit":"latest"},"scripts":{"test":"make test"},"ender":"./ender.js","_id":"moment@1.7.2","dist":{"shasum":"e66be344be2e9ec1d12f1e16a8ca49bf63417f4f","tarball":"https://registry.npmjs.org/moment/-/moment-1.7.2.tgz"},"_npmVersion":"1.1.59","_npmUser":{"name":"timrwood","email":"washwithcare@gmail.com"},"maintainers":[{"name":"timrwood","email":"washwithcare@gmail.com"}],"directories":{}},"2.0.0":{"name":"moment","version":"2.0.0","description":"Parse, manipulate, and display dates.","homepage":"http://momentjs.com","author":{"name":"Tim Wood","email":"washwithcare@gmail.com","url":"http://timwoodcreates.com/"},"contributors":[{"name":"Rocky Meza","url":"http://rockymeza.com"},{"name":"Iskren Ivov Chernev","email":"iskren.chernev@gmail.com","url":"https://github.com/ichernev"}],"keywords":["moment","date","time","parse","format","validate","i18n","l10n","ender"],"main":"./moment.js","engines":{"node":"*"},"repository":{"type":"git","url":"https://github.com/timrwood/moment.git"},"bugs":{"url":"https://github.com/timrwood/moment/issues"},"licenses":[{"type":"MIT"}],"devDependencies":{"uglify-js":"latest","nodeunit":"latest","grunt":"latest"},"scripts":{"test":"grunt"},"ender":"./ender.js","dojoBuild":"package.js","_id":"moment@2.0.0","dist":{"shasum":"2bbc5b44c321837693ab6efcadbd46ed946211fe","tarball":"https://registry.npmjs.org/moment/-/moment-2.0.0.tgz"},"_npmVersion":"1.1.59","_npmUser":{"name":"timrwood","email":"washwithcare@gmail.com"},"maintainers":[{"name":"timrwood","email":"washwithcare@gmail.com"}],"directories":{}},"2.1.0":{"name":"moment","version":"2.1.0","description":"Parse, manipulate, and display dates.","homepage":"http://momentjs.com","author":{"name":"Tim Wood","email":"washwithcare@gmail.com","url":"http://timwoodcreates.com/"},"contributors":[{"name":"Rocky Meza","url":"http://rockymeza.com"},{"name":"Iskren Ivov Chernev","email":"iskren.chernev@gmail.com","url":"https://github.com/ichernev"}],"keywords":["moment","date","time","parse","format","validate","i18n","l10n","ender"],"main":"./moment.js","engines":{"node":"*"},"repository":{"type":"git","url":"https://github.com/timrwood/moment.git"},"bugs":{"url":"https://github.com/timrwood/moment/issues"},"licenses":[{"type":"MIT"}],"devDependencies":{"uglify-js":"latest","grunt":"latest","nodeunit":"latest","grunt-contrib-jshint":"latest","grunt-contrib-nodeunit":"latest","grunt-contrib-concat":"latest","grunt-contrib-uglify":"latest","grunt-contrib-watch":"latest","grunt-lib-legacyhelpers":"latest"},"scripts":{"test":"grunt"},"ender":"./ender.js","dojoBuild":"package.js","_id":"moment@2.1.0","dist":{"shasum":"1fd7b1134029a953c6ea371dbaee37598ac03567","tarball":"https://registry.npmjs.org/moment/-/moment-2.1.0.tgz"},"_from":".","_npmVersion":"1.2.18","_npmUser":{"name":"timrwood","email":"washwithcare@gmail.com"},"maintainers":[{"name":"timrwood","email":"washwithcare@gmail.com"}],"directories":{}},"2.2.1":{"name":"moment","version":"2.2.1","description":"Parse, manipulate, and display dates.","homepage":"http://momentjs.com","author":{"name":"Iskren Ivov Chernev","email":"iskren.chernev@gmail.com","url":"https://github.com/ichernev"},"contributors":[{"name":"Tim Wood","email":"washwithcare@gmail.com","url":"http://timwoodcreates.com/"},{"name":"Rocky Meza","url":"http://rockymeza.com"},{"name":"Matt Johnson","email":"mj1856@hotmail.com","url":"http://codeofmatt.com"},{"name":"Isaac Cambron","email":"isaac@isaaccambron.com","url":"http://drunkencoder.net/"}],"keywords":["moment","date","time","parse","format","validate","i18n","l10n","ender"],"main":"./moment.js","engines":{"node":"*"},"repository":{"type":"git","url":"https://github.com/moment/moment.git"},"bugs":{"url":"https://github.com/moment/moment/issues"},"licenses":[{"type":"MIT"}],"devDependencies":{"uglify-js":"latest","grunt":"latest","nodeunit":"latest","grunt-contrib-jshint":"latest","grunt-contrib-nodeunit":"latest","grunt-contrib-concat":"latest","grunt-contrib-uglify":"latest","grunt-contrib-watch":"latest","grunt-lib-legacyhelpers":"latest"},"scripts":{"test":"grunt"},"ender":"./ender.js","dojoBuild":"package.js","_id":"moment@2.2.1","dist":{"shasum":"9793e45f549bb698f2e8755bcddc05edc539bc64","tarball":"https://registry.npmjs.org/moment/-/moment-2.2.1.tgz"},"_npmVersion":"1.1.65","_npmUser":{"name":"ichernev","email":"iskren.chernev@gmail.com"},"maintainers":[{"name":"timrwood","email":"washwithcare@gmail.com"},{"name":"ichernev","email":"iskren.chernev@gmail.com"}],"directories":{}},"2.3.0":{"name":"moment","version":"2.3.0","description":"Parse, manipulate, and display dates.","homepage":"http://momentjs.com","author":{"name":"Iskren Ivov Chernev","email":"iskren.chernev@gmail.com","url":"https://github.com/ichernev"},"contributors":[{"name":"Tim Wood","email":"washwithcare@gmail.com","url":"http://timwoodcreates.com/"},{"name":"Rocky Meza","url":"http://rockymeza.com"},{"name":"Matt Johnson","email":"mj1856@hotmail.com","url":"http://codeofmatt.com"},{"name":"Isaac Cambron","email":"isaac@isaaccambron.com","url":"http://drunkencoder.net/"}],"keywords":["moment","date","time","parse","format","validate","i18n","l10n","ender"],"main":"./moment.js","engines":{"node":"*"},"repository":{"type":"git","url":"https://github.com/moment/moment.git"},"bugs":{"url":"https://github.com/moment/moment/issues"},"licenses":[{"type":"MIT"}],"devDependencies":{"uglify-js":"latest","grunt":"latest","nodeunit":"latest","grunt-contrib-jshint":"latest","grunt-contrib-nodeunit":"latest","grunt-contrib-concat":"latest","grunt-contrib-uglify":"latest","grunt-contrib-watch":"latest","grunt-lib-legacyhelpers":"latest"},"scripts":{"test":"grunt"},"ender":"./ender.js","dojoBuild":"package.js","_id":"moment@2.3.0","dist":{"shasum":"ab6286023c5a821c710d0fc8830a932586b910f7","tarball":"https://registry.npmjs.org/moment/-/moment-2.3.0.tgz"},"_npmVersion":"1.1.65","_npmUser":{"name":"ichernev","email":"iskren.chernev@gmail.com"},"maintainers":[{"name":"timrwood","email":"washwithcare@gmail.com"},{"name":"ichernev","email":"iskren.chernev@gmail.com"}],"directories":{}},"2.3.1":{"name":"moment","version":"2.3.1","description":"Parse, manipulate, and display dates.","homepage":"http://momentjs.com","author":{"name":"Iskren Ivov Chernev","email":"iskren.chernev@gmail.com","url":"https://github.com/ichernev"},"contributors":[{"name":"Tim Wood","email":"washwithcare@gmail.com","url":"http://timwoodcreates.com/"},{"name":"Rocky Meza","url":"http://rockymeza.com"},{"name":"Matt Johnson","email":"mj1856@hotmail.com","url":"http://codeofmatt.com"},{"name":"Isaac Cambron","email":"isaac@isaaccambron.com","url":"http://drunkencoder.net/"}],"keywords":["moment","date","time","parse","format","validate","i18n","l10n","ender"],"main":"./moment.js","engines":{"node":"*"},"repository":{"type":"git","url":"https://github.com/moment/moment.git"},"bugs":{"url":"https://github.com/moment/moment/issues"},"licenses":[{"type":"MIT"}],"devDependencies":{"uglify-js":"latest","grunt":"latest","nodeunit":"latest","grunt-contrib-jshint":"latest","grunt-contrib-nodeunit":"latest","grunt-contrib-concat":"latest","grunt-contrib-uglify":"latest","grunt-contrib-watch":"latest","grunt-lib-legacyhelpers":"latest"},"scripts":{"test":"grunt"},"ender":"./ender.js","dojoBuild":"package.js","_id":"moment@2.3.1","dist":{"shasum":"da73d70f62656bb5b7eaf0387f793bf6121312e3","tarball":"https://registry.npmjs.org/moment/-/moment-2.3.1.tgz"},"_npmVersion":"1.1.65","_npmUser":{"name":"ichernev","email":"iskren.chernev@gmail.com"},"maintainers":[{"name":"timrwood","email":"washwithcare@gmail.com"},{"name":"ichernev","email":"iskren.chernev@gmail.com"}],"directories":{}},"2.4.0":{"name":"moment","version":"2.4.0","description":"Parse, manipulate, and display dates.","homepage":"http://momentjs.com","author":{"name":"Iskren Ivov Chernev","email":"iskren.chernev@gmail.com","url":"https://github.com/ichernev"},"contributors":[{"name":"Tim Wood","email":"washwithcare@gmail.com","url":"http://timwoodcreates.com/"},{"name":"Rocky Meza","url":"http://rockymeza.com"},{"name":"Matt Johnson","email":"mj1856@hotmail.com","url":"http://codeofmatt.com"},{"name":"Isaac Cambron","email":"isaac@isaaccambron.com","url":"http://drunkencoder.net/"}],"keywords":["moment","date","time","parse","format","validate","i18n","l10n","ender"],"main":"./moment.js","engines":{"node":"*"},"repository":{"type":"git","url":"https://github.com/moment/moment.git"},"bugs":{"url":"https://github.com/moment/moment/issues"},"licenses":[{"type":"MIT"}],"devDependencies":{"uglify-js":"latest","grunt":"latest","nodeunit":"latest","grunt-contrib-jshint":"latest","grunt-contrib-nodeunit":"latest","grunt-contrib-concat":"latest","grunt-contrib-uglify":"latest","grunt-contrib-watch":"latest","grunt-lib-legacyhelpers":"latest"},"scripts":{"test":"grunt"},"ender":"./ender.js","dojoBuild":"package.js","_id":"moment@2.4.0","dist":{"shasum":"06dd8dfbbfdb53a03510080ac788163c9490e75d","tarball":"https://registry.npmjs.org/moment/-/moment-2.4.0.tgz"},"_npmVersion":"1.1.65","_npmUser":{"name":"ichernev","email":"iskren.chernev@gmail.com"},"maintainers":[{"name":"timrwood","email":"washwithcare@gmail.com"},{"name":"ichernev","email":"iskren.chernev@gmail.com"}],"directories":{}},"2.5.0":{"name":"moment","version":"2.5.0","description":"Parse, manipulate, and display dates.","homepage":"http://momentjs.com","author":{"name":"Iskren Ivov Chernev","email":"iskren.chernev@gmail.com","url":"https://github.com/ichernev"},"contributors":[{"name":"Tim Wood","email":"washwithcare@gmail.com","url":"http://timwoodcreates.com/"},{"name":"Rocky Meza","url":"http://rockymeza.com"},{"name":"Matt Johnson","email":"mj1856@hotmail.com","url":"http://codeofmatt.com"},{"name":"Isaac Cambron","email":"isaac@isaaccambron.com","url":"http://drunkencoder.net/"}],"keywords":["moment","date","time","parse","format","validate","i18n","l10n","ender"],"main":"./moment.js","engines":{"node":"*"},"repository":{"type":"git","url":"https://github.com/moment/moment.git"},"bugs":{"url":"https://github.com/moment/moment/issues"},"licenses":[{"type":"MIT"}],"devDependencies":{"uglify-js":"latest","grunt":"latest","nodeunit":"latest","grunt-contrib-jshint":"latest","grunt-contrib-nodeunit":"latest","grunt-contrib-concat":"latest","grunt-contrib-uglify":"latest","grunt-contrib-watch":"latest","grunt-lib-legacyhelpers":"latest"},"scripts":{"test":"grunt"},"ender":"./ender.js","dojoBuild":"package.js","jspm":{"files":["moment.js","lang"],"map":{"moment":"./moment"},"buildConfig":{"uglify":true}},"_id":"moment@2.5.0","dist":{"shasum":"e49f0f26e3b74d3bc3564ea3176f99e6f7f32453","tarball":"https://registry.npmjs.org/moment/-/moment-2.5.0.tgz"},"_npmVersion":"1.1.65","_npmUser":{"name":"ichernev","email":"iskren.chernev@gmail.com"},"maintainers":[{"name":"timrwood","email":"washwithcare@gmail.com"},{"name":"ichernev","email":"iskren.chernev@gmail.com"}],"directories":{}},"2.5.1":{"name":"moment","version":"2.5.1","description":"Parse, manipulate, and display dates.","homepage":"http://momentjs.com","author":{"name":"Iskren Ivov Chernev","email":"iskren.chernev@gmail.com","url":"https://github.com/ichernev"},"contributors":[{"name":"Tim Wood","email":"washwithcare@gmail.com","url":"http://timwoodcreates.com/"},{"name":"Rocky Meza","url":"http://rockymeza.com"},{"name":"Matt Johnson","email":"mj1856@hotmail.com","url":"http://codeofmatt.com"},{"name":"Isaac Cambron","email":"isaac@isaaccambron.com","url":"http://drunkencoder.net/"}],"keywords":["moment","date","time","parse","format","validate","i18n","l10n","ender"],"main":"./moment.js","engines":{"node":"*"},"repository":{"type":"git","url":"https://github.com/moment/moment.git"},"bugs":{"url":"https://github.com/moment/moment/issues"},"licenses":[{"type":"MIT"}],"devDependencies":{"uglify-js":"latest","grunt":"latest","nodeunit":"latest","grunt-contrib-jshint":"latest","grunt-contrib-nodeunit":"latest","grunt-contrib-concat":"latest","grunt-contrib-uglify":"latest","grunt-contrib-watch":"latest","grunt-env":"latest","grunt-lib-legacyhelpers":"latest","grunt-karma":"~0.7.2","karma":"~0.11.0","karma-chrome-launcher":"latest","karma-firefox-launcher":"latest","karma-nodeunit":"~0.1.1","karma-sauce-launcher":"~0.1"},"scripts":{"test":"grunt test:node"},"ender":"./ender.js","dojoBuild":"package.js","jspm":{"files":["moment.js","lang"],"map":{"moment":"./moment"},"buildConfig":{"uglify":true}},"_id":"moment@2.5.1","dist":{"shasum":"7146a3900533064ca799d5e792f4e480ee0e82bc","tarball":"https://registry.npmjs.org/moment/-/moment-2.5.1.tgz"},"_from":".","_npmVersion":"1.3.21","_npmUser":{"name":"ichernev","email":"iskren.chernev@gmail.com"},"maintainers":[{"name":"ichernev","email":"iskren.chernev@gmail.com"}],"directories":{}},"2.6.0":{"name":"moment","version":"2.6.0","description":"Parse, manipulate, and display dates.","homepage":"http://momentjs.com","author":{"name":"Iskren Ivov Chernev","email":"iskren.chernev@gmail.com","url":"https://github.com/ichernev"},"contributors":[{"name":"Tim Wood","email":"washwithcare@gmail.com","url":"http://timwoodcreates.com/"},{"name":"Rocky Meza","url":"http://rockymeza.com"},{"name":"Matt Johnson","email":"mj1856@hotmail.com","url":"http://codeofmatt.com"},{"name":"Isaac Cambron","email":"isaac@isaaccambron.com","url":"http://isaaccambron.com"}],"keywords":["moment","date","time","parse","format","validate","i18n","l10n","ender"],"main":"./moment.js","engines":{"node":"*"},"repository":{"type":"git","url":"https://github.com/moment/moment.git"},"bugs":{"url":"https://github.com/moment/moment/issues"},"licenses":[{"type":"MIT"}],"devDependencies":{"uglify-js":"latest","grunt":"latest","nodeunit":"latest","grunt-contrib-jshint":"latest","grunt-contrib-nodeunit":"latest","grunt-contrib-concat":"latest","grunt-contrib-uglify":"latest","grunt-contrib-watch":"latest","grunt-env":"latest","grunt-karma":"latest","load-grunt-tasks":"latest","karma":"latest","karma-chrome-launcher":"latest","karma-firefox-launcher":"latest","karma-nodeunit":"latest","karma-sauce-launcher":"latest"},"scripts":{"test":"grunt test:node"},"ender":"./ender.js","dojoBuild":"package.js","jspm":{"files":["moment.js","lang"],"map":{"moment":"./moment"},"buildConfig":{"uglify":true}},"_id":"moment@2.6.0","dist":{"shasum":"0765b72b841dd213fa91914c0f6765122719f061","tarball":"https://registry.npmjs.org/moment/-/moment-2.6.0.tgz"},"_from":".","_npmVersion":"1.3.21","_npmUser":{"name":"ichernev","email":"iskren.chernev@gmail.com"},"maintainers":[{"name":"timrwood","email":"washwithcare@gmail.com"},{"name":"ichernev","email":"iskren.chernev@gmail.com"}],"directories":{}},"2.7.0":{"name":"moment","version":"2.7.0","description":"Parse, manipulate, and display dates.","homepage":"http://momentjs.com","author":{"name":"Iskren Ivov Chernev","email":"iskren.chernev@gmail.com","url":"https://github.com/ichernev"},"contributors":[{"name":"Tim Wood","email":"washwithcare@gmail.com","url":"http://timwoodcreates.com/"},{"name":"Rocky Meza","url":"http://rockymeza.com"},{"name":"Matt Johnson","email":"mj1856@hotmail.com","url":"http://codeofmatt.com"},{"name":"Isaac Cambron","email":"isaac@isaaccambron.com","url":"http://isaaccambron.com"},{"name":"Andre Polykanine","email":"andre@oire.org","url":"https://github.com/oire"}],"keywords":["moment","date","time","parse","format","validate","i18n","l10n","ender"],"main":"./moment.js","engines":{"node":"*"},"repository":{"type":"git","url":"https://github.com/moment/moment.git"},"bugs":{"url":"https://github.com/moment/moment/issues"},"licenses":[{"type":"MIT"}],"devDependencies":{"uglify-js":"latest","grunt":"latest","nodeunit":"latest","grunt-contrib-jshint":"latest","grunt-contrib-nodeunit":"latest","grunt-contrib-concat":"latest","grunt-contrib-uglify":"latest","grunt-contrib-watch":"latest","grunt-env":"latest","grunt-karma":"latest","load-grunt-tasks":"latest","karma":"latest","karma-chrome-launcher":"latest","karma-firefox-launcher":"latest","karma-nodeunit":"latest","karma-sauce-launcher":"latest"},"scripts":{"test":"grunt test:node"},"ender":"./ender.js","dojoBuild":"package.js","jspm":{"files":["moment.js","lang"],"map":{"moment":"./moment"},"buildConfig":{"uglify":true}},"spm":{"main":"moment.js","output":["lang/ar-ma.js","lang/ar.js","lang/bg.js","lang/br.js","lang/bs.js","lang/ca.js","lang/cs.js","lang/cv.js","lang/cy.js","lang/da.js","lang/de.js","lang/el.js","lang/en-au.js","lang/en-ca.js","lang/en-gb.js","lang/eo.js","lang/es.js","lang/et.js","lang/eu.js","lang/fa.js","lang/fi.js","lang/fo.js","lang/fr-ca.js","lang/fr.js","lang/gl.js","lang/he.js","lang/hi.js","lang/hr.js","lang/hu.js","lang/hy-am.js","lang/id.js","lang/is.js","lang/it.js","lang/ja.js","lang/ka.js","lang/km.js","lang/ko.js","lang/lb.js","lang/lt.js","lang/lv.js","lang/mk.js","lang/ml.js","lang/mr.js","lang/ms-my.js","lang/nb.js","lang/ne.js","lang/nl.js","lang/nn.js","lang/pl.js","lang/pt-br.js","lang/pt.js","lang/ro.js","lang/ru.js","lang/sk.js","lang/sl.js","lang/sq.js","lang/sr-cyr.js","lang/sr.js","lang/sv.js","lang/ta.js","lang/th.js","lang/tl-ph.js","lang/tr.js","lang/tzm-la.js","lang/tzm.js","lang/uk.js","lang/uz.js","lang/vi.js","lang/zh-cn.js","lang/zh-tw.js"]},"_id":"moment@2.7.0","dist":{"shasum":"359a19ec634cda3c706c8709adda54c0329aaec4","tarball":"https://registry.npmjs.org/moment/-/moment-2.7.0.tgz"},"_from":".","_npmVersion":"1.4.6","_npmUser":{"name":"ichernev","email":"iskren.chernev@gmail.com"},"maintainers":[{"name":"timrwood","email":"washwithcare@gmail.com"},{"name":"ichernev","email":"iskren.chernev@gmail.com"}],"directories":{}},"2.8.1":{"name":"moment","version":"2.8.1","description":"Parse, manipulate, and display dates.","homepage":"http://momentjs.com","author":{"name":"Iskren Ivov Chernev","email":"iskren.chernev@gmail.com","url":"https://github.com/ichernev"},"contributors":[{"name":"Tim Wood","email":"washwithcare@gmail.com","url":"http://timwoodcreates.com/"},{"name":"Rocky Meza","url":"http://rockymeza.com"},{"name":"Matt Johnson","email":"mj1856@hotmail.com","url":"http://codeofmatt.com"},{"name":"Isaac Cambron","email":"isaac@isaaccambron.com","url":"http://isaaccambron.com"},{"name":"Andre Polykanine","email":"andre@oire.org","url":"https://github.com/oire"}],"keywords":["moment","date","time","parse","format","validate","i18n","l10n","ender"],"main":"./moment.js","engines":{"node":"*"},"repository":{"type":"git","url":"https://github.com/moment/moment.git"},"bugs":{"url":"https://github.com/moment/moment/issues"},"licenses":[{"type":"MIT"}],"devDependencies":{"uglify-js":"latest","grunt":"latest","nodeunit":"latest","benchmark":"latest","grunt-contrib-jshint":"latest","grunt-contrib-nodeunit":"latest","grunt-contrib-concat":"latest","grunt-contrib-uglify":"latest","grunt-contrib-watch":"latest","grunt-env":"latest","grunt-jscs":"latest","grunt-karma":"latest","grunt-benchmark":"latest","grunt-string-replace":"latest","load-grunt-tasks":"latest","karma":"latest","karma-chrome-launcher":"latest","karma-firefox-launcher":"latest","karma-nodeunit":"latest","karma-sauce-launcher":"latest"},"scripts":{"test":"grunt test:node"},"ender":"./ender.js","dojoBuild":"package.js","jspm":{"files":["moment.js","locale"],"map":{"moment":"./moment"},"buildConfig":{"uglify":true}},"spm":{"main":"moment.js","output":["locale/af.js","locale/ar-ma.js","locale/ar-sa.js","locale/ar.js","locale/az.js","locale/be.js","locale/bg.js","locale/bn.js","locale/bo.js","locale/br.js","locale/bs.js","locale/ca.js","locale/cs.js","locale/cv.js","locale/cy.js","locale/da.js","locale/de-at.js","locale/de.js","locale/el.js","locale/en-au.js","locale/en-ca.js","locale/en-gb.js","locale/eo.js","locale/es.js","locale/et.js","locale/eu.js","locale/fa.js","locale/fi.js","locale/fo.js","locale/fr-ca.js","locale/fr.js","locale/gl.js","locale/he.js","locale/hi.js","locale/hr.js","locale/hu.js","locale/hy-am.js","locale/id.js","locale/is.js","locale/it.js","locale/ja.js","locale/ka.js","locale/km.js","locale/ko.js","locale/lb.js","locale/lt.js","locale/lv.js","locale/mk.js","locale/ml.js","locale/mr.js","locale/ms-my.js","locale/my.js","locale/nb.js","locale/ne.js","locale/nl.js","locale/nn.js","locale/pl.js","locale/pt-br.js","locale/pt.js","locale/ro.js","locale/ru.js","locale/sk.js","locale/sl.js","locale/sq.js","locale/sr-cyrl.js","locale/sr.js","locale/sv.js","locale/ta.js","locale/th.js","locale/tl-ph.js","locale/tr.js","locale/tzm-latn.js","locale/tzm.js","locale/uk.js","locale/uz.js","locale/vi.js","locale/zh-cn.js","locale/zh-tw.js"]},"_id":"moment@2.8.1","dist":{"shasum":"2fc71c216c40af2b4b543cb168ba9a5f52996b0f","tarball":"https://registry.npmjs.org/moment/-/moment-2.8.1.tgz"},"_from":".","_npmVersion":"1.4.6","_npmUser":{"name":"ichernev","email":"iskren.chernev@gmail.com"},"maintainers":[{"name":"timrwood","email":"washwithcare@gmail.com"},{"name":"ichernev","email":"iskren.chernev@gmail.com"}],"directories":{}},"2.8.2":{"name":"moment","version":"2.8.2","description":"Parse, manipulate, and display dates.","homepage":"http://momentjs.com","author":{"name":"Iskren Ivov Chernev","email":"iskren.chernev@gmail.com","url":"https://github.com/ichernev"},"contributors":[{"name":"Tim Wood","email":"washwithcare@gmail.com","url":"http://timwoodcreates.com/"},{"name":"Rocky Meza","url":"http://rockymeza.com"},{"name":"Matt Johnson","email":"mj1856@hotmail.com","url":"http://codeofmatt.com"},{"name":"Isaac Cambron","email":"isaac@isaaccambron.com","url":"http://isaaccambron.com"},{"name":"Andre Polykanine","email":"andre@oire.org","url":"https://github.com/oire"}],"keywords":["moment","date","time","parse","format","validate","i18n","l10n","ender"],"main":"./moment.js","engines":{"node":"*"},"repository":{"type":"git","url":"https://github.com/moment/moment.git"},"bugs":{"url":"https://github.com/moment/moment/issues"},"licenses":[{"type":"MIT"}],"devDependencies":{"uglify-js":"latest","grunt":"latest","nodeunit":"latest","benchmark":"latest","grunt-contrib-jshint":"latest","grunt-contrib-nodeunit":"latest","grunt-contrib-concat":"latest","grunt-contrib-uglify":"latest","grunt-contrib-watch":"latest","grunt-env":"latest","grunt-jscs":"latest","grunt-karma":"latest","grunt-benchmark":"latest","grunt-string-replace":"latest","load-grunt-tasks":"latest","karma":"latest","karma-chrome-launcher":"latest","karma-firefox-launcher":"latest","karma-nodeunit":"latest","karma-sauce-launcher":"latest"},"scripts":{"test":"grunt test:node"},"ender":"./ender.js","dojoBuild":"package.js","jspm":{"files":["moment.js","locale"],"map":{"moment":"./moment"},"buildConfig":{"uglify":true}},"spm":{"main":"moment.js","output":["locale/af.js","locale/ar-ma.js","locale/ar-sa.js","locale/ar.js","locale/az.js","locale/be.js","locale/bg.js","locale/bn.js","locale/bo.js","locale/br.js","locale/bs.js","locale/ca.js","locale/cs.js","locale/cv.js","locale/cy.js","locale/da.js","locale/de-at.js","locale/de.js","locale/el.js","locale/en-au.js","locale/en-ca.js","locale/en-gb.js","locale/eo.js","locale/es.js","locale/et.js","locale/eu.js","locale/fa.js","locale/fi.js","locale/fo.js","locale/fr-ca.js","locale/fr.js","locale/gl.js","locale/he.js","locale/hi.js","locale/hr.js","locale/hu.js","locale/hy-am.js","locale/id.js","locale/is.js","locale/it.js","locale/ja.js","locale/ka.js","locale/km.js","locale/ko.js","locale/lb.js","locale/lt.js","locale/lv.js","locale/mk.js","locale/ml.js","locale/mr.js","locale/ms-my.js","locale/my.js","locale/nb.js","locale/ne.js","locale/nl.js","locale/nn.js","locale/pl.js","locale/pt-br.js","locale/pt.js","locale/ro.js","locale/ru.js","locale/sk.js","locale/sl.js","locale/sq.js","locale/sr-cyrl.js","locale/sr.js","locale/sv.js","locale/ta.js","locale/th.js","locale/tl-ph.js","locale/tr.js","locale/tzm-latn.js","locale/tzm.js","locale/uk.js","locale/uz.js","locale/vi.js","locale/zh-cn.js","locale/zh-tw.js"]},"_id":"moment@2.8.2","dist":{"shasum":"a8e3a995ca32b7da30faf1f32107659b89812685","tarball":"https://registry.npmjs.org/moment/-/moment-2.8.2.tgz"},"_from":".","_npmVersion":"1.4.6","_npmUser":{"name":"ichernev","email":"iskren.chernev@gmail.com"},"maintainers":[{"name":"timrwood","email":"washwithcare@gmail.com"},{"name":"ichernev","email":"iskren.chernev@gmail.com"}],"directories":{}},"2.8.3":{"name":"moment","version":"2.8.3","description":"Parse, manipulate, and display dates.","homepage":"http://momentjs.com","author":{"name":"Iskren Ivov Chernev","email":"iskren.chernev@gmail.com","url":"https://github.com/ichernev"},"contributors":[{"name":"Tim Wood","email":"washwithcare@gmail.com","url":"http://timwoodcreates.com/"},{"name":"Rocky Meza","url":"http://rockymeza.com"},{"name":"Matt Johnson","email":"mj1856@hotmail.com","url":"http://codeofmatt.com"},{"name":"Isaac Cambron","email":"isaac@isaaccambron.com","url":"http://isaaccambron.com"},{"name":"Andre Polykanine","email":"andre@oire.org","url":"https://github.com/oire"}],"keywords":["moment","date","time","parse","format","validate","i18n","l10n","ender"],"main":"./moment.js","engines":{"node":"*"},"repository":{"type":"git","url":"https://github.com/moment/moment.git"},"bugs":{"url":"https://github.com/moment/moment/issues"},"licenses":[{"type":"MIT"}],"devDependencies":{"uglify-js":"latest","grunt":"latest","nodeunit":"latest","benchmark":"latest","grunt-contrib-jshint":"latest","grunt-contrib-nodeunit":"latest","grunt-contrib-concat":"latest","grunt-contrib-uglify":"latest","grunt-contrib-watch":"latest","grunt-env":"latest","grunt-jscs":"latest","grunt-karma":"latest","grunt-benchmark":"latest","grunt-string-replace":"latest","load-grunt-tasks":"latest","karma":"latest","karma-chrome-launcher":"latest","karma-firefox-launcher":"latest","karma-nodeunit":"latest","karma-sauce-launcher":"latest"},"scripts":{"test":"grunt test:node"},"ender":"./ender.js","dojoBuild":"package.js","jspm":{"files":["moment.js","locale"],"map":{"moment":"./moment"},"buildConfig":{"uglify":true}},"spm":{"main":"moment.js","output":["locale/*.js"]},"_id":"moment@2.8.3","dist":{"shasum":"a01427bf8910f014fc4baa1b8d96f17f7e3f29a2","tarball":"https://registry.npmjs.org/moment/-/moment-2.8.3.tgz"},"_from":".","_npmVersion":"1.4.6","_npmUser":{"name":"ichernev","email":"iskren.chernev@gmail.com"},"maintainers":[{"name":"timrwood","email":"washwithcare@gmail.com"},{"name":"ichernev","email":"iskren.chernev@gmail.com"}],"directories":{}},"2.8.4":{"name":"moment","version":"2.8.4","description":"Parse, manipulate, and display dates.","homepage":"http://momentjs.com","author":{"name":"Iskren Ivov Chernev","email":"iskren.chernev@gmail.com","url":"https://github.com/ichernev"},"contributors":[{"name":"Tim Wood","email":"washwithcare@gmail.com","url":"http://timwoodcreates.com/"},{"name":"Rocky Meza","url":"http://rockymeza.com"},{"name":"Matt Johnson","email":"mj1856@hotmail.com","url":"http://codeofmatt.com"},{"name":"Isaac Cambron","email":"isaac@isaaccambron.com","url":"http://isaaccambron.com"},{"name":"Andre Polykanine","email":"andre@oire.org","url":"https://github.com/oire"}],"keywords":["moment","date","time","parse","format","validate","i18n","l10n","ender"],"main":"./moment.js","engines":{"node":"*"},"repository":{"type":"git","url":"https://github.com/moment/moment.git"},"bugs":{"url":"https://github.com/moment/moment/issues"},"licenses":[{"type":"MIT"}],"devDependencies":{"uglify-js":"latest","grunt":"latest","nodeunit":"latest","benchmark":"latest","grunt-contrib-jshint":"latest","grunt-contrib-nodeunit":"latest","grunt-contrib-concat":"latest","grunt-contrib-uglify":"latest","grunt-contrib-watch":"latest","grunt-env":"latest","grunt-jscs":"0.7.1","grunt-karma":"latest","grunt-benchmark":"latest","grunt-string-replace":"latest","load-grunt-tasks":"latest","karma":"latest","karma-chrome-launcher":"latest","karma-firefox-launcher":"latest","karma-nodeunit":"latest","karma-sauce-launcher":"latest"},"scripts":{"test":"grunt test:node"},"ender":"./ender.js","dojoBuild":"package.js","jspm":{"files":["moment.js","locale"],"map":{"moment":"./moment"},"buildConfig":{"uglify":true}},"spm":{"main":"moment.js","output":["locale/*.js"]},"_id":"moment@2.8.4","dist":{"shasum":"cc174aabb19223efff5699a9467805a2789838bf","tarball":"https://registry.npmjs.org/moment/-/moment-2.8.4.tgz"},"_from":".","_npmVersion":"1.4.6","_npmUser":{"name":"ichernev","email":"iskren.chernev@gmail.com"},"maintainers":[{"name":"timrwood","email":"washwithcare@gmail.com"},{"name":"ichernev","email":"iskren.chernev@gmail.com"}],"directories":{}},"2.9.0":{"name":"moment","version":"2.9.0","description":"Parse, validate, manipulate, and display dates","homepage":"http://momentjs.com","author":{"name":"Iskren Ivov Chernev","email":"iskren.chernev@gmail.com","url":"https://github.com/ichernev"},"contributors":[{"name":"Tim Wood","email":"washwithcare@gmail.com","url":"http://timwoodcreates.com/"},{"name":"Rocky Meza","url":"http://rockymeza.com"},{"name":"Matt Johnson","email":"mj1856@hotmail.com","url":"http://codeofmatt.com"},{"name":"Isaac Cambron","email":"isaac@isaaccambron.com","url":"http://isaaccambron.com"},{"name":"Andre Polykanine","email":"andre@oire.org","url":"https://github.com/oire"}],"keywords":["moment","date","time","parse","format","validate","i18n","l10n","ender"],"main":"./moment.js","engines":{"node":"*"},"repository":{"type":"git","url":"https://github.com/moment/moment.git"},"bugs":{"url":"https://github.com/moment/moment/issues"},"licenses":[{"type":"MIT"}],"devDependencies":{"uglify-js":"latest","grunt":"latest","nodeunit":"latest","benchmark":"latest","grunt-contrib-clean":"latest","grunt-contrib-jshint":"latest","grunt-contrib-nodeunit":"latest","grunt-contrib-concat":"latest","grunt-contrib-uglify":"latest","grunt-contrib-watch":"latest","grunt-env":"latest","grunt-jscs":"latest","grunt-karma":"latest","grunt-nuget":"latest","grunt-benchmark":"latest","grunt-string-replace":"latest","grunt-exec":"latest","load-grunt-tasks":"latest","karma":"latest","karma-chrome-launcher":"latest","karma-firefox-launcher":"latest","karma-nodeunit":"latest","karma-sauce-launcher":"latest","spacejam":"latest"},"scripts":{"test":"grunt test:node"},"ender":"./ender.js","dojoBuild":"package.js","jspm":{"files":["moment.js","locale"],"map":{"moment":"./moment"},"buildConfig":{"uglify":true}},"spm":{"main":"moment.js","output":["locale/*.js"]},"_id":"moment@2.9.0","dist":{"shasum":"77ec1175fa294f42627f10c8e6de6302c036f6d5","tarball":"https://registry.npmjs.org/moment/-/moment-2.9.0.tgz"},"_from":".","_npmVersion":"1.4.6","_npmUser":{"name":"ichernev","email":"iskren.chernev@gmail.com"},"maintainers":[{"name":"timrwood","email":"washwithcare@gmail.com"},{"name":"ichernev","email":"iskren.chernev@gmail.com"}],"directories":{}},"2.10.2":{"name":"moment","version":"2.10.2","description":"Parse, validate, manipulate, and display dates","homepage":"http://momentjs.com","author":{"name":"Iskren Ivov Chernev","email":"iskren.chernev@gmail.com","url":"https://github.com/ichernev"},"contributors":[{"name":"Tim Wood","email":"washwithcare@gmail.com","url":"http://timwoodcreates.com/"},{"name":"Rocky Meza","url":"http://rockymeza.com"},{"name":"Matt Johnson","email":"mj1856@hotmail.com","url":"http://codeofmatt.com"},{"name":"Isaac Cambron","email":"isaac@isaaccambron.com","url":"http://isaaccambron.com"},{"name":"Andre Polykanine","email":"andre@oire.org","url":"https://github.com/oire"}],"keywords":["moment","date","time","parse","format","validate","i18n","l10n","ender"],"main":"./moment.js","engines":{"node":"*"},"repository":{"type":"git","url":"https://github.com/moment/moment.git"},"bugs":{"url":"https://github.com/moment/moment/issues"},"licenses":[{"type":"MIT"}],"devDependencies":{"uglify-js":"latest","es6-promise":"latest","grunt":"latest","benchmark":"latest","esperanto":"latest","grunt-contrib-clean":"latest","grunt-contrib-concat":"latest","grunt-contrib-copy":"latest","grunt-contrib-jshint":"latest","grunt-contrib-uglify":"latest","grunt-contrib-watch":"latest","grunt-env":"latest","grunt-jscs":"latest","grunt-karma":"latest","grunt-nuget":"latest","grunt-benchmark":"latest","grunt-string-replace":"latest","grunt-exec":"latest","load-grunt-tasks":"latest","karma":"latest","karma-chrome-launcher":"latest","karma-firefox-launcher":"latest","karma-qunit":"latest","karma-sauce-launcher":"latest","qunit":"^0.7.5","qunit-cli":"^0.1.4","spacejam":"latest"},"ender":"./ender.js","dojoBuild":"package.js","jspm":{"files":["moment.js","locale"],"map":{"moment":"./moment"},"buildConfig":{"uglify":true}},"scripts":{"test":"grunt test"},"spm":{"main":"moment.js","output":["locale/*.js"]},"_id":"moment@2.10.2","dist":{"shasum":"faf8c09ca82f03f94962e3b5a7239263ea50d087","tarball":"https://registry.npmjs.org/moment/-/moment-2.10.2.tgz"},"_from":".","_npmVersion":"1.4.6","_npmUser":{"name":"ichernev","email":"iskren.chernev@gmail.com"},"maintainers":[{"name":"timrwood","email":"washwithcare@gmail.com"},{"name":"ichernev","email":"iskren.chernev@gmail.com"}],"directories":{}},"2.10.3":{"name":"moment","version":"2.10.3","description":"Parse, validate, manipulate, and display dates","homepage":"http://momentjs.com","author":{"name":"Iskren Ivov Chernev","email":"iskren.chernev@gmail.com","url":"https://github.com/ichernev"},"contributors":[{"name":"Tim Wood","email":"washwithcare@gmail.com","url":"http://timwoodcreates.com/"},{"name":"Rocky Meza","url":"http://rockymeza.com"},{"name":"Matt Johnson","email":"mj1856@hotmail.com","url":"http://codeofmatt.com"},{"name":"Isaac Cambron","email":"isaac@isaaccambron.com","url":"http://isaaccambron.com"},{"name":"Andre Polykanine","email":"andre@oire.org","url":"https://github.com/oire"}],"keywords":["moment","date","time","parse","format","validate","i18n","l10n","ender"],"main":"./moment.js","engines":{"node":"*"},"repository":{"type":"git","url":"https://github.com/moment/moment.git"},"bugs":{"url":"https://github.com/moment/moment/issues"},"licenses":[{"type":"MIT"}],"devDependencies":{"uglify-js":"latest","es6-promise":"latest","grunt":"latest","benchmark":"latest","esperanto":"latest","grunt-contrib-clean":"latest","grunt-contrib-concat":"latest","grunt-contrib-copy":"latest","grunt-contrib-jshint":"latest","grunt-contrib-uglify":"latest","grunt-contrib-watch":"latest","grunt-env":"latest","grunt-jscs":"latest","grunt-karma":"latest","grunt-nuget":"latest","grunt-benchmark":"latest","grunt-string-replace":"latest","grunt-exec":"latest","load-grunt-tasks":"latest","karma":"latest","karma-chrome-launcher":"latest","karma-firefox-launcher":"latest","karma-qunit":"latest","karma-sauce-launcher":"latest","qunit":"^0.7.5","qunit-cli":"^0.1.4","spacejam":"latest"},"ender":"./ender.js","dojoBuild":"package.js","jspm":{"files":["moment.js","locale"],"map":{"moment":"./moment"},"buildConfig":{"uglify":true}},"scripts":{"test":"grunt test"},"spm":{"main":"moment.js","output":["locale/*.js"]},"_id":"moment@2.10.3","dist":{"shasum":"0abb99f307f65218308c6935efe29c57b1a0a27f","tarball":"https://registry.npmjs.org/moment/-/moment-2.10.3.tgz"},"_from":".","_npmVersion":"1.4.6","_npmUser":{"name":"ichernev","email":"iskren.chernev@gmail.com"},"maintainers":[{"name":"timrwood","email":"washwithcare@gmail.com"},{"name":"ichernev","email":"iskren.chernev@gmail.com"}],"directories":{}},"2.10.5":{"name":"moment","version":"2.10.5","description":"Parse, validate, manipulate, and display dates","homepage":"http://momentjs.com","author":{"name":"Iskren Ivov Chernev","email":"iskren.chernev@gmail.com","url":"https://github.com/ichernev"},"contributors":[{"name":"Tim Wood","email":"washwithcare@gmail.com","url":"http://timwoodcreates.com/"},{"name":"Rocky Meza","url":"http://rockymeza.com"},{"name":"Matt Johnson","email":"mj1856@hotmail.com","url":"http://codeofmatt.com"},{"name":"Isaac Cambron","email":"isaac@isaaccambron.com","url":"http://isaaccambron.com"},{"name":"Andre Polykanine","email":"andre@oire.org","url":"https://github.com/oire"}],"keywords":["moment","date","time","parse","format","validate","i18n","l10n","ender"],"main":"./moment.js","engines":{"node":"*"},"repository":{"type":"git","url":"https://github.com/moment/moment.git"},"bugs":{"url":"https://github.com/moment/moment/issues"},"license":"MIT","devDependencies":{"uglify-js":"latest","es6-promise":"latest","grunt":"latest","benchmark":"latest","esperanto":"latest","grunt-contrib-clean":"latest","grunt-contrib-concat":"latest","grunt-contrib-copy":"latest","grunt-contrib-jshint":"latest","grunt-contrib-uglify":"latest","grunt-contrib-watch":"latest","grunt-env":"latest","grunt-jscs":"latest","grunt-karma":"latest","grunt-nuget":"latest","grunt-benchmark":"latest","grunt-string-replace":"latest","grunt-exec":"latest","load-grunt-tasks":"latest","karma":"latest","karma-chrome-launcher":"latest","karma-firefox-launcher":"latest","karma-qunit":"latest","karma-sauce-launcher":"latest","qunit":"^0.7.5","qunit-cli":"^0.1.4","spacejam":"latest","coveralls":"^2.11.2","nyc":"^2.1.4"},"ender":"./ender.js","dojoBuild":"package.js","jspm":{"files":["moment.js","locale"],"map":{"moment":"./moment"},"buildConfig":{"uglify":true}},"scripts":{"test":"grunt test","coverage":"nyc npm test && nyc report","coveralls":"nyc npm test && nyc report --reporter=text-lcov | coveralls"},"spm":{"main":"moment.js","output":["locale/*.js"]},"_id":"moment@2.10.5","dist":{"shasum":"185929ed24463ad573af95530b6e20cf572d8566","tarball":"https://registry.npmjs.org/moment/-/moment-2.10.5.tgz"},"_from":".","_npmVersion":"1.4.6","_npmUser":{"name":"ichernev","email":"iskren.chernev@gmail.com"},"maintainers":[{"name":"timrwood","email":"washwithcare@gmail.com"},{"name":"ichernev","email":"iskren.chernev@gmail.com"}],"deprecated":"Construction from iso format is broken, fix in 2.10.6","directories":{}},"2.10.6":{"name":"moment","version":"2.10.6","description":"Parse, validate, manipulate, and display dates","homepage":"http://momentjs.com","author":{"name":"Iskren Ivov Chernev","email":"iskren.chernev@gmail.com","url":"https://github.com/ichernev"},"contributors":[{"name":"Tim Wood","email":"washwithcare@gmail.com","url":"http://timwoodcreates.com/"},{"name":"Rocky Meza","url":"http://rockymeza.com"},{"name":"Matt Johnson","email":"mj1856@hotmail.com","url":"http://codeofmatt.com"},{"name":"Isaac Cambron","email":"isaac@isaaccambron.com","url":"http://isaaccambron.com"},{"name":"Andre Polykanine","email":"andre@oire.org","url":"https://github.com/oire"}],"keywords":["moment","date","time","parse","format","validate","i18n","l10n","ender"],"main":"./moment.js","engines":{"node":"*"},"repository":{"type":"git","url":"https://github.com/moment/moment.git"},"bugs":{"url":"https://github.com/moment/moment/issues"},"license":"MIT","devDependencies":{"uglify-js":"latest","es6-promise":"latest","grunt":"latest","benchmark":"latest","esperanto":"latest","grunt-contrib-clean":"latest","grunt-contrib-concat":"latest","grunt-contrib-copy":"latest","grunt-contrib-jshint":"latest","grunt-contrib-uglify":"latest","grunt-contrib-watch":"latest","grunt-env":"latest","grunt-jscs":"latest","grunt-karma":"latest","grunt-nuget":"latest","grunt-benchmark":"latest","grunt-string-replace":"latest","grunt-exec":"latest","load-grunt-tasks":"latest","karma":"latest","karma-chrome-launcher":"latest","karma-firefox-launcher":"latest","karma-qunit":"latest","karma-sauce-launcher":"latest","qunit":"^0.7.5","qunit-cli":"^0.1.4","spacejam":"latest","coveralls":"^2.11.2","nyc":"^2.1.4"},"ender":"./ender.js","dojoBuild":"package.js","jspm":{"files":["moment.js","locale"],"map":{"moment":"./moment"},"buildConfig":{"uglify":true}},"scripts":{"test":"grunt test","coverage":"nyc npm test && nyc report","coveralls":"nyc npm test && nyc report --reporter=text-lcov | coveralls"},"spm":{"main":"moment.js","output":["locale/*.js"]},"_id":"moment@2.10.6","dist":{"shasum":"6cb21967c79cba7b0ca5e66644f173662b3efa77","tarball":"https://registry.npmjs.org/moment/-/moment-2.10.6.tgz"},"_from":".","_npmVersion":"1.4.6","_npmUser":{"name":"ichernev","email":"iskren.chernev@gmail.com"},"maintainers":[{"name":"timrwood","email":"washwithcare@gmail.com"},{"name":"ichernev","email":"iskren.chernev@gmail.com"}],"directories":{}},"2.11.0":{"name":"moment","version":"2.11.0","description":"Parse, validate, manipulate, and display dates","homepage":"http://momentjs.com","author":{"name":"Iskren Ivov Chernev","email":"iskren.chernev@gmail.com","url":"https://github.com/ichernev"},"contributors":[{"name":"Tim Wood","email":"washwithcare@gmail.com","url":"http://timwoodcreates.com/"},{"name":"Rocky Meza","url":"http://rockymeza.com"},{"name":"Matt Johnson","email":"mj1856@hotmail.com","url":"http://codeofmatt.com"},{"name":"Isaac Cambron","email":"isaac@isaaccambron.com","url":"http://isaaccambron.com"},{"name":"Andre Polykanine","email":"andre@oire.org","url":"https://github.com/oire"}],"keywords":["moment","date","time","parse","format","validate","i18n","l10n","ender"],"main":"./moment.js","engines":{"node":"*"},"repository":{"type":"git","url":"https://github.com/moment/moment.git"},"bugs":{"url":"https://github.com/moment/moment/issues"},"license":"MIT","devDependencies":{"uglify-js":"latest","es6-promise":"latest","grunt":"latest","benchmark":"latest","esperanto":"latest","grunt-contrib-clean":"latest","grunt-contrib-concat":"latest","grunt-contrib-copy":"latest","grunt-contrib-jshint":"latest","grunt-contrib-uglify":"latest","grunt-contrib-watch":"latest","grunt-env":"latest","grunt-jscs":"latest","grunt-karma":"latest","grunt-nuget":"latest","grunt-benchmark":"latest","grunt-string-replace":"latest","grunt-exec":"latest","load-grunt-tasks":"latest","karma":"latest","karma-chrome-launcher":"latest","karma-firefox-launcher":"latest","karma-qunit":"latest","karma-sauce-launcher":"latest","qunit":"^0.7.5","qunit-cli":"^0.1.4","spacejam":"latest","coveralls":"^2.11.2","nyc":"^2.1.4"},"ender":"./ender.js","dojoBuild":"package.js","jspm":{"files":["moment.js","locale"],"map":{"moment":"./moment"},"buildConfig":{"uglify":true}},"scripts":{"test":"grunt test","coverage":"nyc npm test && nyc report","coveralls":"nyc npm test && nyc report --reporter=text-lcov | coveralls"},"spm":{"main":"moment.js","output":["locale/*.js"]},"_id":"moment@2.11.0","dist":{"shasum":"584f5fb87c1f637f12937edce127dde2d206d705","tarball":"https://registry.npmjs.org/moment/-/moment-2.11.0.tgz"},"_from":".","_npmVersion":"1.4.6","_npmUser":{"name":"ichernev","email":"iskren.chernev@gmail.com"},"maintainers":[{"name":"timrwood","email":"washwithcare@gmail.com"},{"name":"ichernev","email":"iskren.chernev@gmail.com"}],"directories":{}},"2.11.1":{"name":"moment","version":"2.11.1","description":"Parse, validate, manipulate, and display dates","homepage":"http://momentjs.com","author":{"name":"Iskren Ivov Chernev","email":"iskren.chernev@gmail.com","url":"https://github.com/ichernev"},"contributors":[{"name":"Tim Wood","email":"washwithcare@gmail.com","url":"http://timwoodcreates.com/"},{"name":"Rocky Meza","url":"http://rockymeza.com"},{"name":"Matt Johnson","email":"mj1856@hotmail.com","url":"http://codeofmatt.com"},{"name":"Isaac Cambron","email":"isaac@isaaccambron.com","url":"http://isaaccambron.com"},{"name":"Andre Polykanine","email":"andre@oire.org","url":"https://github.com/oire"}],"keywords":["moment","date","time","parse","format","validate","i18n","l10n","ender"],"main":"./moment.js","engines":{"node":"*"},"repository":{"type":"git","url":"https://github.com/moment/moment.git"},"bugs":{"url":"https://github.com/moment/moment/issues"},"license":"MIT","devDependencies":{"uglify-js":"latest","es6-promise":"latest","grunt":"latest","grunt-cli":"latest","benchmark":"latest","esperanto":"latest","grunt-contrib-clean":"latest","grunt-contrib-concat":"latest","grunt-contrib-copy":"latest","grunt-contrib-jshint":"latest","grunt-contrib-uglify":"latest","grunt-contrib-watch":"latest","grunt-env":"latest","grunt-jscs":"latest","grunt-karma":"latest","grunt-nuget":"latest","grunt-benchmark":"latest","grunt-string-replace":"latest","grunt-exec":"latest","load-grunt-tasks":"latest","karma":"latest","karma-chrome-launcher":"latest","karma-firefox-launcher":"latest","karma-qunit":"latest","karma-sauce-launcher":"latest","qunit":"^0.7.5","qunit-cli":"^0.1.4","spacejam":"latest","coveralls":"^2.11.2","nyc":"^2.1.4"},"ender":"./ender.js","dojoBuild":"package.js","jspm":{"files":["moment.js","locale"],"map":{"moment":"./moment"},"buildConfig":{"uglify":true}},"scripts":{"test":"grunt test","coverage":"nyc npm test && nyc report","coveralls":"nyc npm test && nyc report --reporter=text-lcov | coveralls"},"spm":{"main":"moment.js","output":["locale/*.js"]},"_id":"moment@2.11.1","dist":{"shasum":"bf4026413640d1b802467cf353607f8464d6af47","tarball":"https://registry.npmjs.org/moment/-/moment-2.11.1.tgz"},"_from":".","_npmVersion":"1.4.6","_npmUser":{"name":"ichernev","email":"iskren.chernev@gmail.com"},"maintainers":[{"name":"timrwood","email":"washwithcare@gmail.com"},{"name":"ichernev","email":"iskren.chernev@gmail.com"}],"directories":{}},"2.11.2":{"name":"moment","version":"2.11.2","description":"Parse, validate, manipulate, and display dates","homepage":"http://momentjs.com","author":{"name":"Iskren Ivov Chernev","email":"iskren.chernev@gmail.com","url":"https://github.com/ichernev"},"contributors":[{"name":"Tim Wood","email":"washwithcare@gmail.com","url":"http://timwoodcreates.com/"},{"name":"Rocky Meza","url":"http://rockymeza.com"},{"name":"Matt Johnson","email":"mj1856@hotmail.com","url":"http://codeofmatt.com"},{"name":"Isaac Cambron","email":"isaac@isaaccambron.com","url":"http://isaaccambron.com"},{"name":"Andre Polykanine","email":"andre@oire.org","url":"https://github.com/oire"}],"keywords":["moment","date","time","parse","format","validate","i18n","l10n","ender"],"main":"./moment.js","engines":{"node":"*"},"repository":{"type":"git","url":"https://github.com/moment/moment.git"},"bugs":{"url":"https://github.com/moment/moment/issues"},"license":"MIT","devDependencies":{"uglify-js":"latest","es6-promise":"latest","grunt":"latest","grunt-cli":"latest","benchmark":"latest","esperanto":"latest","grunt-contrib-clean":"latest","grunt-contrib-concat":"latest","grunt-contrib-copy":"latest","grunt-contrib-jshint":"latest","grunt-contrib-uglify":"latest","grunt-contrib-watch":"latest","grunt-env":"latest","grunt-jscs":"latest","grunt-karma":"latest","grunt-nuget":"latest","grunt-benchmark":"latest","grunt-string-replace":"latest","grunt-exec":"latest","load-grunt-tasks":"latest","karma":"latest","karma-chrome-launcher":"latest","karma-firefox-launcher":"latest","karma-qunit":"latest","karma-sauce-launcher":"latest","qunit":"^0.7.5","qunit-cli":"^0.1.4","spacejam":"latest","coveralls":"^2.11.2","nyc":"^2.1.4"},"ender":"./ender.js","dojoBuild":"package.js","jspm":{"files":["moment.js","locale"],"map":{"moment":"./moment"},"buildConfig":{"uglify":true}},"scripts":{"test":"grunt test","coverage":"nyc npm test && nyc report","coveralls":"nyc npm test && nyc report --reporter=text-lcov | coveralls"},"spm":{"main":"moment.js","output":["locale/*.js"]},"_id":"moment@2.11.2","dist":{"shasum":"87968e5f95ac038c2e42ac959c75819cd3f52901","tarball":"https://registry.npmjs.org/moment/-/moment-2.11.2.tgz"},"_from":".","_npmVersion":"1.4.6","_npmUser":{"name":"ichernev","email":"iskren.chernev@gmail.com"},"maintainers":[{"name":"timrwood","email":"washwithcare@gmail.com"},{"name":"ichernev","email":"iskren.chernev@gmail.com"}],"_npmOperationalInternal":{"host":"packages-5-east.internal.npmjs.com","tmp":"tmp/moment-2.11.2.tgz_1454539675038_0.8288003103807569"},"directories":{}},"2.12.0":{"name":"moment","version":"2.12.0","description":"Parse, validate, manipulate, and display dates","homepage":"http://momentjs.com","author":{"name":"Iskren Ivov Chernev","email":"iskren.chernev@gmail.com","url":"https://github.com/ichernev"},"contributors":[{"name":"Tim Wood","email":"washwithcare@gmail.com","url":"http://timwoodcreates.com/"},{"name":"Rocky Meza","url":"http://rockymeza.com"},{"name":"Matt Johnson","email":"mj1856@hotmail.com","url":"http://codeofmatt.com"},{"name":"Isaac Cambron","email":"isaac@isaaccambron.com","url":"http://isaaccambron.com"},{"name":"Andre Polykanine","email":"andre@oire.org","url":"https://github.com/oire"}],"keywords":["moment","date","time","parse","format","validate","i18n","l10n","ender"],"main":"./moment.js","engines":{"node":"*"},"repository":{"type":"git","url":"https://github.com/moment/moment.git"},"bugs":{"url":"https://github.com/moment/moment/issues"},"license":"MIT","devDependencies":{"uglify-js":"latest","es6-promise":"latest","grunt":"latest","grunt-cli":"latest","benchmark":"latest","esperanto":"latest","grunt-contrib-clean":"latest","grunt-contrib-concat":"latest","grunt-contrib-copy":"latest","grunt-contrib-jshint":"latest","grunt-contrib-uglify":"latest","grunt-contrib-watch":"latest","grunt-env":"latest","grunt-jscs":"latest","grunt-karma":"latest","grunt-nuget":"latest","grunt-benchmark":"latest","grunt-string-replace":"latest","grunt-exec":"latest","load-grunt-tasks":"latest","karma":"latest","karma-chrome-launcher":"latest","karma-firefox-launcher":"latest","karma-qunit":"latest","karma-sauce-launcher":"latest","qunit":"^0.7.5","qunit-cli":"^0.1.4","spacejam":"latest","coveralls":"^2.11.2","nyc":"^2.1.4"},"ender":"./ender.js","dojoBuild":"package.js","jspm":{"files":["moment.js","locale"],"map":{"moment":"./moment"},"buildConfig":{"uglify":true}},"scripts":{"test":"grunt test","coverage":"nyc npm test && nyc report","coveralls":"nyc npm test && nyc report --reporter=text-lcov | coveralls"},"spm":{"main":"moment.js","output":["locale/*.js"]},"_id":"moment@2.12.0","dist":{"shasum":"dc2560d19838d6c0731b1a6afa04675264d360d6","tarball":"https://registry.npmjs.org/moment/-/moment-2.12.0.tgz"},"_from":".","_npmVersion":"1.4.6","_npmUser":{"name":"ichernev","email":"iskren.chernev@gmail.com"},"maintainers":[{"name":"timrwood","email":"washwithcare@gmail.com"},{"name":"ichernev","email":"iskren.chernev@gmail.com"}],"_npmOperationalInternal":{"host":"packages-13-west.internal.npmjs.com","tmp":"tmp/moment-2.12.0.tgz_1457342616857_0.9301705942489207"},"directories":{}},"2.13.0":{"name":"moment","version":"2.13.0","description":"Parse, validate, manipulate, and display dates","homepage":"http://momentjs.com","author":{"name":"Iskren Ivov Chernev","email":"iskren.chernev@gmail.com","url":"https://github.com/ichernev"},"contributors":[{"name":"Tim Wood","email":"washwithcare@gmail.com","url":"http://timwoodcreates.com/"},{"name":"Rocky Meza","url":"http://rockymeza.com"},{"name":"Matt Johnson","email":"mj1856@hotmail.com","url":"http://codeofmatt.com"},{"name":"Isaac Cambron","email":"isaac@isaaccambron.com","url":"http://isaaccambron.com"},{"name":"Andre Polykanine","email":"andre@oire.org","url":"https://github.com/oire"}],"keywords":["moment","date","time","parse","format","validate","i18n","l10n","ender"],"main":"./moment.js","typings":"./moment.d.ts","engines":{"node":"*"},"repository":{"type":"git","url":"https://github.com/moment/moment.git"},"bugs":{"url":"https://github.com/moment/moment/issues"},"license":"MIT","devDependencies":{"uglify-js":"latest","es6-promise":"latest","grunt":"~0.4","grunt-cli":"latest","benchmark":"latest","esperanto":"latest","grunt-contrib-clean":"latest","grunt-contrib-concat":"latest","grunt-contrib-copy":"latest","grunt-contrib-jshint":"latest","grunt-contrib-uglify":"latest","grunt-contrib-watch":"latest","grunt-env":"latest","grunt-jscs":"latest","grunt-karma":"latest","grunt-nuget":"latest","grunt-benchmark":"latest","grunt-string-replace":"latest","grunt-exec":"latest","load-grunt-tasks":"latest","karma":"latest","karma-chrome-launcher":"latest","karma-firefox-launcher":"latest","karma-qunit":"latest","karma-sauce-launcher":"latest","qunit":"^0.7.5","qunit-cli":"^0.1.4","spacejam":"latest","coveralls":"^2.11.2","nyc":"^2.1.4"},"ender":"./ender.js","dojoBuild":"package.js","jspm":{"files":["moment.js","locale"],"map":{"moment":"./moment"},"buildConfig":{"uglify":true}},"scripts":{"test":"grunt test","coverage":"nyc npm test && nyc report","coveralls":"nyc npm test && nyc report --reporter=text-lcov | coveralls"},"spm":{"main":"moment.js","output":["locale/*.js"]},"_id":"moment@2.13.0","dist":{"shasum":"24162d99521e6d40f99ae6939e806d2139eaac52","tarball":"https://registry.npmjs.org/moment/-/moment-2.13.0.tgz"},"_from":".","_npmVersion":"1.4.6","_npmUser":{"name":"ichernev","email":"iskren.chernev@gmail.com"},"maintainers":[{"name":"timrwood","email":"washwithcare@gmail.com"},{"name":"ichernev","email":"iskren.chernev@gmail.com"}],"_npmOperationalInternal":{"host":"packages-16-east.internal.npmjs.com","tmp":"tmp/moment-2.13.0.tgz_1460965287679_0.1848272318020463"},"directories":{}}},"maintainers":[{"name":"timrwood","email":"washwithcare@gmail.com"},{"name":"ichernev","email":"iskren.chernev@gmail.com"}],"time":{"modified":"2016-04-18T07:41:30.471Z","created":"2011-10-17T20:04:22.876Z","1.0.0":"2011-12-06T18:33:55.051Z","1.0.1":"2011-12-06T18:33:55.051Z","1.1.0":"2011-10-27T23:21:29.770Z","1.1.1":"2011-11-11T19:16:16.504Z","1.2.0":"2011-12-06T18:33:55.051Z","1.3.0":"2012-01-05T17:51:50.298Z","1.4.0":"2012-02-03T19:16:23.207Z","1.5.0":"2012-03-19T19:44:26.563Z","1.5.1":"2012-04-06T02:08:35.747Z","1.6.0":"2012-04-26T16:50:34.866Z","1.6.1":"2012-04-26T22:30:43.479Z","1.6.2":"2012-05-04T17:20:44.495Z","1.7.0":"2012-07-25T19:10:17.239Z","1.7.1":"2012-10-01T17:33:50.199Z","1.7.2":"2012-10-02T17:17:29.879Z","2.0.0":"2013-02-08T19:13:31.027Z","2.1.0":"2013-07-07T20:33:23.042Z","2.2.1":"2013-09-12T08:39:11.211Z","2.3.0":"2013-10-07T08:30:07.796Z","2.3.1":"2013-10-09T02:38:41.218Z","2.4.0":"2013-10-27T02:26:21.876Z","2.5.0":"2013-12-23T21:09:20.525Z","2.5.1":"2014-01-22T09:28:48.138Z","2.6.0":"2014-04-12T16:39:28.034Z","2.7.0":"2014-06-12T07:05:28.881Z","2.8.0":"2014-07-31T06:14:42.643Z","2.8.1":"2014-08-01T17:21:34.509Z","2.8.2":"2014-08-22T13:55:16.784Z","2.8.3":"2014-09-05T08:06:50.383Z","2.8.4":"2014-11-19T04:47:55.514Z","2.9.0":"2015-01-08T15:01:53.935Z","2.10.0":"2015-04-07T05:47:55.150Z","2.10.1":"2015-04-09T04:35:40.706Z","2.10.2":"2015-04-09T06:39:49.763Z","2.10.3":"2015-05-13T07:54:06.071Z","2.10.5":"2015-07-26T09:33:20.719Z","2.10.6":"2015-07-28T04:45:30.983Z","2.11.0":"2016-01-02T23:38:44.509Z","2.11.1":"2016-01-09T13:17:52.618Z","2.11.2":"2016-02-03T22:47:57.749Z","2.12.0":"2016-03-07T09:23:38.456Z","2.13.0":"2016-04-18T07:41:30.471Z"},"author":{"name":"Iskren Ivov Chernev","email":"iskren.chernev@gmail.com","url":"https://github.com/ichernev"},"repository":{"type":"git","url":"https://github.com/moment/moment.git"},"users":{"285858315":true,"pid":true,"fgribreau":true,"appsunited":true,"hij1nx":true,"jxson":true,"maxmaximov":true,"sbruchmann":true,"dbrockman":true,"lemulot":true,"lupomontero":true,"romac":true,"dubban":true,"antonnguyen":true,"cybo42":true,"igorissen":true,"raitucarp":true,"netroy":true,"denisix":true,"spekkionu":true,"cedx":true,"pragmadash":true,"parroit":true,"fox":true,"poeticninja":true,"capelio":true,"gammasoft":true,"victorquinn":true,"oliversalzburg":true,"jamescostian":true,"themiddleman":true,"blakeembrey":true,"cilindrox":true,"mabotech":true,"leesei":true,"gustavorps":true,"jasonwbsg":true,"markstos":true,"greelgorke":true,"fmm":true,"alejonext":true,"evkline":true,"womjoy":true,"redbe4rd":true,"wentzt":true,"funroll":true,"stewartjarod":true,"nchmouli":true,"niccai":true,"operandom":true,"gabeio":true,"davidhalldor":true,"v6":true,"adamk":true,"runningtalus":true,"toogle":true,"developerworks":true,"humantriangle":true,"sampsa":true,"bengarrett":true,"mikend":true,"davidbaiguini":true,"chaowi":true,"oliboy50":true,"agent_9191":true,"fill":true,"edalorzo":true,"afollestad":true,"ambdxtrch":true,"adamdscott":true,"skinnybrit51":true,"maschs":true,"mabasic":true,"binnng":true,"goblindegook":true,"drspaceman":true,"herlon214":true,"devonning":true,"satans17":true,"imzack":true,"kikobeats":true,"solenoid":true,"leon.domingo":true,"pejulian":true,"jits":true,"tcauduro":true,"aqahtani":true,"orion-":true,"kmck":true,"quanlong":true,"jnath":true,"tehdb":true,"hutushen222":true,"jeffcann":true,"trusktr":true,"superlukas":true,"dgarlitt":true,"moimikey":true,"pingjiang":true,"claus":true,"ivangaravito":true,"silverbeetle":true,"pensierinmusica":true,"mihaiv":true,"dofy":true,"gdbtek":true,"themanspeaker":true,"barztm":true,"kws4679":true,"donnicky":true,"larixk":true,"smallsharptools":true,"mastayoda":true,"tcrammond":true,"eterna2":true,"vrfrnco":true,"pythonic":true,"vlad.rusu":true,"nguru":true,"stooboo":true,"eklem":true,"stephenhowells":true,"kaorun343":true,"f124275809":true,"frknbasaran":true,"kikar":true,"kenlimmj":true,"jeltok":true,"voxpelli":true,"princemaple":true,"sujith3g":true,"kenjisan4u":true,"oncletom":true,"eventhough":true,"zerodi":true,"pnevares":true,"johnsonj":true,"9joneg":true,"gregjopa":true,"marco.jahn":true,"wambulance":true,"kulakowka":true,"schnarald":true,"tcrowe":true,"kachar":true,"sahilsk":true,"ericlondon":true,"mostafazh":true,"tophsic":true,"seanjh":true,"danharper":true,"vitre":true,"vboctor":true,"robermac":true,"joaocunha":true,"tomjamescn":true,"stackdump":true,"sasquatch":true,"icognivator":true,"subchen":true,"monsterkodi":true,"fredev":true,"shaneli":true,"willhoag":true,"sessionbean":true,"rugare":true,"season19840122":true,"itonyyo":true,"rcastro":true,"oheard":true,"mrmartineau":true,"asereware":true,"456wyc":true,"mjwilliams":true,"sharper":true,"jcottam":true,"mathieuancelin":true,"xavierharrell":true,"dolymood":true,"richfoxton":true,"brandondoran":true,"j3kz":true,"jimkropa":true,"rosshal":true,"joris-van-der-wel":true,"jesusgoku":true,"jgreeley":true,"flftfqwxf":true,"rdcl":true,"thefriendlydev":true,"buzuli":true,"nukisman":true,"smd4":true,"kriswallsmith":true,"brandouellette":true,"klap-webdevelopment":true,"leodutra":true,"ysk8":true,"sanjaychaudhari":true,"maysay":true,"nanhualyq":true,"tmaciej":true,"luuhoangnam":true,"andriecool":true,"leejefon":true,"mfunkie":true,"damianof":true,"koslun":true,"sewillia":true,"cestrensem":true,"aslezak":true,"bpatel":true,"gochomugo":true,"sergiodxa":true,"adamkdean":true,"aaronchan":true,"wlfyit":true,"ocd_lionel":true,"justinshea":true,"fvcproductions":true,"pingprart":true,"ozshimon21":true,"gilbarbara":true,"geisslercom":true,"sunnylost":true,"amaynut":true,"davidfmiller":true,"m412c0":true,"ugarz":true,"tianyk":true,"cypark":true,"2dxgujun":true,"dbck":true,"warapitiya":true,"gztomas":true,"iliyat":true,"swak":true,"maninbucket":true,"flozz":true,"crazyjingling":true,"monkeymonk":true,"donvercety":true,"abruneau":true,"tim545":true,"karlbateman":true,"vishwasc":true,"josmardias":true,"jovenbarola":true,"daniilbabanin":true,"mamalat":true,"leroysalih":true,"berbaquero":true,"sappharx":true,"nketchum":true,"dreamineering":true,"nerdtastic":true,"acollins-ts":true,"jalcine":true,"markthethomas":true,"luizbills":true,"jonatasnona":true,"vwal":true,"nicholaslp":true,"demoive":true,"wander_lp":true,"chriskinsman":true,"karlbright":true,"esundahl":true,"sky3r":true,"gollojs":true,"mjurincic":true,"0x4c3p":true,"legacy":true,"lherediawoodward":true,"grantcarthew":true,"cliff":true,"hema":true,"jerkovicl":true,"knoja4":true,"blackwhite":true,"maxidev":true,"kparkov":true,"aitorllj93":true,"ramzesucr":true,"adriantavares":true,"bhill":true,"jkrenge":true,"xgqfrms":true,"andrew.medvedev":true,"iolo":true,"incendiary":true,"alectic":true,"glab":true,"jmorris":true,"rafal.szemraj":true,"wkaifang":true,"gluten":true,"temsa":true,"aman26":true,"dereklakin":true,"skl.2015":true,"sammyteahan":true,"mikepol":true,"andrewtlove":true,"twistieman":true,"nalindak":true,"luckyulin":true,"sidkb":true,"antanst":true,"sakthiifnotec":true,"noderat":true,"mattchue":true,"stany":true,"hallaji":true,"tobho":true,"clisun":true,"severide":true,"m80126colin":true,"bracketdash":true,"nickeljew":true,"jabbalaci":true,"alincode":true,"fistynuts":true,"ovrmrw":true,"zolrath":true,"traveltechymatt":true,"bojand":true,"geese98":true,"potnox":true,"makay":true,"cuiyongjian":true,"nicolasleger":true,"hacksalot":true,"piixiiees":true,"yatsu":true,"benstr":true,"rbartoli":true,"kaven276":true,"corca":true,"ramonfritsch":true,"barbarosh":true,"guilhermemachado":true,"gilvannfilho":true,"iancrowther":true,"kytart":true,"ridermansb":true,"enriched":true,"hughescr":true,"pwn":true,"crowelch":true,"timdp":true,"arbazsiddiqui":true,"ux_web":true,"ognivo":true,"bruinebeer":true,"hyteer":true,"hugojosefson":true,"apoutchika":true,"crusaderltd":true,"cfleschhut":true,"tedhoryczun":true,"coolhanddev":true,"raskawa":true,"ffxsam":true,"floriannagel":true,"shanemileham":true,"johnny.young":true,"demopark":true,"kekdude":true,"garenyondem":true,"nexume":true,"apehead":true,"weshigbee":true,"starknode":true,"hardball":true,"threeputted":true,"geooogle":true,"mreschke":true,"xxsnake28":true,"kuravih":true,"sebastiendaniel":true,"zapo":true,"orkisz":true,"tstringer":true,"shaomingquan":true,"neuromanc":true,"buru1020":true,"gvr37leo":true,"dubielzyk":true,"philiiiiiipp":true,"kehanshi":true,"roman-io":true,"thisiskun":true,"scytalezero":true,"lisafrench":true,"lijinghust":true,"pruettti":true,"jedateach":true,"troels.trvo.dk":true,"preschian":true,"koulmomo":true,"wangshijun":true,"dmikam":true,"dosevader":true,"monjer":true,"ripples.alive":true,"shaddyhm":true,"sebastian1118":true,"net-burst":true,"rmarques":true,"spanser":true,"dhampik":true,"kruemelo":true,"longman":true,"cognivator":true,"echaouchna":true,"kevteljeur":true,"diegorbaquero":true,"aldofunes":true,"smdhruve":true,"roxnz":true,"zhouanbo":true,"zoreslavgoral":true,"ajduke":true,"hypersprite":true,"dainov":true,"ahme-t":true,"erikvold":true,"occsceo":true,"garustar":true,"princetoad":true,"demod":true},"readme":"[![Join the chat at https://gitter.im/moment/moment](https://badges.gitter.im/Join%20Chat.svg)](https://gitter.im/moment/moment?utm_source=badge&utm_medium=badge&utm_campaign=pr-badge&utm_content=badge)\n\n[![NPM version][npm-version-image]][npm-url] [![NPM downloads][npm-downloads-image]][npm-url] [![MIT License][license-image]][license-url] [![Build Status][travis-image]][travis-url]\n[![Coverage Status](https://coveralls.io/repos/moment/moment/badge.svg?branch=develop)](https://coveralls.io/r/moment/moment?branch=develop)\n\nA lightweight JavaScript date library for parsing, validating, manipulating, and formatting dates.\n\n**[Documentation](http://momentjs.com/docs/)**\n\n## Port to ECMAScript 6 (version 2.10.0)\n\nMoment 2.10.0 does not bring any new features, but the code is now written in\nECMAScript 6 modules and placed inside `src/`. Previously `moment.js`, `locale/*.js` and\n`test/moment/*.js`, `test/locale/*.js` contained the source of the project. Now\nthe source is in `src/`, temporary build (ECMAScript 5) files are placed under\n`build/umd/` (for running tests during development), and the `moment.js` and\n`locale/*.js` files are updated only on release.\n\nIf you want to use a particular revision of the code, make sure to run\n`grunt transpile update-index`, so `moment.js` and `locales/*.js` are synced\nwith `src/*`. We might place that in a commit hook in the future.\n\n## Upgrading to 2.0.0\n\nThere are a number of small backwards incompatible changes with version 2.0.0. [See the full descriptions here](https://gist.github.com/timrwood/e72f2eef320ed9e37c51#backwards-incompatible-changes)\n\n * Changed language ordinal method to return the number + ordinal instead of just the ordinal.\n\n * Changed two digit year parsing cutoff to match strptime.\n\n * Removed `moment#sod` and `moment#eod` in favor of `moment#startOf` and `moment#endOf`.\n\n * Removed `moment.humanizeDuration()` in favor of `moment.duration().humanize()`.\n\n * Removed the lang data objects from the top level namespace.\n\n * Duplicate `Date` passed to `moment()` instead of referencing it.\n\n## [Changelog](https://github.com/moment/moment/blob/develop/CHANGELOG.md)\n\n## [Contributing](https://github.com/moment/moment/blob/develop/CONTRIBUTING.md)\n\nWe're looking for co-maintainers! If you want to become a master of time please\nwrite to [ichernev](https://github.com/ichernev).\n\n## License\n\nMoment.js is freely distributable under the terms of the [MIT license](https://github.com/moment/moment/blob/develop/LICENSE).\n\n[license-image]: http://img.shields.io/badge/license-MIT-blue.svg?style=flat\n[license-url]: LICENSE\n\n[npm-url]: https://npmjs.org/package/moment\n[npm-version-image]: http://img.shields.io/npm/v/moment.svg?style=flat\n[npm-downloads-image]: http://img.shields.io/npm/dm/moment.svg?style=flat\n\n[travis-url]: http://travis-ci.org/moment/moment\n[travis-image]: http://img.shields.io/travis/moment/moment/develop.svg?style=flat\n","readmeFilename":"README.md","homepage":"http://momentjs.com","keywords":["moment","date","time","parse","format","validate","i18n","l10n","ender"],"contributors":[{"name":"Tim Wood","email":"washwithcare@gmail.com","url":"http://timwoodcreates.com/"},{"name":"Rocky Meza","url":"http://rockymeza.com"},{"name":"Matt Johnson","email":"mj1856@hotmail.com","url":"http://codeofmatt.com"},{"name":"Isaac Cambron","email":"isaac@isaaccambron.com","url":"http://isaaccambron.com"},{"name":"Andre Polykanine","email":"andre@oire.org","url":"https://github.com/oire"}],"bugs":{"url":"https://github.com/moment/moment/issues"},"license":"MIT","_attachments":{},"_etag":"\"99SHVAWUGUYLGPV46KKJDVMHU\""}