{"_id":"dom-helpers","_rev":"34-33eddd982a8ed251c88204e3cdc3fd83","name":"dom-helpers","description":"tiny modular DOM lib for ie8+ ","dist-tags":{"latest":"2.4.0"},"versions":{"1.0.0":{"name":"dom-helpers","version":"1.0.0","description":"tiny modular DOM lib for ie8+ ","author":{"name":"Jason Quense","email":"monastic.panic@gmail.com"},"repository":{"type":"git","url":"https://github.com/jquense/dom-helpers"},"license":"MIT","keywords":["dom-helpers","react-component","dom","api","cross-browser","css","classlist","class","events","style","height","width"],"scripts":{"test":"karma start --single-run"},"babel":{"experimental":true,"loose":["all"],"whitelist":["es6.modules","es6.blockScoping","es6.arrowFunctions","es6.spread","es6.properties.computed","es6.properties.shorthand","es6.parameters.default","es6.parameters.rest","es6.templateLiterals","es7.objectRestSpread"]},"devDependencies":{"babel":"^4.7.2","babel-loader":"^4.2.0","chai":"^1.10.0","chai-as-promised":"^4.1.1","expect.js":"^0.3.1","get-saucelabs-browsers":"^1.0.1","gulp":"^3.8.10","gulp-babel-helpers":"^1.1.2","gulp-less":"^2.0.1","gulp-plumber":"^0.6.6","gulp-rename":"^1.2.0","karma":"~0.12.23","karma-html2js-preprocessor":"^0.1.0","karma-mocha":"~0.1.9","karma-mocha-reporter":"^0.3.1","karma-phantomjs-launcher":"~0.1.4","karma-sauce-launcher":"^0.2.3","karma-sourcemap-loader":"^0.3.4","karma-webpack":"^1.5.0","mocha":"~1.21.4","phantomjs":"~1.9.10","rimraf":"^2.2.8","simulant":"^0.1.3","sinon-chai":"^2.6.0"},"gitHead":"2fc49501d55717978b854b307940493df2494043","bugs":{"url":"https://github.com/jquense/dom-helpers/issues"},"homepage":"https://github.com/jquense/dom-helpers","_id":"dom-helpers@1.0.0","_shasum":"2b853208952b4fb72afb1884661b55349f1fcb4b","_from":".","_npmVersion":"1.4.27","_npmUser":{"name":"monastic.panic","email":"monastic.panic@gmail.com"},"maintainers":[{"name":"monastic.panic","email":"monastic.panic@gmail.com"}],"dist":{"shasum":"2b853208952b4fb72afb1884661b55349f1fcb4b","tarball":"https://registry.npmjs.org/dom-helpers/-/dom-helpers-1.0.0.tgz"},"directories":{}},"1.0.1":{"name":"dom-helpers","version":"1.0.1","description":"tiny modular DOM lib for ie8+ ","author":{"name":"Jason Quense","email":"monastic.panic@gmail.com"},"repository":{"type":"git","url":"https://github.com/jquense/dom-helpers"},"license":"MIT","keywords":["dom-helpers","react-component","dom","api","cross-browser","css","classlist","class","events","style","height","width"],"scripts":{"test":"karma start --single-run"},"babel":{"experimental":true,"loose":["all"],"whitelist":["es6.modules","es6.blockScoping","es6.arrowFunctions","es6.spread","es6.properties.computed","es6.properties.shorthand","es6.parameters.default","es6.parameters.rest","es6.templateLiterals","es7.objectRestSpread"]},"devDependencies":{"babel":"^4.7.2","babel-loader":"^4.2.0","chai":"^1.10.0","chai-as-promised":"^4.1.1","expect.js":"^0.3.1","get-saucelabs-browsers":"^1.0.1","gulp":"^3.8.10","gulp-babel-helpers":"^1.1.2","gulp-less":"^2.0.1","gulp-plumber":"^0.6.6","gulp-rename":"^1.2.0","karma":"~0.12.23","karma-html2js-preprocessor":"^0.1.0","karma-mocha":"~0.1.9","karma-mocha-reporter":"^0.3.1","karma-phantomjs-launcher":"~0.1.4","karma-sauce-launcher":"^0.2.3","karma-sourcemap-loader":"^0.3.4","karma-webpack":"^1.5.0","mocha":"~1.21.4","phantomjs":"~1.9.10","rimraf":"^2.2.8","simulant":"^0.1.3","sinon-chai":"^2.6.0"},"gitHead":"2fc49501d55717978b854b307940493df2494043","bugs":{"url":"https://github.com/jquense/dom-helpers/issues"},"homepage":"https://github.com/jquense/dom-helpers","_id":"dom-helpers@1.0.1","_shasum":"a641e4b5a6f1bec0c118fb07334db3dc9e439f5c","_from":".","_npmVersion":"1.4.27","_npmUser":{"name":"monastic.panic","email":"monastic.panic@gmail.com"},"maintainers":[{"name":"monastic.panic","email":"monastic.panic@gmail.com"}],"dist":{"shasum":"a641e4b5a6f1bec0c118fb07334db3dc9e439f5c","tarball":"https://registry.npmjs.org/dom-helpers/-/dom-helpers-1.0.1.tgz"},"directories":{}},"1.0.2":{"name":"dom-helpers","version":"1.0.2","description":"tiny modular DOM lib for ie8+ ","author":{"name":"Jason Quense","email":"monastic.panic@gmail.com"},"repository":{"type":"git","url":"https://github.com/jquense/dom-helpers"},"license":"MIT","keywords":["dom-helpers","react-component","dom","api","cross-browser","css","classlist","class","events","style","height","width"],"scripts":{"test":"karma start --single-run"},"babel":{"experimental":true,"loose":["all"],"whitelist":["es6.modules","es6.blockScoping","es6.arrowFunctions","es6.spread","es6.properties.computed","es6.properties.shorthand","es6.parameters.default","es6.parameters.rest","es6.templateLiterals","es7.objectRestSpread"]},"devDependencies":{"babel":"^4.7.2","babel-loader":"^4.2.0","chai":"^1.10.0","chai-as-promised":"^4.1.1","expect.js":"^0.3.1","get-saucelabs-browsers":"^1.0.1","gulp":"^3.8.10","gulp-babel-helpers":"^1.1.2","gulp-less":"^2.0.1","gulp-plumber":"^0.6.6","gulp-rename":"^1.2.0","karma":"~0.12.23","karma-html2js-preprocessor":"^0.1.0","karma-mocha":"~0.1.9","karma-mocha-reporter":"^0.3.1","karma-phantomjs-launcher":"~0.1.4","karma-sauce-launcher":"^0.2.3","karma-sourcemap-loader":"^0.3.4","karma-webpack":"^1.5.0","mocha":"~1.21.4","phantomjs":"~1.9.10","rimraf":"^2.2.8","simulant":"^0.1.3","sinon-chai":"^2.6.0"},"gitHead":"2fc49501d55717978b854b307940493df2494043","bugs":{"url":"https://github.com/jquense/dom-helpers/issues"},"homepage":"https://github.com/jquense/dom-helpers","_id":"dom-helpers@1.0.2","_shasum":"3371f0cc44a9aebbdc60d6c5dd84c03bdc147987","_from":".","_npmVersion":"1.4.27","_npmUser":{"name":"monastic.panic","email":"monastic.panic@gmail.com"},"maintainers":[{"name":"monastic.panic","email":"monastic.panic@gmail.com"}],"dist":{"shasum":"3371f0cc44a9aebbdc60d6c5dd84c03bdc147987","tarball":"https://registry.npmjs.org/dom-helpers/-/dom-helpers-1.0.2.tgz"},"directories":{}},"1.1.0":{"name":"dom-helpers","version":"1.1.0","description":"tiny modular DOM lib for ie8+ ","author":{"name":"Jason Quense","email":"monastic.panic@gmail.com"},"repository":{"type":"git","url":"https://github.com/jquense/dom-helpers"},"license":"MIT","keywords":["dom-helpers","react-component","dom","api","cross-browser","css","classlist","class","events","style","height","width"],"scripts":{"test":"karma start --single-run"},"babel":{"experimental":true,"loose":["all"],"whitelist":["es6.modules","es6.blockScoping","es6.arrowFunctions","es6.spread","es6.properties.computed","es6.properties.shorthand","es6.parameters.default","es6.parameters.rest","es6.templateLiterals","es7.objectRestSpread"]},"devDependencies":{"babel":"^4.7.2","babel-loader":"^4.2.0","chai":"^1.10.0","chai-as-promised":"^4.1.1","expect.js":"^0.3.1","get-saucelabs-browsers":"^1.0.1","gulp":"^3.8.10","gulp-babel-helpers":"^1.1.2","gulp-less":"^2.0.1","gulp-plumber":"^0.6.6","gulp-rename":"^1.2.0","karma":"~0.12.23","karma-html2js-preprocessor":"^0.1.0","karma-mocha":"~0.1.9","karma-mocha-reporter":"^0.3.1","karma-phantomjs-launcher":"~0.1.4","karma-sauce-launcher":"^0.2.3","karma-sourcemap-loader":"^0.3.4","karma-webpack":"^1.5.0","mocha":"~1.21.4","phantomjs":"~1.9.10","rimraf":"^2.2.8","simulant":"^0.1.3","sinon-chai":"^2.6.0"},"gitHead":"2fc49501d55717978b854b307940493df2494043","bugs":{"url":"https://github.com/jquense/dom-helpers/issues"},"homepage":"https://github.com/jquense/dom-helpers","_id":"dom-helpers@1.1.0","_shasum":"ea4eab5f870cb08b2f779c52d7164932429cd8b5","_from":".","_npmVersion":"1.4.27","_npmUser":{"name":"monastic.panic","email":"monastic.panic@gmail.com"},"maintainers":[{"name":"monastic.panic","email":"monastic.panic@gmail.com"}],"dist":{"shasum":"ea4eab5f870cb08b2f779c52d7164932429cd8b5","tarball":"https://registry.npmjs.org/dom-helpers/-/dom-helpers-1.1.0.tgz"},"directories":{}},"1.2.0":{"name":"dom-helpers","version":"1.2.0","description":"tiny modular DOM lib for ie8+ ","author":{"name":"Jason Quense","email":"monastic.panic@gmail.com"},"repository":{"type":"git","url":"https://github.com/jquense/dom-helpers"},"license":"MIT","keywords":["dom-helpers","react-component","dom","api","cross-browser","css","classlist","class","events","style","height","width"],"scripts":{"test":"karma start --single-run"},"babel":{"experimental":true,"loose":["all"],"whitelist":["es6.modules","es6.blockScoping","es6.arrowFunctions","es6.spread","es6.properties.computed","es6.properties.shorthand","es6.parameters.default","es6.parameters.rest","es6.templateLiterals","es7.objectRestSpread"]},"devDependencies":{"babel":"^4.7.2","babel-loader":"^4.2.0","chai":"^1.10.0","chai-as-promised":"^4.1.1","expect.js":"^0.3.1","get-saucelabs-browsers":"^1.0.1","gulp":"^3.8.10","gulp-babel-helpers":"^1.1.2","gulp-less":"^2.0.1","gulp-plumber":"^0.6.6","gulp-rename":"^1.2.0","karma":"~0.12.23","karma-html2js-preprocessor":"^0.1.0","karma-mocha":"~0.1.9","karma-mocha-reporter":"^0.3.1","karma-phantomjs-launcher":"~0.1.4","karma-sauce-launcher":"^0.2.3","karma-sourcemap-loader":"^0.3.4","karma-webpack":"^1.5.0","mocha":"~1.21.4","phantomjs":"~1.9.10","rimraf":"^2.2.8","simulant":"^0.1.3","sinon-chai":"^2.6.0"},"gitHead":"f2b85533000a1be56d902c526e3c234031dea932","bugs":{"url":"https://github.com/jquense/dom-helpers/issues"},"homepage":"https://github.com/jquense/dom-helpers","_id":"dom-helpers@1.2.0","_shasum":"4674a75ebc9f9c62df526d879f8356b87fb6b521","_from":".","_npmVersion":"1.4.27","_npmUser":{"name":"monastic.panic","email":"monastic.panic@gmail.com"},"maintainers":[{"name":"monastic.panic","email":"monastic.panic@gmail.com"}],"dist":{"shasum":"4674a75ebc9f9c62df526d879f8356b87fb6b521","tarball":"https://registry.npmjs.org/dom-helpers/-/dom-helpers-1.2.0.tgz"},"directories":{}},"1.2.1":{"name":"dom-helpers","version":"1.2.1","description":"tiny modular DOM lib for ie8+ ","author":{"name":"Jason Quense","email":"monastic.panic@gmail.com"},"repository":{"type":"git","url":"https://github.com/jquense/dom-helpers"},"license":"MIT","keywords":["dom-helpers","react-component","dom","api","cross-browser","css","classlist","class","events","style","height","width"],"scripts":{"test":"karma start --single-run"},"babel":{"experimental":true,"loose":["all"],"whitelist":["es6.modules","es6.blockScoping","es6.arrowFunctions","es6.spread","es6.properties.computed","es6.properties.shorthand","es6.parameters.default","es6.parameters.rest","es6.templateLiterals","es7.objectRestSpread"]},"devDependencies":{"babel":"^4.7.2","babel-loader":"^4.2.0","chai":"^1.10.0","chai-as-promised":"^4.1.1","expect.js":"^0.3.1","get-saucelabs-browsers":"^1.0.1","gulp":"^3.8.10","gulp-babel-helpers":"^1.1.2","gulp-less":"^2.0.1","gulp-plumber":"^0.6.6","gulp-rename":"^1.2.0","karma":"~0.12.23","karma-html2js-preprocessor":"^0.1.0","karma-mocha":"~0.1.9","karma-mocha-reporter":"^0.3.1","karma-phantomjs-launcher":"~0.1.4","karma-sauce-launcher":"^0.2.3","karma-sourcemap-loader":"^0.3.4","karma-webpack":"^1.5.0","mocha":"~1.21.4","phantomjs":"~1.9.10","rimraf":"^2.2.8","simulant":"^0.1.3","sinon-chai":"^2.6.0"},"gitHead":"dce9ae287e162b528e0944a30009d8e2c44ba6af","bugs":{"url":"https://github.com/jquense/dom-helpers/issues"},"homepage":"https://github.com/jquense/dom-helpers","_id":"dom-helpers@1.2.1","_shasum":"f256557703e0104baa38fe5809bb3a0b2c8b3713","_from":".","_npmVersion":"1.4.27","_npmUser":{"name":"monastic.panic","email":"monastic.panic@gmail.com"},"maintainers":[{"name":"monastic.panic","email":"monastic.panic@gmail.com"}],"dist":{"shasum":"f256557703e0104baa38fe5809bb3a0b2c8b3713","tarball":"https://registry.npmjs.org/dom-helpers/-/dom-helpers-1.2.1.tgz"},"directories":{}},"1.2.2":{"name":"dom-helpers","version":"1.2.2","description":"tiny modular DOM lib for ie8+ ","author":{"name":"Jason Quense","email":"monastic.panic@gmail.com"},"repository":{"type":"git","url":"https://github.com/jquense/dom-helpers"},"license":"MIT","keywords":["dom-helpers","react-component","dom","api","cross-browser","css","classlist","class","events","style","height","width"],"scripts":{"test":"karma start --single-run"},"babel":{"experimental":true,"loose":["all"],"whitelist":["es6.modules","es6.blockScoping","es6.arrowFunctions","es6.spread","es6.properties.computed","es6.properties.shorthand","es6.parameters.default","es6.parameters.rest","es6.templateLiterals","es7.objectRestSpread"]},"devDependencies":{"babel":"^4.7.2","babel-loader":"^4.2.0","chai":"^1.10.0","chai-as-promised":"^4.1.1","expect.js":"^0.3.1","get-saucelabs-browsers":"^1.0.1","gulp":"^3.8.10","gulp-babel-helpers":"^1.1.2","gulp-less":"^2.0.1","gulp-plumber":"^0.6.6","gulp-rename":"^1.2.0","karma":"~0.12.23","karma-html2js-preprocessor":"^0.1.0","karma-mocha":"~0.1.9","karma-mocha-reporter":"^0.3.1","karma-phantomjs-launcher":"~0.1.4","karma-sauce-launcher":"^0.2.3","karma-sourcemap-loader":"^0.3.4","karma-webpack":"^1.5.0","mocha":"~1.21.4","phantomjs":"~1.9.10","rimraf":"^2.2.8","simulant":"^0.1.3","sinon-chai":"^2.6.0"},"gitHead":"6698ed8f7db4479f7de8b4026d7b49760b791eba","bugs":{"url":"https://github.com/jquense/dom-helpers/issues"},"homepage":"https://github.com/jquense/dom-helpers","_id":"dom-helpers@1.2.2","_shasum":"fada4ebdf90edc1423f980654862e419bdee9773","_from":".","_npmVersion":"1.4.27","_npmUser":{"name":"monastic.panic","email":"monastic.panic@gmail.com"},"maintainers":[{"name":"monastic.panic","email":"monastic.panic@gmail.com"}],"dist":{"shasum":"fada4ebdf90edc1423f980654862e419bdee9773","tarball":"https://registry.npmjs.org/dom-helpers/-/dom-helpers-1.2.2.tgz"},"directories":{}},"1.2.3":{"name":"dom-helpers","version":"1.2.3","description":"tiny modular DOM lib for ie8+ ","author":{"name":"Jason Quense","email":"monastic.panic@gmail.com"},"repository":{"type":"git","url":"https://github.com/jquense/dom-helpers"},"license":"MIT","keywords":["dom-helpers","react-component","dom","api","cross-browser","css","classlist","class","events","style","height","width"],"scripts":{"test":"karma start --single-run"},"babel":{"experimental":true,"loose":["all"],"whitelist":["es6.modules","es6.blockScoping","es6.arrowFunctions","es6.spread","es6.properties.computed","es6.properties.shorthand","es6.parameters.default","es6.parameters.rest","es6.templateLiterals","es7.objectRestSpread"]},"devDependencies":{"babel":"^4.7.2","babel-loader":"^4.2.0","chai":"^1.10.0","chai-as-promised":"^4.1.1","expect.js":"^0.3.1","get-saucelabs-browsers":"^1.0.1","gulp":"^3.8.10","gulp-babel-helpers":"^1.1.2","gulp-less":"^2.0.1","gulp-plumber":"^0.6.6","gulp-rename":"^1.2.0","karma":"~0.12.23","karma-html2js-preprocessor":"^0.1.0","karma-mocha":"~0.1.9","karma-mocha-reporter":"^0.3.1","karma-phantomjs-launcher":"~0.1.4","karma-sauce-launcher":"^0.2.3","karma-sourcemap-loader":"^0.3.4","karma-webpack":"^1.5.0","mocha":"~1.21.4","phantomjs":"~1.9.10","rimraf":"^2.2.8","simulant":"^0.1.3","sinon-chai":"^2.6.0"},"gitHead":"72600f7bf722959f64dd6e772c5c46d39a0461ad","bugs":{"url":"https://github.com/jquense/dom-helpers/issues"},"homepage":"https://github.com/jquense/dom-helpers","_id":"dom-helpers@1.2.3","_shasum":"88138b15ba2c3d8bf05b27432dcf395552d3bf31","_from":".","_npmVersion":"1.4.27","_npmUser":{"name":"monastic.panic","email":"monastic.panic@gmail.com"},"maintainers":[{"name":"monastic.panic","email":"monastic.panic@gmail.com"}],"dist":{"shasum":"88138b15ba2c3d8bf05b27432dcf395552d3bf31","tarball":"https://registry.npmjs.org/dom-helpers/-/dom-helpers-1.2.3.tgz"},"directories":{}},"1.2.4":{"name":"dom-helpers","version":"1.2.4","description":"tiny modular DOM lib for ie8+ ","author":{"name":"Jason Quense","email":"monastic.panic@gmail.com"},"repository":{"type":"git","url":"https://github.com/jquense/dom-helpers"},"license":"MIT","keywords":["dom-helpers","react-component","dom","api","cross-browser","css","classlist","class","events","style","height","width"],"scripts":{"test":"karma start --single-run"},"babel":{"experimental":true,"loose":["all"],"whitelist":["es6.modules","es6.blockScoping","es6.arrowFunctions","es6.spread","es6.properties.computed","es6.properties.shorthand","es6.parameters.default","es6.parameters.rest","es6.templateLiterals","es7.objectRestSpread"]},"devDependencies":{"babel":"^4.7.2","babel-loader":"^4.2.0","chai":"^1.10.0","chai-as-promised":"^4.1.1","expect.js":"^0.3.1","get-saucelabs-browsers":"^1.0.1","gulp":"^3.8.10","gulp-babel-helpers":"^1.1.2","gulp-less":"^2.0.1","gulp-plumber":"^0.6.6","gulp-rename":"^1.2.0","karma":"~0.12.23","karma-html2js-preprocessor":"^0.1.0","karma-mocha":"~0.1.9","karma-mocha-reporter":"^0.3.1","karma-phantomjs-launcher":"~0.1.4","karma-sauce-launcher":"^0.2.3","karma-sourcemap-loader":"^0.3.4","karma-webpack":"^1.5.0","mocha":"~1.21.4","phantomjs":"~1.9.10","rimraf":"^2.2.8","simulant":"^0.1.3","sinon-chai":"^2.6.0"},"gitHead":"4e9d6e43d35ab7c9e605e3ad74705e42573f6068","bugs":{"url":"https://github.com/jquense/dom-helpers/issues"},"homepage":"https://github.com/jquense/dom-helpers","_id":"dom-helpers@1.2.4","_shasum":"49045b5317c49a4fa2a8cae1abbc03f67514dc37","_from":".","_npmVersion":"1.4.27","_npmUser":{"name":"monastic.panic","email":"monastic.panic@gmail.com"},"maintainers":[{"name":"monastic.panic","email":"monastic.panic@gmail.com"}],"dist":{"shasum":"49045b5317c49a4fa2a8cae1abbc03f67514dc37","tarball":"https://registry.npmjs.org/dom-helpers/-/dom-helpers-1.2.4.tgz"},"directories":{}},"1.3.1":{"name":"dom-helpers","version":"1.3.1","description":"tiny modular DOM lib for ie8+ ","author":{"name":"Jason Quense","email":"monastic.panic@gmail.com"},"repository":{"type":"git","url":"https://github.com/jquense/dom-helpers"},"license":"MIT","main":"index.js","keywords":["dom-helpers","react-component","dom","api","cross-browser","style","event","height","width","dom-helpers","class","classlist","css"],"scripts":{"test":"karma start --single-run","test-watch":"karma start","clean":"gulp clean","build":"gulp build"},"bugs":{"url":"https://github.com/jquense/dom-helpers/issues"},"homepage":"https://github.com/jquense/dom-helpers","_id":"dom-helpers@1.3.1","_shasum":"2a00763e78f088369fbe4c38c799ae9fa1fbcea3","_from":".","_npmVersion":"1.4.27","_npmUser":{"name":"monastic.panic","email":"monastic.panic@gmail.com"},"maintainers":[{"name":"monastic.panic","email":"monastic.panic@gmail.com"}],"dist":{"shasum":"2a00763e78f088369fbe4c38c799ae9fa1fbcea3","tarball":"https://registry.npmjs.org/dom-helpers/-/dom-helpers-1.3.1.tgz"},"directories":{}},"1.3.2":{"name":"dom-helpers","version":"1.3.2","description":"tiny modular DOM lib for ie8+ ","author":{"name":"Jason Quense","email":"monastic.panic@gmail.com"},"repository":{"type":"git","url":"https://github.com/jquense/dom-helpers"},"license":"MIT","main":"index.js","keywords":["dom-helpers","react-component","dom","api","cross-browser","style","event","height","width","dom-helpers","class","classlist","css"],"scripts":{"test":"karma start --single-run","test-watch":"karma start","clean":"gulp clean","build":"gulp build"},"bugs":{"url":"https://github.com/jquense/dom-helpers/issues"},"homepage":"https://github.com/jquense/dom-helpers","_id":"dom-helpers@1.3.2","_shasum":"8012489151e995d1a1884733f4f769147fdf6e97","_from":".","_npmVersion":"1.4.27","_npmUser":{"name":"monastic.panic","email":"monastic.panic@gmail.com"},"maintainers":[{"name":"monastic.panic","email":"monastic.panic@gmail.com"}],"dist":{"shasum":"8012489151e995d1a1884733f4f769147fdf6e97","tarball":"https://registry.npmjs.org/dom-helpers/-/dom-helpers-1.3.2.tgz"},"directories":{}},"1.3.3":{"name":"dom-helpers","version":"1.3.3","description":"tiny modular DOM lib for ie8+ ","author":{"name":"Jason Quense","email":"monastic.panic@gmail.com"},"repository":{"type":"git","url":"git+https://github.com/jquense/dom-helpers.git"},"license":"MIT","main":"index.js","keywords":["dom-helpers","react-component","dom","api","cross-browser","style","event","height","width","dom-helpers","class","classlist","css"],"scripts":{"test":"karma start --single-run","test-watch":"karma start","clean":"gulp clean","build":"gulp build"},"bugs":{"url":"https://github.com/jquense/dom-helpers/issues"},"homepage":"https://github.com/jquense/dom-helpers#readme","_id":"dom-helpers@1.3.3","_shasum":"84eeca63344e139058d57a8815083b4d91a065db","_from":".","_npmVersion":"2.12.1","_nodeVersion":"0.10.32","_npmUser":{"name":"monastic.panic","email":"monastic.panic@gmail.com"},"maintainers":[{"name":"monastic.panic","email":"monastic.panic@gmail.com"}],"dist":{"shasum":"84eeca63344e139058d57a8815083b4d91a065db","tarball":"https://registry.npmjs.org/dom-helpers/-/dom-helpers-1.3.3.tgz"},"directories":{}},"2.0.0":{"name":"dom-helpers","version":"2.0.0","description":"tiny modular DOM lib for ie8+ ","author":{"name":"Jason Quense","email":"monastic.panic@gmail.com"},"repository":{"type":"git","url":"git+https://github.com/jquense/dom-helpers.git"},"license":"MIT","main":"index.js","keywords":["dom-helpers","react-component","dom","api","cross-browser","style","event","height","width","dom-helpers","class","classlist","css"],"scripts":{"test":"karma start --single-run","test-watch":"karma start","clean":"gulp clean","build":"gulp build"},"bugs":{"url":"https://github.com/jquense/dom-helpers/issues"},"homepage":"https://github.com/jquense/dom-helpers#readme","_id":"dom-helpers@2.0.0","_shasum":"eb736cb22ef1ace34635dd98699766d868cb51a9","_from":".","_npmVersion":"2.13.3","_nodeVersion":"0.12.3","_npmUser":{"name":"monastic.panic","email":"monastic.panic@gmail.com"},"maintainers":[{"name":"monastic.panic","email":"monastic.panic@gmail.com"}],"dist":{"shasum":"eb736cb22ef1ace34635dd98699766d868cb51a9","tarball":"https://registry.npmjs.org/dom-helpers/-/dom-helpers-2.0.0.tgz"},"directories":{}},"2.1.0":{"name":"dom-helpers","version":"2.1.0","description":"tiny modular DOM lib for ie8+ ","author":{"name":"Jason Quense","email":"monastic.panic@gmail.com"},"repository":{"type":"git","url":"git+https://github.com/jquense/dom-helpers.git"},"license":"MIT","main":"index.js","keywords":["dom-helpers","react-component","dom","api","cross-browser","style","event","height","width","dom-helpers","class","classlist","css"],"scripts":{"test":"karma start --single-run","test-watch":"karma start","clean":"gulp clean","build":"gulp build"},"bugs":{"url":"https://github.com/jquense/dom-helpers/issues"},"homepage":"https://github.com/jquense/dom-helpers#readme","_id":"dom-helpers@2.1.0","_shasum":"0776dcb430dc46f011184e09bb6fc12c4b5ab55e","_from":".","_npmVersion":"2.13.3","_nodeVersion":"0.12.3","_npmUser":{"name":"monastic.panic","email":"monastic.panic@gmail.com"},"maintainers":[{"name":"monastic.panic","email":"monastic.panic@gmail.com"}],"dist":{"shasum":"0776dcb430dc46f011184e09bb6fc12c4b5ab55e","tarball":"https://registry.npmjs.org/dom-helpers/-/dom-helpers-2.1.0.tgz"},"directories":{}},"2.2.0":{"name":"dom-helpers","version":"2.2.0","description":"tiny modular DOM lib for ie8+ ","author":{"name":"Jason Quense","email":"monastic.panic@gmail.com"},"repository":{"type":"git","url":"git+https://github.com/jquense/dom-helpers.git"},"license":"MIT","main":"index.js","keywords":["dom-helpers","react-component","dom","api","cross-browser","style","event","height","width","dom-helpers","class","classlist","css"],"scripts":{"test":"karma start --single-run","test-watch":"karma start","clean":"gulp clean","build":"gulp build"},"bugs":{"url":"https://github.com/jquense/dom-helpers/issues"},"homepage":"https://github.com/jquense/dom-helpers#readme","_id":"dom-helpers@2.2.0","_shasum":"47b85e4f97c671502c6d12619efecb7a39f5d19b","_from":".","_npmVersion":"2.13.3","_nodeVersion":"0.12.3","_npmUser":{"name":"monastic.panic","email":"monastic.panic@gmail.com"},"maintainers":[{"name":"monastic.panic","email":"monastic.panic@gmail.com"}],"dist":{"shasum":"47b85e4f97c671502c6d12619efecb7a39f5d19b","tarball":"https://registry.npmjs.org/dom-helpers/-/dom-helpers-2.2.0.tgz"},"directories":{}},"2.2.2":{"name":"dom-helpers","version":"2.2.2","description":"tiny modular DOM lib for ie8+ ","author":{"name":"Jason Quense","email":"monastic.panic@gmail.com"},"repository":{"type":"git","url":"git+https://github.com/jquense/dom-helpers.git"},"license":"MIT","main":"index.js","keywords":["dom-helpers","react-component","dom","api","cross-browser","style","event","height","width","dom-helpers","class","classlist","css"],"scripts":{"test":"karma start --single-run","test-watch":"karma start","clean":"gulp clean","build":"gulp build"},"bugs":{"url":"https://github.com/jquense/dom-helpers/issues"},"homepage":"https://github.com/jquense/dom-helpers#readme","_id":"dom-helpers@2.2.2","_shasum":"634971ffdc00d7860fe1f0aab4bddb13a3b6231a","_from":".","_npmVersion":"2.13.3","_nodeVersion":"0.12.3","_npmUser":{"name":"monastic.panic","email":"monastic.panic@gmail.com"},"maintainers":[{"name":"monastic.panic","email":"monastic.panic@gmail.com"}],"dist":{"shasum":"634971ffdc00d7860fe1f0aab4bddb13a3b6231a","tarball":"https://registry.npmjs.org/dom-helpers/-/dom-helpers-2.2.2.tgz"},"directories":{}},"2.2.4":{"name":"dom-helpers","version":"2.2.4","description":"tiny modular DOM lib for ie8+ ","author":{"name":"Jason Quense","email":"monastic.panic@gmail.com"},"repository":{"type":"git","url":"git+https://github.com/jquense/dom-helpers.git"},"license":"MIT","main":"index.js","keywords":["dom-helpers","react-component","dom","api","cross-browser","style","event","height","width","dom-helpers","class","classlist","css"],"scripts":{"test":"karma start --single-run","test-watch":"karma start","clean":"gulp clean","build":"gulp build"},"bugs":{"url":"https://github.com/jquense/dom-helpers/issues"},"homepage":"https://github.com/jquense/dom-helpers#readme","_id":"dom-helpers@2.2.4","_shasum":"18826f9c5007b8fe38b965a8dd927d6767ee2dcb","_from":".","_npmVersion":"2.13.3","_nodeVersion":"0.12.3","_npmUser":{"name":"monastic.panic","email":"monastic.panic@gmail.com"},"maintainers":[{"name":"monastic.panic","email":"monastic.panic@gmail.com"}],"dist":{"shasum":"18826f9c5007b8fe38b965a8dd927d6767ee2dcb","tarball":"https://registry.npmjs.org/dom-helpers/-/dom-helpers-2.2.4.tgz"},"directories":{}},"2.3.0":{"name":"dom-helpers","version":"2.3.0","description":"tiny modular DOM lib for ie8+ ","author":{"name":"Jason Quense","email":"monastic.panic@gmail.com"},"repository":{"type":"git","url":"git+https://github.com/jquense/dom-helpers.git"},"license":"MIT","main":"index.js","keywords":["dom-helpers","react-component","dom","api","cross-browser","style","event","height","width","dom-helpers","class","classlist","css"],"scripts":{"test":"karma start --single-run","test-watch":"karma start","clean":"gulp clean","build":"gulp build"},"bugs":{"url":"https://github.com/jquense/dom-helpers/issues"},"homepage":"https://github.com/jquense/dom-helpers#readme","_id":"dom-helpers@2.3.0","_shasum":"13487683f1c394a8cfc75777a0a1435d7ad7b6c2","_from":".","_npmVersion":"2.13.3","_nodeVersion":"0.12.3","_npmUser":{"name":"monastic.panic","email":"monastic.panic@gmail.com"},"maintainers":[{"name":"monastic.panic","email":"monastic.panic@gmail.com"}],"dist":{"shasum":"13487683f1c394a8cfc75777a0a1435d7ad7b6c2","tarball":"https://registry.npmjs.org/dom-helpers/-/dom-helpers-2.3.0.tgz"},"directories":{}},"2.4.0":{"name":"dom-helpers","version":"2.4.0","description":"tiny modular DOM lib for ie8+ ","author":{"name":"Jason Quense","email":"monastic.panic@gmail.com"},"repository":{"type":"git","url":"git+https://github.com/jquense/dom-helpers.git"},"license":"MIT","main":"index.js","keywords":["dom-helpers","react-component","dom","api","cross-browser","style","event","height","width","dom-helpers","class","classlist","css"],"scripts":{"test":"karma start --single-run","tdd":"karma start","clean":"gulp clean","build":"gulp build"},"bugs":{"url":"https://github.com/jquense/dom-helpers/issues"},"homepage":"https://github.com/jquense/dom-helpers#readme","_id":"dom-helpers@2.4.0","_shasum":"9bb4b245f637367b1fa670274272aa28fe06c367","_from":".","_npmVersion":"2.13.3","_nodeVersion":"0.12.3","_npmUser":{"name":"monastic.panic","email":"monastic.panic@gmail.com"},"maintainers":[{"name":"monastic.panic","email":"monastic.panic@gmail.com"}],"dist":{"shasum":"9bb4b245f637367b1fa670274272aa28fe06c367","tarball":"https://registry.npmjs.org/dom-helpers/-/dom-helpers-2.4.0.tgz"},"directories":{}}},"readme":"ERROR: No README data found!","maintainers":[{"name":"monastic.panic","email":"monastic.panic@gmail.com"}],"time":{"modified":"2015-09-01T18:42:35.250Z","created":"2015-03-21T00:46:21.153Z","1.0.0":"2015-03-21T00:46:21.153Z","1.0.1":"2015-03-21T00:48:54.544Z","1.0.2":"2015-03-21T00:54:23.612Z","1.1.0":"2015-03-21T01:40:34.305Z","1.2.0":"2015-03-21T01:46:28.368Z","1.2.1":"2015-03-21T01:58:27.328Z","1.2.2":"2015-03-22T18:17:39.560Z","1.2.3":"2015-03-22T18:21:07.820Z","1.2.4":"2015-03-22T18:26:58.401Z","0.4.0":"2015-05-17T20:46:52.079Z","1.3.0":"2015-05-17T20:48:14.755Z","1.3.1":"2015-05-17T20:51:37.577Z","1.3.2":"2015-05-17T22:08:49.791Z","1.3.3":"2015-07-23T15:29:46.558Z","2.0.0":"2015-07-29T19:23:59.252Z","2.1.0":"2015-07-29T20:31:59.191Z","2.2.0":"2015-07-30T02:15:45.486Z","2.2.1":"2015-07-30T14:26:38.424Z","2.2.2":"2015-07-30T14:29:02.776Z","2.2.4":"2015-08-03T14:37:14.682Z","2.3.0":"2015-08-24T18:25:58.126Z","2.4.0":"2015-09-01T18:42:35.250Z"},"homepage":"https://github.com/jquense/dom-helpers#readme","keywords":["dom-helpers","react-component","dom","api","cross-browser","style","event","height","width","dom-helpers","class","classlist","css"],"repository":{"type":"git","url":"git+https://github.com/jquense/dom-helpers.git"},"author":{"name":"Jason Quense","email":"monastic.panic@gmail.com"},"bugs":{"url":"https://github.com/jquense/dom-helpers/issues"},"license":"MIT","readmeFilename":"","_attachments":{},"_etag":"\"6Z7CCK9T3N57Z1M9424T3S3AC\""}